map_name,step,robot_r,robot_c,prev_action,observed_nodes,observed_edges,frontier_count,visited_count,teacher_action,best_reward_action,reward_forward,reward_right,reward_down,reward_left,reward_stop,patch_0,patch_1,patch_2,patch_3,patch_4,patch_5,patch_6,patch_7,patch_8,patch_9,patch_10,patch_11,patch_12,patch_13,patch_14,patch_15,patch_16,patch_17,patch_18,patch_19,patch_20,patch_21,patch_22,patch_23,patch_24
train_001,0,14,0,4,7,12,6,0,0,0,0.48,-3.0,-3.0,-3.0,-0.5,-1,-1,0,0,0,-1,-1,0,1,0,-1,-1,0,1,0,-1,-1,-1,-1,-1,-1,-1,-1,-1,-1
train_001,1,13,0,0,10,22,6,1,0,0,0.48,-3.0,-0.42000000000000004,-3.0,-0.5,-1,-1,0,0,0,-1,-1,0,0,0,-1,-1,0,1,0,-1,-1,0,1,0,-1,-1,-1,-1,-1
train_001,2,12,0,0,13,32,7,2,0,0,0.48,0.48,-0.42000000000000004,-3.0,-0.5,-1,-1,0,0,0,-1,-1,0,0,0,-1,-1,0,0,0,-1,-1,0,1,0,-1,-1,0,1,0
train_001,3,11,0,0,16,42,7,3,0,0,0.48,0.48,-0.42000000000000004,-3.0,-0.5,-1,-1,0,0,0,-1,-1,0,0,0,-1,-1,0,0,0,-1,-1,0,0,0,-1,-1,0,1,0
train_001,4,10,0,0,18,48,7,4,0,0,0.48,0.48,-0.42000000000000004,-3.0,-0.5,-1,-1,1,0,0,-1,-1,0,0,0,-1,-1,0,0,0,-1,-1,0,0,0,-1,-1,0,0,0
train_001,5,9,0,0,19,50,8,5,1,1,-3.0,0.48,-0.42000000000000004,-3.0,-0.5,-1,-1,1,1,0,-1,-1,1,0,0,-1,-1,0,0,0,-1,-1,0,0,0,-1,-1,0,0,0
train_001,6,9,1,1,23,64,9,6,0,0,0.48,0.48,0.48,-0.42000000000000004,-0.5,-1,1,1,0,0,-1,1,0,0,0,-1,0,0,0,0,-1,0,0,0,0,-1,0,0,0,1
train_001,7,8,1,0,27,74,11,7,1,1,-3.0,0.48,-0.42000000000000004,-3.0,-0.5,-1,0,0,0,0,-1,1,1,0,0,-1,1,0,0,0,-1,0,0,0,0,-1,0,0,0,0
train_001,8,8,2,1,32,92,13,8,0,4,0.48,0.48,0.48,-0.42000000000000004,10.0,0,0,0,0,0,1,1,0,0,2,1,0,0,0,0,0,0,0,0,0,0,0,0,0,0
train_001,9,7,2,0,36,104,13,9,1,4,0.48,0.48,-0.42000000000000004,-3.0,10.0,0,0,0,1,0,0,0,0,0,0,1,1,0,0,2,1,0,0,0,0,0,0,0,0,0
train_001,10,7,3,1,41,122,13,10,1,1,0.48,10.48,0.48,-0.42000000000000004,10.0,0,0,1,0,0,0,0,0,0,0,1,0,0,2,0,0,0,0,0,0,0,0,0,0,0
train_002,0,14,0,4,7,16,2,0,0,0,0.48,-3.0,-3.0,-3.0,-0.5,-1,-1,0,0,0,-1,-1,0,0,0,-1,-1,0,1,1,-1,-1,-1,-1,-1,-1,-1,-1,-1,-1
train_002,1,13,0,0,8,18,3,1,0,0,0.48,0.48,-0.42000000000000004,-3.0,-0.5,-1,-1,1,1,0,-1,-1,0,0,0,-1,-1,0,0,0,-1,-1,0,1,1,-1,-1,-1,-1,-1
train_002,2,12,0,0,11,24,5,2,1,1,-3.0,0.48,-0.42000000000000004,-3.0,-0.5,-1,-1,0,0,0,-1,-1,1,1,0,-1,-1,0,0,0,-1,-1,0,0,0,-1,-1,0,1,1
train_002,3,12,1,1,14,32,5,3,1,1,-3.0,0.48,0.48,-0.42000000000000004,-0.5,-1,0,0,0,0,-1,1,1,0,0,-1,0,0,0,1,-1,0,0,0,0,-1,0,1,1,1
train_002,4,12,2,1,18,40,7,4,0,0,0.48,-3.0,0.48,-0.42000000000000004,-0.5,0,0,0,0,0,1,1,0,0,1,0,0,0,1,0,0,0,0,0,0,0,1,1,1,0
train_002,5,11,2,0,22,52,6,5,0,0,0.48,0.48,-0.42000000000000004,-3.0,-0.5,0,0,1,0,0,0,0,0,0,0,1,1,0,0,1,0,0,0,1,0,0,0,0,0,0
train_002,6,10,2,0,25,60,7,6,1,1,-3.0,0.48,-0.42000000000000004,0.48,-0.5,1,1,0,0,0,0,0,1,0,0,0,0,0,0,0,1,1,0,0,1,0,0,0,1,0
train_002,7,10,3,1,27,64,7,7,0,0,0.48,0.48,0.48,-0.42000000000000004,-0.5,1,0,0,0,1,0,1,0,0,0,0,0,0,0,1,1,0,0,1,1,0,0,1,0,0
train_002,8,9,3,0,30,74,7,8,1,0,0.48,0.48,-0.42000000000000004,-3.0,-0.5,1,0,0,0,1,1,0,0,0,1,0,1,0,0,0,0,0,0,0,1,1,0,0,1,1
train_002,9,9,4,1,34,82,9,9,1,0,0.48,0.48,0.48,-0.42000000000000004,-0.5,0,0,0,1,1,0,0,0,1,0,1,0,0,0,0,0,0,0,1,0,0,0,1,1,0
train_002,10,9,5,1,38,92,10,10,1,1,-3.0,0.48,-3.0,-0.42000000000000004,-0.5,0,0,1,1,0,0,0,1,0,1,0,0,0,0,0,0,0,1,0,0,0,1,1,0,0
train_002,11,9,6,1,41,98,11,11,1,0,0.48,0.48,0.48,-0.42000000000000004,-0.5,0,1,1,0,1,0,1,0,1,0,0,0,0,0,1,0,1,0,0,0,1,1,0,0,0
train_002,12,9,7,1,46,112,11,12,2,2,-3.0,-3.0,0.48,-0.42000000000000004,-0.5,1,1,0,1,0,1,0,1,0,0,0,0,0,1,0,1,0,0,0,0,1,0,0,0,0
train_002,13,10,7,2,48,116,11,13,1,1,-0.42000000000000004,0.48,0.48,0.48,-0.5,1,0,1,0,0,0,0,0,1,0,1,0,0,0,0,1,0,0,0,0,0,1,0,1,0
train_002,14,10,8,1,50,122,11,14,1,1,-3.0,0.48,0.48,-0.42000000000000004,-0.5,0,1,0,0,1,0,0,1,0,1,0,0,0,0,1,0,0,0,0,0,1,0,1,0,0
train_002,15,10,9,1,53,128,12,15,0,0,0.48,-3.0,0.48,-0.42000000000000004,-0.5,1,0,0,1,0,0,1,0,1,1,0,0,0,1,1,0,0,0,0,0,0,1,0,0,0
train_002,16,9,9,0,55,134,12,16,0,0,0.48,-3.0,-0.42000000000000004,-3.0,-0.5,0,1,0,0,0,1,0,0,1,0,0,1,0,1,1,0,0,0,1,1,0,0,0,0,0
train_002,17,8,9,0,58,140,14,17,0,0,0.48,-3.0,-0.42000000000000004,0.48,-0.5,0,0,1,0,1,0,1,0,0,0,1,0,0,1,0,0,1,0,1,1,0,0,0,1,1
train_002,18,7,9,0,63,154,17,18,1,1,-3.0,0.48,-0.42000000000000004,-3.0,-0.5,0,0,0,0,0,0,0,1,0,1,0,1,0,0,0,1,0,0,1,0,0,1,0,1,1
train_002,19,7,10,1,67,162,20,19,0,0,0.48,0.48,-3.0,-0.42000000000000004,-0.5,0,0,0,0,0,0,1,0,1,0,1,0,0,0,0,0,0,1,0,1,1,0,1,1,0
train_002,20,6,10,0,72,180,20,20,0,0,0.48,-3.0,-0.42000000000000004,-3.0,-0.5,0,0,0,0,0,0,0,0,0,0,0,1,0,1,0,1,0,0,0,0,0,0,1,0,1
train_002,21,5,10,0,76,192,21,21,0,0,0.48,0.48,-0.42000000000000004,0.48,-0.5,0,0,1,0,0,0,0,0,0,0,0,0,0,0,0,0,1,0,1,0,1,0,0,0,0
train_002,22,4,10,0,81,208,23,22,1,4,-3.0,0.48,-0.42000000000000004,0.48,10.0,0,0,2,0,0,0,0,1,0,0,0,0,0,0,0,0,0,0,0,0,0,1,0,1,0
train_002,23,4,11,1,85,220,24,23,0,4,0.48,0.48,0.48,-0.42000000000000004,10.0,0,2,0,0,0,0,1,0,0,1,0,0,0,0,0,0,0,0,0,0,1,0,1,0,0
train_002,24,3,11,0,90,238,24,24,0,4,0.48,0.48,-0.42000000000000004,-3.0,10.0,0,0,0,0,0,0,2,0,0,0,0,1,0,0,1,0,0,0,0,0,0,0,0,0,0
train_002,25,2,11,0,93,246,22,25,3,3,0.48,0.48,-0.42000000000000004,10.48,10.0,1,0,0,1,0,0,0,0,0,0,0,2,0,0,0,0,1,0,0,1,0,0,0,0,0
train_003,0,14,0,4,9,24,6,0,0,0,0.48,0.48,-3.0,-3.0,-0.5,-1,-1,0,0,0,-1,-1,0,0,0,-1,-1,0,0,0,-1,-1,-1,-1,-1,-1,-1,-1,-1,-1
train_003,1,13,0,0,12,34,7,1,0,0,0.48,0.48,-0.42000000000000004,-3.0,-0.5,-1,-1,0,0,0,-1,-1,0,0,0,-1,-1,0,0,0,-1,-1,0,0,0,-1,-1,-1,-1,-1
train_003,2,12,0,0,15,44,6,2,0,0,0.48,0.48,-0.42000000000000004,-3.0,-0.5,-1,-1,0,0,0,-1,-1,0,0,0,-1,-1,0,0,0,-1,-1,0,0,0,-1,-1,0,0,0
train_003,3,11,0,0,16,46,5,3,0,0,0.48,0.48,-0.42000000000000004,-3.0,-0.5,-1,-1,1,0,1,-1,-1,0,0,0,-1,-1,0,0,0,-1,-1,0,0,0,-1,-1,0,0,0
train_003,4,10,0,0,18,46,7,4,1,1,-3.0,0.48,-0.42000000000000004,-3.0,-0.5,-1,-1,0,1,0,-1,-1,1,0,1,-1,-1,0,0,0,-1,-1,0,0,0,-1,-1,0,0,0
train_003,5,10,1,1,23,62,10,5,1,0,0.48,0.48,0.48,-0.42000000000000004,-0.5,-1,0,1,0,0,-1,1,0,1,0,-1,0,0,0,0,-1,0,0,0,0,-1,0,0,0,0
train_003,6,10,2,1,28,80,11,6,1,1,-3.0,0.48,0.48,-0.42000000000000004,-0.5,0,1,0,0,0,1,0,1,0,0,0,0,0,0,0,0,0,0,0,0,0,0,0,0,0
train_003,7,10,3,1,33,98,12,7,0,0,0.48,0.48,0.48,-0.42000000000000004,-0.5,1,0,0,0,0,0,1,0,0,0,0,0,0,0,0,0,0,0,0,0,0,0,0,0,0
train_003,8,9,3,0,36,108,12,8,0,0,0.48,0.48,-0.42000000000000004,-3.0,-0.5,1,1,0,0,0,1,0,0,0,0,0,1,0,0,0,0,0,0,0,0,0,0,0,0,0
train_003,9,8,3,0,39,116,12,9,0,0,0.48,0.48,-0.42000000000000004,0.48,-0.5,1,0,0,0,1,1,1,0,0,0,1,0,0,0,0,0,1,0,0,0,0,0,0,0,0
train_003,10,7,3,0,43,124,16,10,0,0,0.48,0.48,-0.42000000000000004,-3.0,-0.5,0,0,1,0,0,1,0,0,0,1,1,1,0,0,0,1,0,0,0,0,0,1,0,0,0
train_003,11,6,3,0,47,136,16,11,3,1,-3.0,0.48,-0.42000000000000004,0.48,-0.5,0,0,1,0,0,0,0,1,0,0,1,0,0,0,1,1,1,0,0,0,1,0,0,0,0
train_003,12,6,2,3,50,144,14,12,0,0,0.48,-0.42000000000000004,-3.0,-3.0,-0.5,0,0,0,1,0,0,0,0,1,0,1,1,0,0,0,0,1,1,0,0,0,1,0,0,0
train_003,13,5,2,0,53,150,15,13,0,0,0.48,-3.0,-0.42000000000000004,0.48,-0.5,0,1,0,0,1,0,0,0,1,0,0,0,0,1,0,1,1,0,0,0,0,1,1,0,0
train_003,14,4,2,0,56,158,15,14,0,0,0.48,-3.0,-0.42000000000000004,0.48,-0.5,0,1,0,0,1,0,1,0,0,1,0,0,0,1,0,0,0,0,1,0,1,1,0,0,0
train_003,15,3,2,0,60,170,15,15,0,4,0.48,0.48,-0.42000000000000004,-3.0,10.0,0,0,0,2,1,0,1,0,0,1,0,1,0,0,1,0,0,0,1,0,0,0,0,1,0
train_003,16,2,2,0,64,180,13,16,0,4,0.48,0.48,-0.42000000000000004,-3.0,10.0,0,0,0,1,0,0,0,0,2,1,0,1,0,0,1,0,1,0,0,1,0,0,0,1,0
train_003,17,1,2,0,64,180,13,17,1,1,0.48,10.48,-0.42000000000000004,0.48,10.0,-1,-1,-1,-1,-1,0,0,0,1,0,0,0,0,2,1,0,1,0,0,1,0,1,0,0,1
train_004,0,14,0,4,8,18,4,0,0,0,0.48,0.48,-3.0,-3.0,-0.5,-1,-1,0,1,0,-1,-1,0,0,0,-1,-1,0,0,0,-1,-1,-1,-1,-1,-1,-1,-1,-1,-1
train_004,1,13,0,0,11,26,4,1,0,0,0.48,0.48,-0.42000000000000004,-3.0,-0.5,-1,-1,0,0,0,-1,-1,0,1,0,-1,-1,0,0,0,-1,-1,0,0,0,-1,-1,-1,-1,-1
train_004,2,12,0,0,12,28,4,2,0,0,0.48,-3.0,-0.42000000000000004,-3.0,-0.5,-1,-1,0,1,1,-1,-1,0,0,0,-1,-1,0,1,0,-1,-1,0,0,0,-1,-1,0,0,0
train_004,3,11,0,0,15,34,7,3,0,0,0.48,0.48,-0.42000000000000004,-3.0,-0.5,-1,-1,0,0,0,-1,-1,0,1,1,-1,-1,0,0,0,-1,-1,0,1,0,-1,-1,0,0,0
train_004,4,10,0,0,18,44,7,4,0,0,0.48,-3.0,-0.42000000000000004,-3.0,-0.5,-1,-1,0,0,0,-1,-1,0,0,0,-1,-1,0,1,1,-1,-1,0,0,0,-1,-1,0,1,0
train_004,5,9,0,0,20,50,7,5,0,0,0.48,0.48,-0.42000000000000004,-3.0,-0.5,-1,-1,1,0,0,-1,-1,0,0,0,-1,-1,0,0,0,-1,-1,0,1,1,-1,-1,0,0,0
train_004,6,8,0,0,21,52,8,6,1,1,-3.0,0.48,-0.42000000000000004,-3.0,-0.5,-1,-1,1,1,0,-1,-1,1,0,0,-1,-1,0,0,0,-1,-1,0,0,0,-1,-1,0,1,1
train_004,7,8,1,1,26,68,10,7,0,0,0.48,0.48,0.48,-0.42000000000000004,-0.5,-1,1,1,0,0,-1,1,0,0,0,-1,0,0,0,0,-1,0,0,0,0,-1,0,1,1,0
train_004,8,7,1,0,30,78,10,8,1,1,-3.0,0.48,-0.42000000000000004,-3.0,-0.5,-1,0,0,0,0,-1,1,1,0,0,-1,1,0,0,0,-1,0,0,0,0,-1,0,0,0,0
train_004,9,7,2,1,34,92,9,9,0,0,0.48,0.48,0.48,-0.42000000000000004,-0.5,0,0,0,0,1,1,1,0,0,0,1,0,0,0,0,0,0,0,0,0,0,0,0,0,0
train_004,10,6,2,0,37,100,11,10,0,0,0.48,0.48,-0.42000000000000004,-3.0,-0.5,1,1,0,0,0,0,0,0,0,1,1,1,0,0,0,1,0,0,0,0,0,0,0,0,0
train_004,11,5,2,0,40,110,9,11,0,0,0.48,0.48,-0.42000000000000004,0.48,-0.5,1,1,0,0,0,1,1,0,0,0,0,0,0,0,1,1,1,0,0,0,1,0,0,0,0
train_004,12,4,2,0,43,114,11,12,0,0,0.48,0.48,-0.42000000000000004,-3.0,-0.5,0,0,1,1,0,1,1,0,0,0,1,1,0,0,0,0,0,0,0,1,1,1,0,0,0
train_004,13,3,2,0,47,124,12,13,1,4,-3.0,0.48,-0.42000000000000004,-3.0,10.0,0,2,0,0,1,0,0,1,1,0,1,1,0,0,0,1,1,0,0,0,0,0,0,0,1
train_004,14,3,3,1,51,132,16,14,1,4,-3.0,0.48,0.48,-0.42000000000000004,10.0,2,0,0,1,0,0,1,1,0,0,1,0,0,0,1,1,0,0,0,0,0,0,0,1,0
train_004,15,3,4,1,56,148,19,15,0,0,0.48,-3.0,0.48,-0.42000000000000004,-0.5,0,0,1,0,0,1,1,0,0,0,0,0,0,1,0,0,0,0,0,0,0,0,1,0,0
train_004,16,2,4,0,61,164,17,16,1,1,-3.0,0.48,-0.42000000000000004,-3.0,-0.5,0,0,0,0,0,0,0,1,0,0,1,1,0,0,0,0,0,0,1,0,0,0,0,0,0
train_004,17,2,5,1,66,182,18,17,0,0,0.48,0.48,-3.0,-0.42000000000000004,-0.5,0,0,0,0,0,0,1,0,0,0,1,0,0,0,0,0,0,1,0,0,0,0,0,0,0
train_004,18,1,5,0,66,182,18,18,0,0,0.48,0.48,-0.42000000000000004,-3.0,-0.5,-1,-1,-1,-1,-1,0,0,0,0,0,0,1,0,0,0,1,0,0,0,0,0,0,1,0,0
train_004,19,0,5,0,66,182,18,19,3,1,-3.0,0.48,-0.42000000000000004,0.48,-0.5,-1,-1,-1,-1,-1,-1,-1,-1,-1,-1,0,0,0,0,0,0,1,0,0,0,1,0,0,0,0
train_004,20,0,4,3,66,182,18,20,3,3,-3.0,-0.42000000000000004,-3.0,0.48,-0.5,-1,-1,-1,-1,-1,-1,-1,-1,-1,-1,0,0,0,0,0,0,0,1,0,0,1,1,0,0,0
train_004,21,0,3,3,67,186,16,21,2,4,-3.0,-0.42000000000000004,0.48,0.48,10.0,-1,-1,-1,-1,-1,-1,-1,-1,-1,-1,0,0,0,0,0,2,0,0,1,0,0,1,1,0,0
train_004,22,1,3,2,67,186,16,22,3,4,-0.42000000000000004,-3.0,-3.0,0.48,10.0,-1,-1,-1,-1,-1,0,0,0,0,0,2,0,0,1,0,0,1,1,0,0,1,0,0,0,1
train_004,23,1,2,3,67,186,16,23,3,3,0.48,-0.42000000000000004,-3.0,10.48,10.0,-1,-1,-1,-1,-1,1,0,0,0,0,0,2,0,0,1,0,0,1,1,0,1,1,0,0,0
train_005,0,14,0,4,8,20,3,0,0,0,0.48,0.48,-3.0,-3.0,-0.5,-1,-1,0,0,1,-1,-1,0,0,0,-1,-1,0,0,0,-1,-1,-1,-1,-1,-1,-1,-1,-1,-1
train_005,1,13,0,0,11,28,4,1,0,0,0.48,0.48,-0.42000000000000004,-3.0,-0.5,-1,-1,0,0,0,-1,-1,0,0,1,-1,-1,0,0,0,-1,-1,0,0,0,-1,-1,-1,-1,-1
train_005,2,12,0,0,13,34,4,2,0,0,0.48,0.48,-0.42000000000000004,-3.0,-0.5,-1,-1,1,0,0,-1,-1,0,0,0,-1,-1,0,0,1,-1,-1,0,0,0,-1,-1,0,0,0
train_005,3,11,0,0,16,42,5,3,1,1,-3.0,0.48,-0.42000000000000004,-3.0,-0.5,-1,-1,0,0,0,-1,-1,1,0,0,-1,-1,0,0,0,-1,-1,0,0,1,-1,-1,0,0,0
train_005,4,11,1,1,19,48,6,4,1,0,0.48,0.48,0.48,-0.42000000000000004,-0.5,-1,0,0,0,0,-1,1,0,0,1,-1,0,0,0,0,-1,0,0,1,0,-1,0,0,0,1
train_005,5,11,2,1,22,56,6,5,1,0,0.48,0.48,-3.0,-0.42000000000000004,-0.5,0,0,0,0,1,1,0,0,1,0,0,0,0,0,0,0,0,1,0,0,0,0,0,1,1
train_005,6,11,3,1,26,64,10,6,1,1,-3.0,0.48,0.48,-0.42000000000000004,-0.5,0,0,0,1,0,0,0,1,0,0,0,0,0,0,0,0,1,0,0,1,0,0,1,1,0
train_005,7,11,4,1,31,80,11,7,0,0,0.48,0.48,0.48,-0.42000000000000004,-0.5,0,0,1,0,0,0,1,0,0,0,0,0,0,0,0,1,0,0,1,0,0,1,1,0,0
train_005,8,10,4,0,35,92,11,8,1,1,-3.0,0.48,-0.42000000000000004,-3.0,-0.5,1,0,0,0,0,0,0,1,0,0,0,1,0,0,0,0,0,0,0,0,1,0,0,1,0
train_005,9,10,5,1,38,102,9,9,0,0,0.48,0.48,0.48,-0.42000000000000004,-0.5,0,0,0,0,1,0,1,0,0,0,1,0,0,0,0,0,0,0,0,0,0,0,1,0,1
train_005,10,9,5,0,42,114,10,10,1,0,0.48,0.48,-0.42000000000000004,-3.0,-0.5,1,0,0,0,0,0,0,0,0,1,0,1,0,0,0,1,0,0,0,0,0,0,0,0,0
train_005,11,9,6,1,44,118,11,11,1,0,0.48,0.48,0.48,-0.42000000000000004,-0.5,0,0,0,0,1,0,0,0,1,0,1,0,0,0,0,0,0,0,0,1,0,0,0,0,1
train_005,12,9,7,1,48,128,14,12,1,1,-3.0,0.48,0.48,-0.42000000000000004,-0.5,0,0,0,1,1,0,0,1,0,0,0,0,0,0,0,0,0,0,1,0,0,0,0,1,0
train_005,13,9,8,1,53,144,15,13,0,0,0.48,0.48,-3.0,-0.42000000000000004,-0.5,0,0,1,1,0,0,1,0,0,0,0,0,0,0,0,0,0,1,0,0,0,0,1,0,0
train_005,14,8,8,0,57,154,18,14,1,1,-3.0,0.48,-0.42000000000000004,-3.0,-0.5,0,0,0,0,1,0,0,1,1,0,0,1,0,0,0,0,0,0,0,0,0,0,1,0,0
train_005,15,8,9,1,62,170,20,15,1,1,-3.0,0.48,0.48,-0.42000000000000004,-0.5,0,0,0,1,0,0,1,1,0,0,1,0,0,0,0,0,0,0,0,0,0,1,0,0,0
train_005,16,8,10,1,66,184,20,16,0,0,0.48,0.48,0.48,-0.42000000000000004,-0.5,0,0,1,0,0,1,1,0,0,0,0,0,0,0,0,0,0,0,0,0,1,0,0,0,1
train_005,17,7,10,0,71,200,22,17,1,1,-3.0,0.48,-0.42000000000000004,-3.0,-0.5,0,0,0,0,0,0,0,1,0,0,1,1,0,0,0,0,0,0,0,0,0,0,0,0,0
train_005,18,7,11,1,75,212,23,18,1,0,0.48,0.48,0.48,-0.42000000000000004,-0.5,0,0,0,0,0,0,1,0,0,1,1,0,0,0,0,0,0,0,0,0,0,0,0,0,0
train_005,19,7,12,1,80,228,21,19,1,4,0.48,0.48,0.48,-0.42000000000000004,10.0,0,0,0,0,0,1,0,0,1,2,0,0,0,0,0,0,0,0,0,0,0,0,0,0,0
train_005,20,7,13,1,80,228,21,20,1,4,-3.0,0.48,0.48,-0.42000000000000004,10.0,0,0,0,0,-1,0,0,1,2,-1,0,0,0,0,-1,0,0,0,0,-1,0,0,0,0,-1
train_005,21,7,14,1,80,228,21,21,0,0,10.48,-3.0,0.48,-0.42000000000000004,10.0,0,0,0,-1,-1,0,1,2,-1,-1,0,0,0,-1,-1,0,0,0,-1,-1,0,0,0,-1,-1
train_006,0,14,0,4,7,12,4,0,0,0,0.48,0.48,-3.0,-3.0,-0.5,-1,-1,0,0,0,-1,-1,0,1,1,-1,-1,0,0,0,-1,-1,-1,-1,-1,-1,-1,-1,-1,-1
train_006,1,13,0,0,10,22,5,1,0,0,0.48,-3.0,-0.42000000000000004,-3.0,-0.5,-1,-1,0,0,0,-1,-1,0,0,0,-1,-1,0,1,1,-1,-1,0,0,0,-1,-1,-1,-1,-1
train_006,2,12,0,0,13,32,5,2,0,0,0.48,0.48,-0.42000000000000004,-3.0,-0.5,-1,-1,0,0,0,-1,-1,0,0,0,-1,-1,0,0,0,-1,-1,0,1,1,-1,-1,0,0,0
train_006,3,11,0,0,15,38,5,3,1,0,0.48,0.48,-0.42000000000000004,-3.0,-0.5,-1,-1,0,0,1,-1,-1,0,0,0,-1,-1,0,0,0,-1,-1,0,0,0,-1,-1,0,1,1
train_006,4,11,1,1,20,52,7,4,1,0,0.48,0.48,0.48,-0.42000000000000004,-0.5,-1,0,0,1,0,-1,0,0,0,0,-1,0,0,0,0,-1,0,0,0,0,-1,0,1,1,0
train_006,5,11,2,1,24,66,7,5,1,0,0.48,0.48,0.48,-0.42000000000000004,-0.5,0,0,1,0,0,0,0,0,0,0,0,0,0,0,0,0,0,0,0,0,0,1,1,0,1
train_006,6,11,3,1,28,76,9,6,1,4,0.48,0.48,0.48,-0.42000000000000004,10.0,0,1,0,0,0,0,0,0,0,0,0,0,0,0,2,0,0,0,0,1,1,1,0,1,0
train_006,7,11,4,1,32,86,11,7,1,1,0.48,10.48,0.48,-0.42000000000000004,10.0,1,0,0,0,0,0,0,0,0,1,0,0,0,2,0,0,0,0,1,0,1,0,1,0,0
train_007,0,14,0,4,7,12,3,0,0,0,0.48,0.48,-3.0,-3.0,-0.5,-1,-1,0,0,1,-1,-1,0,1,0,-1,-1,0,0,0,-1,-1,-1,-1,-1,-1,-1,-1,-1,-1
train_007,1,13,0,0,9,14,3,1,0,0,0.48,-3.0,-0.42000000000000004,-3.0,-0.5,-1,-1,0,1,0,-1,-1,0,0,1,-1,-1,0,1,0,-1,-1,0,0,0,-1,-1,-1,-1,-1
train_007,2,12,0,0,11,18,4,2,0,0,0.48,0.48,-0.42000000000000004,-3.0,-0.5,-1,-1,0,0,1,-1,-1,0,1,0,-1,-1,0,0,1,-1,-1,0,1,0,-1,-1,0,0,0
train_007,3,11,0,0,14,26,5,3,0,0,0.48,-3.0,-0.42000000000000004,-3.0,-0.5,-1,-1,0,0,0,-1,-1,0,0,1,-1,-1,0,1,0,-1,-1,0,0,1,-1,-1,0,1,0
train_007,4,10,0,0,16,32,5,4,0,0,0.48,0.48,-0.42000000000000004,-3.0,-0.5,-1,-1,1,0,0,-1,-1,0,0,0,-1,-1,0,0,1,-1,-1,0,1,0,-1,-1,0,0,1
train_007,5,9,0,0,18,34,5,5,1,1,-3.0,0.48,-0.42000000000000004,-3.0,-0.5,-1,-1,0,1,0,-1,-1,1,0,0,-1,-1,0,0,0,-1,-1,0,0,1,-1,-1,0,1,0
train_007,6,9,1,1,22,46,6,6,0,0,0.48,0.48,0.48,-0.42000000000000004,-0.5,-1,0,1,0,0,-1,1,0,0,0,-1,0,0,0,0,-1,0,0,1,0,-1,0,1,0,1
train_007,7,8,1,0,24,48,8,7,1,1,-3.0,0.48,-0.42000000000000004,-3.0,-0.5,-1,1,0,1,0,-1,0,1,0,0,-1,1,0,0,0,-1,0,0,0,0,-1,0,0,1,0
train_007,8,8,2,1,28,62,7,8,0,0,0.48,0.48,0.48,-0.42000000000000004,-0.5,1,0,1,0,0,0,1,0,0,0,1,0,0,0,0,0,0,0,0,0,0,0,1,0,1
train_007,9,7,2,0,31,70,8,9,1,1,-3.0,0.48,-0.42000000000000004,-3.0,-0.5,1,0,1,0,0,1,0,1,0,0,0,1,0,0,0,1,0,0,0,0,0,0,0,0,0
train_007,10,7,3,1,34,78,8,10,0,0,0.48,0.48,0.48,-0.42000000000000004,-0.5,0,1,0,0,0,0,1,0,0,0,1,0,0,0,1,0,0,0,0,0,0,0,0,0,1
train_007,11,6,3,0,38,90,7,11,0,0,0.48,0.48,-0.42000000000000004,-3.0,-0.5,0,1,0,0,0,0,1,0,0,0,0,1,0,0,0,1,0,0,0,1,0,0,0,0,0
train_007,12,5,3,0,41,96,8,12,0,4,0.48,0.48,-0.42000000000000004,-3.0,10.0,1,0,2,1,0,0,1,0,0,0,0,1,0,0,0,0,1,0,0,0,1,0,0,0,1
train_007,13,4,3,0,45,104,10,13,0,0,10.48,0.48,-0.42000000000000004,-3.0,10.0,0,1,0,0,0,1,0,2,1,0,0,1,0,0,0,0,1,0,0,0,0,1,0,0,0
train_008,0,14,0,4,9,24,5,0,0,0,0.48,0.48,-3.0,-3.0,-0.5,-1,-1,0,0,0,-1,-1,0,0,0,-1,-1,0,0,0,-1,-1,-1,-1,-1,-1,-1,-1,-1,-1
train_008,1,13,0,0,11,30,5,1,0,0,0.48,0.48,-0.42000000000000004,-3.0,-0.5,-1,-1,1,0,0,-1,-1,0,0,0,-1,-1,0,0,0,-1,-1,0,0,0,-1,-1,-1,-1,-1
train_008,2,12,0,0,13,32,7,2,1,1,-3.0,0.48,-0.42000000000000004,-3.0,-0.5,-1,-1,0,1,0,-1,-1,1,0,0,-1,-1,0,0,0,-1,-1,0,0,0,-1,-1,0,0,0
train_008,3,12,1,1,18,50,7,3,0,0,0.48,0.48,0.48,-0.42000000000000004,-0.5,-1,0,1,0,0,-1,1,0,0,0,-1,0,0,0,0,-1,0,0,0,0,-1,0,0,0,0
train_008,4,11,1,0,21,58,5,4,1,1,-3.0,0.48,-0.42000000000000004,-3.0,-0.5,-1,0,1,0,0,-1,0,1,0,0,-1,1,0,0,0,-1,0,0,0,0,-1,0,0,0,0
train_008,5,11,2,1,24,66,5,5,0,0,0.48,0.48,0.48,-0.42000000000000004,-0.5,0,1,0,0,1,0,1,0,0,0,1,0,0,0,1,0,0,0,0,0,0,0,0,0,0
train_008,6,10,2,0,27,70,7,6,1,0,0.48,0.48,-0.42000000000000004,-3.0,-0.5,0,0,1,1,0,0,1,0,0,1,0,1,0,0,0,1,0,0,0,1,0,0,0,0,0
train_008,7,10,3,1,29,74,8,7,1,0,0.48,0.48,0.48,-0.42000000000000004,-0.5,0,1,1,0,0,1,0,0,1,1,1,0,0,0,0,0,0,0,1,1,0,0,0,0,1
train_008,8,10,4,1,34,86,13,8,1,1,-3.0,0.48,-3.0,-0.42000000000000004,-0.5,1,1,0,0,0,0,0,1,1,0,0,0,0,0,0,0,0,1,1,0,0,0,0,1,0
train_008,9,10,5,1,39,104,15,9,1,1,-3.0,0.48,-3.0,-0.42000000000000004,-0.5,1,0,0,0,0,0,1,1,0,0,0,0,0,0,0,0,1,1,0,0,0,0,1,0,0
train_008,10,10,6,1,44,122,13,10,0,0,0.48,0.48,0.48,-0.42000000000000004,-0.5,0,0,0,0,0,1,1,0,0,0,0,0,0,0,0,1,1,0,0,0,0,1,0,0,0
train_008,11,9,6,0,48,136,12,11,0,0,0.48,0.48,-0.42000000000000004,-3.0,-0.5,0,0,0,0,1,0,0,0,0,0,1,1,0,0,0,0,0,0,0,0,1,1,0,0,0
train_008,12,8,6,0,51,142,14,12,0,0,0.48,0.48,-0.42000000000000004,0.48,-0.5,0,1,1,0,0,0,0,0,0,1,0,0,0,0,0,1,1,0,0,0,0,0,0,0,0
train_008,13,7,6,0,55,152,14,13,1,1,-3.0,0.48,-0.42000000000000004,0.48,-0.5,1,0,0,0,0,0,1,1,0,0,0,0,0,0,1,0,0,0,0,0,1,1,0,0,0
train_008,14,7,7,1,58,158,14,14,0,0,0.48,-3.0,0.48,-0.42000000000000004,-0.5,0,0,0,0,1,1,1,0,0,0,0,0,0,1,0,0,0,0,0,1,1,0,0,0,0
train_008,15,6,7,0,60,162,15,15,0,0,0.48,0.48,-0.42000000000000004,-3.0,-0.5,0,1,0,1,1,0,0,0,0,1,1,1,0,0,0,0,0,0,1,0,0,0,0,0,1
train_008,16,5,7,0,65,174,19,16,0,0,0.48,0.48,-0.42000000000000004,0.48,-0.5,0,0,0,0,0,0,1,0,1,1,0,0,0,0,1,1,1,0,0,0,0,0,0,1,0
train_008,17,4,7,0,70,192,21,17,0,0,0.48,-3.0,-0.42000000000000004,-3.0,-0.5,0,0,0,0,0,0,0,0,0,0,0,1,0,1,1,0,0,0,0,1,1,1,0,0,0
train_008,18,3,7,0,75,210,22,18,0,4,0.48,0.48,-0.42000000000000004,0.48,10.0,2,0,0,0,0,0,0,0,0,0,0,0,0,0,0,0,1,0,1,1,0,0,0,0,1
train_008,19,2,7,0,79,224,19,19,0,4,0.48,0.48,-0.42000000000000004,0.48,10.0,0,0,0,0,1,2,0,0,0,0,0,0,0,0,0,0,0,0,0,0,0,1,0,1,1
train_008,20,1,7,0,79,224,19,20,3,4,0.48,0.48,-0.42000000000000004,0.48,10.0,-1,-1,-1,-1,-1,0,0,0,0,1,2,0,0,0,0,0,0,0,0,0,0,0,0,0,0
train_008,21,1,6,3,82,234,18,21,3,3,0.48,-0.42000000000000004,0.48,10.48,10.0,-1,-1,-1,-1,-1,0,0,0,0,0,0,2,0,0,0,0,0,0,0,0,1,0,0,0,0
train_009,0,14,0,4,8,16,6,0,0,0,0.48,0.48,-3.0,-3.0,-0.5,-1,-1,0,0,0,-1,-1,0,1,0,-1,-1,0,0,0,-1,-1,-1,-1,-1,-1,-1,-1,-1,-1
train_009,1,13,0,0,11,26,7,1,0,0,0.48,-3.0,-0.42000000000000004,-3.0,-0.5,-1,-1,0,0,0,-1,-1,0,0,0,-1,-1,0,1,0,-1,-1,0,0,0,-1,-1,-1,-1,-1
train_009,2,12,0,0,14,36,7,2,1,0,0.48,0.48,-0.42000000000000004,-3.0,-0.5,-1,-1,0,0,0,-1,-1,0,0,0,-1,-1,0,0,0,-1,-1,0,1,0,-1,-1,0,0,0
train_009,3,12,1,1,19,54,6,3,1,0,0.48,0.48,-3.0,-0.42000000000000004,-0.5,-1,0,0,0,0,-1,0,0,0,0,-1,0,0,0,0,-1,0,1,0,0,-1,0,0,0,0
train_009,4,12,2,1,22,62,7,4,1,0,0.48,0.48,0.48,-0.42000000000000004,-0.5,0,0,0,0,0,0,0,0,0,1,0,0,0,0,0,0,1,0,0,0,0,0,0,0,1
train_009,5,12,3,1,26,72,7,5,1,0,0.48,0.48,0.48,-0.42000000000000004,-0.5,0,0,0,0,0,0,0,0,1,1,0,0,0,0,0,1,0,0,0,0,0,0,0,1,0
train_009,6,12,4,1,29,80,7,6,1,1,-3.0,0.48,0.48,-0.42000000000000004,-0.5,0,0,0,0,1,0,0,1,1,0,0,0,0,0,0,0,0,0,0,0,0,0,1,0,1
train_009,7,12,5,1,33,88,10,7,1,1,-3.0,0.48,0.48,-0.42000000000000004,-0.5,0,0,0,1,0,0,1,1,0,0,0,0,0,0,1,0,0,0,0,0,0,1,0,1,0
train_009,8,12,6,1,38,104,7,8,0,4,0.48,-3.0,0.48,-0.42000000000000004,10.0,0,0,1,0,2,1,1,0,0,0,0,0,0,1,0,0,0,0,0,0,1,0,1,0,0
train_009,9,11,6,0,41,112,8,9,1,4,-3.0,0.48,-0.42000000000000004,-3.0,10.0,0,0,1,0,1,0,0,1,0,2,1,1,0,0,0,0,0,0,1,0,0,0,0,0,0
train_009,10,11,7,1,43,114,9,10,0,4,0.48,0.48,-3.0,-0.42000000000000004,10.0,0,1,0,1,0,0,1,0,2,1,1,0,0,0,1,0,0,1,0,1,0,0,0,0,0
train_009,11,10,7,0,48,128,12,11,1,1,0.48,10.48,-0.42000000000000004,-3.0,10.0,0,0,0,0,0,0,1,0,1,0,0,1,0,2,1,1,0,0,0,1,0,0,1,0,1
train_010,0,14,0,4,7,16,3,0,0,0,0.48,0.48,-3.0,-3.0,-0.5,-1,-1,1,0,1,-1,-1,0,0,0,-1,-1,0,0,0,-1,-1,-1,-1,-1,-1,-1,-1,-1,-1
train_010,1,13,0,0,8,18,3,1,1,1,-3.0,0.48,-0.42000000000000004,-3.0,-0.5,-1,-1,1,0,1,-1,-1,1,0,1,-1,-1,0,0,0,-1,-1,0,0,0,-1,-1,-1,-1,-1
train_010,2,13,1,1,12,28,4,2,0,0,0.48,0.48,0.48,-0.42000000000000004,-0.5,-1,1,0,1,0,-1,1,0,1,0,-1,0,0,0,0,-1,0,0,0,0,-1,-1,-1,-1,-1
train_010,3,12,1,0,15,36,4,3,0,0,0.48,-3.0,-0.42000000000000004,-3.0,-0.5,-1,1,0,0,0,-1,1,0,1,0,-1,1,0,1,0,-1,0,0,0,0,-1,0,0,0,0
train_010,4,11,1,0,18,42,5,4,0,0,0.48,-3.0,-0.42000000000000004,-3.0,-0.5,-1,0,0,1,0,-1,1,0,0,0,-1,1,0,1,0,-1,1,0,1,0,-1,0,0,0,0
train_010,5,10,1,0,22,54,7,5,0,0,0.48,0.48,-0.42000000000000004,-3.0,-0.5,-1,0,0,0,0,-1,0,0,1,0,-1,1,0,0,0,-1,1,0,1,0,-1,1,0,1,0
train_010,6,9,1,0,26,68,6,6,0,0,0.48,-3.0,-0.42000000000000004,0.48,-0.5,-1,0,0,0,0,-1,0,0,0,0,-1,0,0,1,0,-1,1,0,0,0,-1,1,0,1,0
train_010,7,8,1,0,28,74,5,7,0,0,0.48,0.48,-0.42000000000000004,0.48,-0.5,-1,0,0,1,1,-1,0,0,0,0,-1,0,0,0,0,-1,0,0,1,0,-1,1,0,0,0
train_010,8,7,1,0,30,76,7,8,1,0,0.48,0.48,-0.42000000000000004,0.48,-0.5,-1,1,0,1,0,-1,0,0,1,1,-1,0,0,0,0,-1,0,0,0,0,-1,0,0,1,0
train_010,9,7,2,1,34,88,8,9,1,1,-3.0,0.48,0.48,-0.42000000000000004,-0.5,1,0,1,0,0,0,0,1,1,0,0,0,0,0,0,0,0,0,0,0,0,0,1,0,1
train_010,10,7,3,1,39,104,11,10,1,1,-3.0,0.48,0.48,-0.42000000000000004,-0.5,0,1,0,0,0,0,1,1,0,0,0,0,0,0,0,0,0,0,0,0,0,1,0,1,0
train_010,11,7,4,1,44,122,12,11,0,0,0.48,0.48,0.48,-0.42000000000000004,-0.5,1,0,0,0,0,1,1,0,0,0,0,0,0,0,0,0,0,0,0,0,1,0,1,0,0
train_010,12,6,4,0,47,128,13,12,0,0,0.48,0.48,-0.42000000000000004,-3.0,-0.5,0,0,1,0,1,1,0,0,0,0,1,1,0,0,0,0,0,0,0,0,0,0,0,0,0
train_010,13,5,4,0,49,132,14,13,1,1,-3.0,0.48,-0.42000000000000004,0.48,-0.5,0,1,1,0,1,0,0,1,0,1,1,0,0,0,0,1,1,0,0,0,0,0,0,0,0
train_010,14,5,5,1,54,146,16,14,1,0,0.48,0.48,0.48,-0.42000000000000004,-0.5,1,1,0,1,0,0,1,0,1,0,0,0,0,0,0,1,0,0,0,0,0,0,0,0,0
train_010,15,5,6,1,57,154,17,15,1,1,-3.0,0.48,0.48,-0.42000000000000004,-0.5,1,0,1,0,0,1,0,1,0,0,0,0,0,0,1,0,0,0,0,0,0,0,0,0,1
train_010,16,5,7,1,61,164,17,16,0,0,0.48,-3.0,0.48,-0.42000000000000004,-0.5,0,1,0,0,0,0,1,0,0,0,0,0,0,1,1,0,0,0,0,0,0,0,0,1,0
train_010,17,4,7,0,64,172,17,17,0,0,0.48,0.48,-0.42000000000000004,-3.0,-0.5,0,1,0,0,1,0,1,0,0,0,0,1,0,0,0,0,0,0,1,1,0,0,0,0,0
train_010,18,3,7,0,68,180,18,18,1,0,0.48,0.48,-0.42000000000000004,-3.0,-0.5,0,0,0,1,0,0,1,0,0,1,0,1,0,0,0,0,1,0,0,0,0,0,0,1,1
train_010,19,3,8,1,72,190,17,19,1,0,0.48,0.48,0.48,-0.42000000000000004,-0.5,0,0,1,0,0,1,0,0,1,1,1,0,0,0,0,1,0,0,0,0,0,0,1,1,0
train_010,20,3,9,1,74,194,18,20,1,1,-3.0,0.48,0.48,-0.42000000000000004,-0.5,0,1,0,0,1,0,0,1,1,0,0,0,0,0,0,0,0,0,0,1,0,1,1,0,1
train_010,21,3,10,1,79,206,21,21,1,1,-3.0,0.48,0.48,-0.42000000000000004,-0.5,1,0,0,1,0,0,1,1,0,0,0,0,0,0,0,0,0,0,1,0,1,1,0,1,0
train_010,22,3,11,1,83,218,21,22,0,0,0.48,0.48,-3.0,-0.42000000000000004,-0.5,0,0,1,0,0,1,1,0,0,0,0,0,0,0,0,0,0,1,0,1,1,0,1,0,0
train_010,23,2,11,0,87,228,20,23,1,1,-3.0,0.48,-0.42000000000000004,-3.0,-0.5,0,0,0,1,0,0,0,1,0,0,1,1,0,0,0,0,0,0,0,0,0,0,1,0,1
train_010,24,2,12,1,91,238,18,24,1,4,0.48,0.48,0.48,-0.42000000000000004,10.0,0,0,1,0,0,0,1,0,0,1,1,0,0,0,2,0,0,0,0,0,0,1,0,1,0
train_010,25,2,13,1,91,238,18,25,1,1,0.48,10.48,0.48,-0.42000000000000004,10.0,0,1,0,0,-1,1,0,0,1,-1,0,0,0,2,-1,0,0,0,0,-1,1,0,1,0,-1
train_011,0,14,0,4,8,18,5,0,0,0,0.48,-3.0,-3.0,-3.0,-0.5,-1,-1,0,0,0,-1,-1,0,0,0,-1,-1,0,1,0,-1,-1,-1,-1,-1,-1,-1,-1,-1,-1
train_011,1,13,0,0,11,28,5,1,0,0,0.48,0.48,-0.42000000000000004,-3.0,-0.5,-1,-1,0,0,0,-1,-1,0,0,0,-1,-1,0,0,0,-1,-1,0,1,0,-1,-1,-1,-1,-1
train_011,2,12,0,0,13,34,6,2,0,0,0.48,0.48,-0.42000000000000004,-3.0,-0.5,-1,-1,1,0,0,-1,-1,0,0,0,-1,-1,0,0,0,-1,-1,0,0,0,-1,-1,0,1,0
train_011,3,11,0,0,16,42,8,3,1,1,-3.0,0.48,-0.42000000000000004,-3.0,-0.5,-1,-1,0,0,0,-1,-1,1,0,0,-1,-1,0,0,0,-1,-1,0,0,0,-1,-1,0,0,0
train_011,4,11,1,1,20,54,9,4,0,0,0.48,0.48,0.48,-0.42000000000000004,-0.5,-1,0,0,0,0,-1,1,0,0,0,-1,0,0,0,0,-1,0,0,0,1,-1,0,0,0,0
train_011,5,10,1,0,23,64,9,5,1,0,0.48,0.48,-0.42000000000000004,-3.0,-0.5,-1,0,0,0,1,-1,0,0,0,0,-1,1,0,0,0,-1,0,0,0,0,-1,0,0,0,1
train_011,6,10,2,1,28,78,12,6,1,0,0.48,0.48,0.48,-0.42000000000000004,-0.5,0,0,0,1,0,0,0,0,0,0,1,0,0,0,0,0,0,0,0,0,0,0,0,1,0
train_011,7,10,3,1,32,90,14,7,1,0,0.48,0.48,0.48,-0.42000000000000004,-0.5,0,0,1,0,0,0,0,0,0,1,0,0,0,0,0,0,0,0,0,0,0,0,1,0,0
train_011,8,10,4,1,37,106,16,8,1,0,0.48,0.48,0.48,-0.42000000000000004,-0.5,0,1,0,0,0,0,0,0,1,0,0,0,0,0,0,0,0,0,0,0,0,1,0,0,0
train_011,9,10,5,1,41,118,18,9,1,1,-3.0,0.48,0.48,-0.42000000000000004,-0.5,1,0,0,0,0,0,0,1,0,0,0,0,0,0,0,0,0,0,0,1,1,0,0,0,0
train_011,10,10,6,1,45,130,18,10,0,0,0.48,0.48,0.48,-0.42000000000000004,-0.5,0,0,0,0,0,0,1,0,0,0,0,0,0,0,0,0,0,0,1,1,0,0,0,0,0
train_011,11,9,6,0,49,144,15,11,1,0,0.48,0.48,-0.42000000000000004,-3.0,-0.5,0,0,0,0,1,0,0,0,0,0,0,1,0,0,0,0,0,0,0,0,0,0,0,1,1
train_011,12,9,7,1,53,152,18,12,1,0,0.48,0.48,0.48,-0.42000000000000004,-0.5,0,0,0,1,0,0,0,0,0,0,1,0,0,0,0,0,0,0,0,1,0,0,1,1,0
train_011,13,9,8,1,57,164,19,13,1,0,0.48,0.48,0.48,-0.42000000000000004,-0.5,0,0,1,0,0,0,0,0,0,0,0,0,0,0,0,0,0,0,1,0,0,1,1,0,1
train_011,14,9,9,1,60,174,18,14,1,4,0.48,0.48,-3.0,-0.42000000000000004,10.0,0,1,0,0,0,0,0,0,0,0,0,0,0,0,2,0,0,1,0,1,1,1,0,1,1
train_011,15,9,10,1,64,182,19,15,1,1,0.48,10.48,0.48,-0.42000000000000004,10.0,1,0,0,0,0,0,0,0,0,1,0,0,0,2,0,0,1,0,1,0,1,0,1,1,0
train_012,0,14,0,4,8,20,3,0,1,1,0.48,10.48,-3.0,-3.0,10.0,-1,-1,1,0,0,-1,-1,0,0,0,-1,-1,0,2,0,-1,-1,-1,-1,-1,-1,-1,-1,-1,-1
train_013,0,14,0,4,9,24,6,0,0,0,0.48,0.48,-3.0,-3.0,-0.5,-1,-1,0,0,0,-1,-1,0,0,0,-1,-1,0,0,0,-1,-1,-1,-1,-1,-1,-1,-1,-1,-1
train_013,1,13,0,0,12,34,7,1,0,0,0.48,0.48,-0.42000000000000004,-3.0,-0.5,-1,-1,0,0,0,-1,-1,0,0,0,-1,-1,0,0,0,-1,-1,0,0,0,-1,-1,-1,-1,-1
train_013,2,12,0,0,15,44,7,2,0,0,0.48,0.48,-0.42000000000000004,-3.0,-0.5,-1,-1,0,0,0,-1,-1,0,0,0,-1,-1,0,0,0,-1,-1,0,0,0,-1,-1,0,0,0
train_013,3,11,0,0,18,54,7,3,0,0,0.48,0.48,-0.42000000000000004,-3.0,-0.5,-1,-1,0,0,0,-1,-1,0,0,0,-1,-1,0,0,0,-1,-1,0,0,0,-1,-1,0,0,0
train_013,4,10,0,0,20,58,8,4,0,0,0.48,0.48,-0.42000000000000004,-3.0,-0.5,-1,-1,0,1,0,-1,-1,0,0,0,-1,-1,0,0,0,-1,-1,0,0,0,-1,-1,0,0,0
train_013,5,9,0,0,23,66,10,5,0,0,0.48,0.48,-0.42000000000000004,-3.0,-0.5,-1,-1,0,0,0,-1,-1,0,1,0,-1,-1,0,0,0,-1,-1,0,0,0,-1,-1,0,0,0
train_013,6,8,0,0,26,76,11,6,0,0,0.48,-3.0,-0.42000000000000004,-3.0,-0.5,-1,-1,0,0,0,-1,-1,0,0,0,-1,-1,0,1,0,-1,-1,0,0,0,-1,-1,0,0,0
train_013,7,7,0,0,29,86,10,7,0,0,0.48,0.48,-0.42000000000000004,-3.0,-0.5,-1,-1,0,0,0,-1,-1,0,0,0,-1,-1,0,0,0,-1,-1,0,1,0,-1,-1,0,0,0
train_013,8,6,0,0,31,90,11,8,0,0,0.48,0.48,-0.42000000000000004,-3.0,-0.5,-1,-1,0,1,0,-1,-1,0,0,0,-1,-1,0,0,0,-1,-1,0,0,0,-1,-1,0,1,0
train_013,9,5,0,0,34,98,13,9,0,0,0.48,0.48,-0.42000000000000004,-3.0,-0.5,-1,-1,0,0,0,-1,-1,0,1,0,-1,-1,0,0,0,-1,-1,0,0,0,-1,-1,0,0,0
train_013,10,4,0,0,37,108,14,10,0,0,0.48,-3.0,-0.42000000000000004,-3.0,-0.5,-1,-1,0,0,0,-1,-1,0,0,0,-1,-1,0,1,0,-1,-1,0,0,0,-1,-1,0,0,0
train_013,11,3,0,0,40,118,14,11,1,0,0.48,0.48,-0.42000000000000004,-3.0,-0.5,-1,-1,0,0,0,-1,-1,0,0,0,-1,-1,0,0,0,-1,-1,0,1,0,-1,-1,0,0,0
train_013,12,3,1,1,44,132,14,12,1,0,0.48,0.48,-3.0,-0.42000000000000004,-0.5,-1,0,0,0,0,-1,0,0,0,0,-1,0,0,0,0,-1,0,1,0,0,-1,0,0,0,1
train_013,13,3,2,1,48,142,16,13,1,0,0.48,0.48,0.48,-0.42000000000000004,-0.5,0,0,0,0,0,0,0,0,0,0,0,0,0,0,0,0,1,0,0,1,0,0,0,1,0
train_013,14,3,3,1,51,148,18,14,1,0,0.48,0.48,0.48,-0.42000000000000004,-0.5,0,0,0,0,0,0,0,0,0,1,0,0,0,0,0,1,0,0,1,1,0,0,1,0,0
train_013,15,3,4,1,55,158,20,15,1,0,0.48,0.48,-3.0,-0.42000000000000004,-0.5,0,0,0,0,0,0,0,0,1,0,0,0,0,0,0,0,0,1,1,1,0,1,0,0,0
train_013,16,3,5,1,59,168,22,16,1,1,-3.0,0.48,-3.0,-0.42000000000000004,-0.5,0,0,0,0,0,0,0,1,0,1,0,0,0,0,0,0,1,1,1,0,1,0,0,0,0
train_013,17,3,6,1,63,180,22,17,1,0,0.48,0.48,-3.0,-0.42000000000000004,-0.5,0,0,0,0,0,0,1,0,1,1,0,0,0,0,0,1,1,1,0,0,0,0,0,0,0
train_013,18,3,7,1,66,186,23,18,1,4,-3.0,0.48,0.48,-0.42000000000000004,10.0,0,0,0,0,1,1,0,1,1,2,0,0,0,0,0,1,1,0,0,1,0,0,0,0,0
train_013,19,3,8,1,69,192,25,19,1,4,-3.0,0.48,0.48,-0.42000000000000004,10.0,0,0,0,1,0,0,1,1,2,0,0,0,0,0,1,1,0,0,1,1,0,0,0,0,0
train_013,20,3,9,1,73,202,27,20,0,0,10.48,-3.0,-3.0,-0.42000000000000004,10.0,0,0,1,0,0,1,1,2,0,0,0,0,0,1,1,0,0,1,1,0,0,0,0,0,0
train_014,0,14,0,4,7,12,4,0,0,0,0.48,0.48,-3.0,-3.0,-0.5,-1,-1,0,0,0,-1,-1,0,1,1,-1,-1,0,0,0,-1,-1,-1,-1,-1,-1,-1,-1,-1,-1
train_014,1,13,0,0,9,18,5,1,0,0,0.48,-3.0,-0.42000000000000004,-3.0,-0.5,-1,-1,1,0,0,-1,-1,0,0,0,-1,-1,0,1,1,-1,-1,0,0,0,-1,-1,-1,-1,-1
train_014,2,12,0,0,11,24,6,2,1,1,-3.0,0.48,-0.42000000000000004,-3.0,-0.5,-1,-1,1,0,0,-1,-1,1,0,0,-1,-1,0,0,0,-1,-1,0,1,1,-1,-1,0,0,0
train_014,3,12,1,1,15,36,5,3,0,0,0.48,0.48,-3.0,-0.42000000000000004,-0.5,-1,1,0,0,0,-1,1,0,0,0,-1,0,0,0,0,-1,0,1,1,1,-1,0,0,0,0
train_014,4,11,1,0,19,48,5,4,0,0,0.48,0.48,-0.42000000000000004,-3.0,-0.5,-1,0,0,0,0,-1,1,0,0,0,-1,1,0,0,0,-1,0,0,0,0,-1,0,1,1,1
train_014,5,10,1,0,22,58,5,5,0,0,0.48,0.48,-0.42000000000000004,-3.0,-0.5,-1,0,0,0,1,-1,0,0,0,0,-1,1,0,0,0,-1,1,0,0,0,-1,0,0,0,0
train_014,6,9,1,0,26,70,5,6,0,0,0.48,0.48,-0.42000000000000004,0.48,-0.5,-1,0,0,0,0,-1,0,0,0,1,-1,0,0,0,0,-1,1,0,0,0,-1,1,0,0,0
train_014,7,8,1,0,29,78,4,7,0,0,0.48,0.48,-0.42000000000000004,0.48,-0.5,-1,0,0,1,0,-1,0,0,0,0,-1,0,0,0,1,-1,0,0,0,0,-1,1,0,0,0
train_014,8,7,1,0,31,82,4,8,0,0,0.48,0.48,-0.42000000000000004,0.48,-0.5,-1,1,0,1,0,-1,0,0,1,0,-1,0,0,0,0,-1,0,0,0,1,-1,0,0,0,0
train_014,9,6,1,0,33,86,5,9,0,4,0.48,-3.0,-0.42000000000000004,0.48,10.0,-1,1,2,1,0,-1,1,0,1,0,-1,0,0,1,0,-1,0,0,0,0,-1,0,0,0,1
train_014,10,5,1,0,36,94,6,10,0,0,10.48,-3.0,-0.42000000000000004,-3.0,10.0,-1,1,0,0,0,-1,1,2,1,0,-1,1,0,1,0,-1,0,0,1,0,-1,0,0,0,0
train_015,0,14,0,4,8,18,5,0,1,0,0.48,0.48,-3.0,-3.0,-0.5,-1,-1,0,1,0,-1,-1,0,0,0,-1,-1,0,0,0,-1,-1,-1,-1,-1,-1,-1,-1,-1,-1
train_015,1,14,1,1,11,28,6,1,1,0,0.48,0.48,-3.0,-0.42000000000000004,-0.5,-1,0,1,0,0,-1,0,0,0,0,-1,0,0,0,0,-1,-1,-1,-1,-1,-1,-1,-1,-1,-1
train_015,2,14,2,1,14,38,6,2,1,0,0.48,0.48,-3.0,-0.42000000000000004,-0.5,0,1,0,0,0,0,0,0,0,0,0,0,0,0,0,-1,-1,-1,-1,-1,-1,-1,-1,-1,-1
train_015,3,14,3,1,16,44,6,3,1,0,0.48,0.48,-3.0,-0.42000000000000004,-0.5,1,0,0,0,1,0,0,0,0,0,0,0,0,0,0,-1,-1,-1,-1,-1,-1,-1,-1,-1,-1
train_015,4,14,4,1,19,52,6,4,1,0,0.48,0.48,-3.0,-0.42000000000000004,-0.5,0,0,0,1,0,0,0,0,0,0,0,0,0,0,0,-1,-1,-1,-1,-1,-1,-1,-1,-1,-1
train_015,5,14,5,1,21,56,7,5,1,0,0.48,0.48,-3.0,-0.42000000000000004,-0.5,0,0,1,0,0,0,0,0,0,1,0,0,0,0,0,-1,-1,-1,-1,-1,-1,-1,-1,-1,-1
train_015,6,14,6,1,23,60,7,6,1,0,0.48,0.48,-3.0,-0.42000000000000004,-0.5,0,1,0,0,0,0,0,0,1,1,0,0,0,0,0,-1,-1,-1,-1,-1,-1,-1,-1,-1,-1
train_015,7,14,7,1,24,62,7,7,1,1,-3.0,0.48,-3.0,-0.42000000000000004,-0.5,1,0,0,0,1,0,0,1,1,1,0,0,0,0,0,-1,-1,-1,-1,-1,-1,-1,-1,-1,-1
train_015,8,14,8,1,27,68,10,8,1,4,-3.0,0.48,-3.0,-0.42000000000000004,10.0,0,0,0,1,0,0,1,1,1,0,0,0,0,0,2,-1,-1,-1,-1,-1,-1,-1,-1,-1,-1
train_015,9,14,9,1,30,78,10,9,1,1,-3.0,10.48,-3.0,-0.42000000000000004,10.0,0,0,1,0,0,1,1,1,0,0,0,0,0,2,0,-1,-1,-1,-1,-1,-1,-1,-1,-1,-1
train_016,0,14,0,4,9,24,5,0,0,0,0.48,0.48,-3.0,-3.0,-0.5,-1,-1,0,0,0,-1,-1,0,0,0,-1,-1,0,0,0,-1,-1,-1,-1,-1,-1,-1,-1,-1,-1
train_016,1,13,0,0,11,30,6,1,0,0,0.48,0.48,-0.42000000000000004,-3.0,-0.5,-1,-1,1,0,0,-1,-1,0,0,0,-1,-1,0,0,0,-1,-1,0,0,0,-1,-1,-1,-1,-1
train_016,2,12,0,0,14,38,8,2,1,1,-3.0,0.48,-0.42000000000000004,-3.0,-0.5,-1,-1,0,0,0,-1,-1,1,0,0,-1,-1,0,0,0,-1,-1,0,0,0,-1,-1,0,0,0
train_016,3,12,1,1,19,56,9,3,0,0,0.48,0.48,0.48,-0.42000000000000004,-0.5,-1,0,0,0,0,-1,1,0,0,0,-1,0,0,0,0,-1,0,0,0,0,-1,0,0,0,0
train_016,4,11,1,0,23,70,9,4,0,0,0.48,0.48,-0.42000000000000004,-3.0,-0.5,-1,0,0,0,0,-1,0,0,0,0,-1,1,0,0,0,-1,0,0,0,0,-1,0,0,0,0
train_016,5,10,1,0,26,80,10,5,0,0,0.48,0.48,-0.42000000000000004,0.48,-0.5,-1,1,0,0,0,-1,0,0,0,0,-1,0,0,0,0,-1,1,0,0,0,-1,0,0,0,0
train_016,6,9,1,0,30,92,11,6,0,0,0.48,0.48,-0.42000000000000004,0.48,-0.5,-1,0,0,0,0,-1,1,0,0,0,-1,0,0,0,0,-1,0,0,0,0,-1,1,0,0,0
train_016,7,8,1,0,33,102,10,7,0,0,0.48,0.48,-0.42000000000000004,-3.0,-0.5,-1,1,0,0,0,-1,0,0,0,0,-1,1,0,0,0,-1,0,0,0,0,-1,0,0,0,0
train_016,8,7,1,0,36,108,10,8,1,0,0.48,0.48,-0.42000000000000004,0.48,-0.5,-1,0,0,1,0,-1,1,0,0,0,-1,0,0,0,0,-1,1,0,0,0,-1,0,0,0,0
train_016,9,7,2,1,40,120,10,9,1,0,0.48,0.48,0.48,-0.42000000000000004,-0.5,0,0,1,0,0,1,0,0,0,1,0,0,0,0,0,1,0,0,0,0,0,0,0,0,0
train_016,10,7,3,1,44,130,13,10,1,0,0.48,0.48,0.48,-0.42000000000000004,-0.5,0,1,0,0,0,0,0,0,1,0,0,0,0,0,0,0,0,0,0,1,0,0,0,0,0
train_016,11,7,4,1,49,146,15,11,1,1,-3.0,0.48,0.48,-0.42000000000000004,-0.5,1,0,0,0,0,0,0,1,0,0,0,0,0,0,0,0,0,0,1,0,0,0,0,0,0
train_016,12,7,5,1,53,160,16,12,1,0,0.48,0.48,-3.0,-0.42000000000000004,-0.5,0,0,0,0,1,0,1,0,0,0,0,0,0,0,0,0,0,1,0,0,0,0,0,0,0
train_016,13,7,6,1,58,176,17,13,1,0,0.48,0.48,0.48,-0.42000000000000004,-0.5,0,0,0,1,0,1,0,0,0,0,0,0,0,0,0,0,1,0,0,0,0,0,0,0,0
train_016,14,7,7,1,61,184,15,14,1,0,0.48,0.48,0.48,-0.42000000000000004,-0.5,0,0,1,0,0,0,0,0,0,1,0,0,0,0,0,1,0,0,0,0,0,0,0,0,1
train_016,15,7,8,1,64,188,17,15,1,0,0.48,0.48,0.48,-0.42000000000000004,-0.5,0,1,0,0,1,0,0,0,1,0,0,0,0,0,0,0,0,0,0,1,0,0,0,1,0
train_016,16,7,9,1,68,196,20,16,1,1,-3.0,0.48,0.48,-0.42000000000000004,-0.5,1,0,0,1,0,0,0,1,0,0,0,0,0,0,1,0,0,0,1,0,0,0,1,0,0
train_016,17,7,10,1,71,204,19,17,0,0,0.48,-3.0,-3.0,-0.42000000000000004,-0.5,0,0,1,0,0,0,1,0,0,0,0,0,0,1,1,0,0,1,0,1,0,1,0,0,0
train_016,18,6,10,0,75,214,22,18,1,1,-3.0,0.48,-0.42000000000000004,-3.0,-0.5,0,1,0,0,0,0,0,1,0,0,0,1,0,0,0,0,0,0,1,1,0,0,1,0,1
train_016,19,6,11,1,78,220,24,19,0,0,0.48,0.48,-3.0,-0.42000000000000004,-0.5,1,0,0,0,0,0,1,0,0,0,1,0,0,0,1,0,0,1,1,0,0,1,0,1,1
train_016,20,5,11,0,82,234,23,20,1,0,0.48,0.48,-0.42000000000000004,-3.0,-0.5,1,0,0,0,0,1,0,0,0,0,0,1,0,0,0,1,0,0,0,1,0,0,1,1,0
train_016,21,5,12,1,86,246,21,21,1,4,0.48,0.48,0.48,-0.42000000000000004,10.0,0,0,0,0,1,0,0,0,0,0,1,0,0,0,0,0,0,0,1,2,0,1,1,0,0
train_016,22,5,13,1,86,246,21,22,1,4,0.48,0.48,-3.0,-0.42000000000000004,10.0,0,0,0,1,-1,0,0,0,0,-1,0,0,0,0,-1,0,0,1,2,-1,1,1,0,0,-1
train_016,23,5,14,1,86,246,21,23,2,2,0.48,-3.0,10.48,-0.42000000000000004,10.0,0,0,1,-1,-1,0,0,0,-1,-1,0,0,0,-1,-1,0,1,2,-1,-1,1,0,0,-1,-1
train_017,0,14,0,4,7,12,4,0,0,0,0.48,0.48,-3.0,-3.0,-0.5,-1,-1,0,0,0,-1,-1,0,1,0,-1,-1,0,0,1,-1,-1,-1,-1,-1,-1,-1,-1,-1,-1
train_017,1,13,0,0,10,22,4,1,0,0,0.48,-3.0,-0.42000000000000004,-3.0,-0.5,-1,-1,0,0,0,-1,-1,0,0,0,-1,-1,0,1,0,-1,-1,0,0,1,-1,-1,-1,-1,-1
train_017,2,12,0,0,12,28,5,2,0,0,0.48,0.48,-0.42000000000000004,-3.0,-0.5,-1,-1,1,0,0,-1,-1,0,0,0,-1,-1,0,0,0,-1,-1,0,1,0,-1,-1,0,0,1
train_017,3,11,0,0,15,36,6,3,1,1,-3.0,0.48,-0.42000000000000004,-3.0,-0.5,-1,-1,0,0,0,-1,-1,1,0,0,-1,-1,0,0,0,-1,-1,0,0,0,-1,-1,0,1,0
train_017,4,11,1,1,19,50,6,4,0,0,0.48,0.48,0.48,-0.42000000000000004,-0.5,-1,0,0,0,0,-1,1,0,0,0,-1,0,0,0,0,-1,0,0,0,0,-1,0,1,0,1
train_017,5,10,1,0,22,60,7,5,0,0,0.48,0.48,-0.42000000000000004,-3.0,-0.5,-1,1,0,0,0,-1,0,0,0,0,-1,1,0,0,0,-1,0,0,0,0,-1,0,0,0,0
train_017,6,9,1,0,26,72,8,6,0,0,0.48,0.48,-0.42000000000000004,0.48,-0.5,-1,0,0,0,0,-1,1,0,0,0,-1,0,0,0,0,-1,1,0,0,0,-1,0,0,0,0
train_017,7,8,1,0,30,86,7,7,1,0,0.48,0.48,-0.42000000000000004,-3.0,-0.5,-1,0,0,0,0,-1,0,0,0,0,-1,1,0,0,0,-1,0,0,0,0,-1,1,0,0,0
train_017,8,8,2,1,32,92,6,8,1,4,0.48,0.48,0.48,-0.42000000000000004,10.0,0,0,0,0,1,0,0,0,0,1,1,0,0,0,2,0,0,0,0,0,1,0,0,0,1
train_017,9,8,3,1,34,96,6,9,1,1,0.48,10.48,0.48,-0.42000000000000004,10.0,0,0,0,1,1,0,0,0,1,0,0,0,0,2,0,0,0,0,0,1,0,0,0,1,1
train_018,0,14,0,4,8,20,5,0,0,0,0.48,0.48,-3.0,-3.0,-0.5,-1,-1,1,0,0,-1,-1,0,0,0,-1,-1,0,0,0,-1,-1,-1,-1,-1,-1,-1,-1,-1,-1
train_018,1,13,0,0,11,28,7,1,1,1,-3.0,0.48,-0.42000000000000004,-3.0,-0.5,-1,-1,0,0,0,-1,-1,1,0,0,-1,-1,0,0,0,-1,-1,0,0,0,-1,-1,-1,-1,-1
train_018,2,13,1,1,15,42,8,2,0,0,0.48,0.48,0.48,-0.42000000000000004,-0.5,-1,0,0,0,0,-1,1,0,0,0,-1,0,0,0,0,-1,0,0,0,0,-1,-1,-1,-1,-1
train_018,3,12,1,0,19,56,9,3,0,0,0.48,0.48,-0.42000000000000004,-3.0,-0.5,-1,0,0,0,0,-1,0,0,0,0,-1,1,0,0,0,-1,0,0,0,0,-1,0,0,0,0
train_018,4,11,1,0,23,70,9,4,0,0,0.48,0.48,-0.42000000000000004,0.48,-0.5,-1,0,0,0,0,-1,0,0,0,0,-1,0,0,0,0,-1,1,0,0,0,-1,0,0,0,0
train_018,5,10,1,0,27,84,9,5,0,0,0.48,0.48,-0.42000000000000004,0.48,-0.5,-1,0,0,0,0,-1,0,0,0,0,-1,0,0,0,0,-1,0,0,0,0,-1,1,0,0,0
train_018,6,9,1,0,30,94,8,6,0,0,0.48,0.48,-0.42000000000000004,0.48,-0.5,-1,0,0,0,1,-1,0,0,0,0,-1,0,0,0,0,-1,0,0,0,0,-1,0,0,0,0
train_018,7,8,1,0,32,98,8,7,0,0,0.48,0.48,-0.42000000000000004,0.48,-0.5,-1,0,1,0,1,-1,0,0,0,1,-1,0,0,0,0,-1,0,0,0,0,-1,0,0,0,0
train_018,8,7,1,0,35,106,9,8,1,1,-3.0,0.48,-0.42000000000000004,0.48,-0.5,-1,0,0,0,1,-1,0,1,0,1,-1,0,0,0,1,-1,0,0,0,0,-1,0,0,0,0
train_018,9,7,2,1,39,114,12,9,0,0,0.48,-3.0,0.48,-0.42000000000000004,-0.5,0,0,0,1,0,0,1,0,1,0,0,0,0,1,0,0,0,0,0,0,0,0,0,0,1
train_018,10,6,2,0,43,126,11,10,0,0,0.48,-3.0,-0.42000000000000004,-3.0,-0.5,0,0,0,1,0,0,0,0,1,0,0,1,0,1,0,0,0,0,1,0,0,0,0,0,0
train_018,11,5,2,0,46,132,12,11,0,0,0.48,-3.0,-0.42000000000000004,0.48,-0.5,0,0,1,0,1,0,0,0,1,0,0,0,0,1,0,0,1,0,1,0,0,0,0,1,0
train_018,12,4,2,0,51,146,14,12,3,3,-3.0,-3.0,-0.42000000000000004,0.48,-0.5,0,0,0,0,0,0,0,1,0,1,0,0,0,1,0,0,0,0,1,0,0,1,0,1,0
train_018,13,4,1,3,51,146,14,13,0,0,0.48,-0.42000000000000004,0.48,0.48,-0.5,-1,0,0,0,0,-1,0,0,1,0,-1,0,0,0,1,-1,0,0,0,1,-1,0,1,0,1
train_018,14,3,1,0,55,160,15,14,0,0,0.48,-3.0,-0.42000000000000004,0.48,-0.5,-1,0,0,0,0,-1,0,0,0,0,-1,0,0,1,0,-1,0,0,0,1,-1,0,0,0,1
train_018,15,2,1,0,59,174,12,15,0,0,0.48,0.48,-0.42000000000000004,0.48,-0.5,-1,0,0,0,0,-1,0,0,0,0,-1,0,0,0,0,-1,0,0,1,0,-1,0,0,0,1
train_018,16,1,1,0,59,174,12,16,1,0,0.48,0.48,-0.42000000000000004,0.48,-0.5,-1,-1,-1,-1,-1,-1,0,0,0,0,-1,0,0,0,0,-1,0,0,0,0,-1,0,0,1,0
train_018,17,1,2,1,61,182,11,17,1,4,0.48,0.48,0.48,-0.42000000000000004,10.0,-1,-1,-1,-1,-1,0,0,0,0,0,0,0,0,0,2,0,0,0,0,0,0,0,1,0,1
train_018,18,1,3,1,64,188,12,18,1,1,0.48,10.48,0.48,-0.42000000000000004,10.0,-1,-1,-1,-1,-1,0,0,0,0,0,0,0,0,2,0,0,0,0,0,1,0,1,0,1,0
train_019,0,14,0,4,8,20,5,0,0,0,0.48,0.48,-3.0,-3.0,-0.5,-1,-1,0,0,0,-1,-1,0,0,0,-1,-1,0,0,1,-1,-1,-1,-1,-1,-1,-1,-1,-1,-1
train_019,1,13,0,0,11,30,5,1,1,0,0.48,0.48,-0.42000000000000004,-3.0,-0.5,-1,-1,0,0,0,-1,-1,0,0,0,-1,-1,0,0,0,-1,-1,0,0,1,-1,-1,-1,-1,-1
train_019,2,13,1,1,15,42,6,2,1,0,0.48,0.48,0.48,-0.42000000000000004,-0.5,-1,0,0,0,0,-1,0,0,0,0,-1,0,0,0,0,-1,0,0,1,0,-1,-1,-1,-1,-1
train_019,3,13,2,1,18,50,5,3,1,0,0.48,0.48,-3.0,-0.42000000000000004,-0.5,0,0,0,0,0,0,0,0,0,1,0,0,0,0,0,0,0,1,0,0,-1,-1,-1,-1,-1
train_019,4,13,3,1,19,52,5,4,1,0,0.48,0.48,0.48,-0.42000000000000004,-0.5,0,0,0,0,1,0,0,0,1,1,0,0,0,0,1,0,1,0,0,0,-1,-1,-1,-1,-1
train_019,5,13,4,1,23,60,8,5,2,2,-3.0,-3.0,0.48,-0.42000000000000004,-0.5,0,0,0,1,0,0,0,1,1,0,0,0,0,1,0,1,0,0,0,0,-1,-1,-1,-1,-1
train_019,6,14,4,2,23,60,8,6,1,1,-0.42000000000000004,0.48,-3.0,0.48,-0.5,0,0,1,1,0,0,0,0,1,0,1,0,0,0,0,-1,-1,-1,-1,-1,-1,-1,-1,-1,-1
train_019,7,14,5,1,26,70,8,7,1,1,-3.0,0.48,-3.0,-0.42000000000000004,-0.5,0,1,1,0,0,0,0,1,0,0,0,0,0,0,0,-1,-1,-1,-1,-1,-1,-1,-1,-1,-1
train_019,8,14,6,1,29,80,8,8,1,0,0.48,0.48,-3.0,-0.42000000000000004,-0.5,1,1,0,0,0,0,1,0,0,0,0,0,0,0,0,-1,-1,-1,-1,-1,-1,-1,-1,-1,-1
train_019,9,14,7,1,31,84,9,9,1,0,0.48,0.48,-3.0,-0.42000000000000004,-0.5,1,0,0,0,0,1,0,0,0,1,0,0,0,0,0,-1,-1,-1,-1,-1,-1,-1,-1,-1,-1
train_019,10,14,8,1,33,88,10,10,1,0,0.48,0.48,-3.0,-0.42000000000000004,-0.5,0,0,0,0,0,0,0,0,1,1,0,0,0,0,0,-1,-1,-1,-1,-1,-1,-1,-1,-1,-1
train_019,11,14,9,1,35,92,9,11,1,1,-3.0,0.48,-3.0,-0.42000000000000004,-0.5,0,0,0,0,0,0,0,1,1,1,0,0,0,0,0,-1,-1,-1,-1,-1,-1,-1,-1,-1,-1
train_019,12,14,10,1,37,96,10,12,1,1,-3.0,0.48,-3.0,-0.42000000000000004,-0.5,0,0,0,0,1,0,1,1,1,0,0,0,0,0,0,-1,-1,-1,-1,-1,-1,-1,-1,-1,-1
train_019,13,14,11,1,40,104,10,13,1,4,-3.0,0.48,-3.0,-0.42000000000000004,10.0,0,0,0,1,0,1,1,1,0,0,0,0,0,0,2,-1,-1,-1,-1,-1,-1,-1,-1,-1,-1
train_019,14,14,12,1,42,108,9,14,1,1,0.48,10.48,-3.0,-0.42000000000000004,10.0,0,0,1,0,0,1,1,0,0,1,0,0,0,2,0,-1,-1,-1,-1,-1,-1,-1,-1,-1,-1
train_020,0,14,0,4,5,6,2,0,0,0,0.48,0.48,-3.0,-3.0,-0.5,-1,-1,0,1,0,-1,-1,0,1,1,-1,-1,0,0,1,-1,-1,-1,-1,-1,-1,-1,-1,-1,-1
train_020,1,13,0,0,6,8,2,1,0,0,0.48,-3.0,-0.42000000000000004,-3.0,-0.5,-1,-1,0,1,1,-1,-1,0,1,0,-1,-1,0,1,1,-1,-1,0,0,1,-1,-1,-1,-1,-1
train_020,2,12,0,0,9,14,4,2,0,0,0.48,-3.0,-0.42000000000000004,-3.0,-0.5,-1,-1,0,0,0,-1,-1,0,1,1,-1,-1,0,1,0,-1,-1,0,1,1,-1,-1,0,0,1
train_020,3,11,0,0,11,18,5,3,0,0,0.48,-3.0,-0.42000000000000004,-3.0,-0.5,-1,-1,0,1,0,-1,-1,0,0,0,-1,-1,0,1,1,-1,-1,0,1,0,-1,-1,0,1,1
train_020,4,10,0,0,14,26,7,4,1,0,0.48,0.48,-0.42000000000000004,-3.0,-0.5,-1,-1,0,0,0,-1,-1,0,1,0,-1,-1,0,0,0,-1,-1,0,1,1,-1,-1,0,1,0
train_020,5,10,1,1,19,42,10,5,1,1,-3.0,0.48,-3.0,-0.42000000000000004,-0.5,-1,0,0,0,0,-1,0,1,0,0,-1,0,0,0,0,-1,0,1,1,0,-1,0,1,0,0
train_020,6,10,2,1,24,60,10,6,1,0,0.48,0.48,-3.0,-0.42000000000000004,-0.5,0,0,0,0,0,0,1,0,0,0,0,0,0,0,0,0,1,1,0,0,0,1,0,0,0
train_020,7,10,3,1,29,78,10,7,1,0,0.48,0.48,0.48,-0.42000000000000004,-0.5,0,0,0,0,0,1,0,0,0,0,0,0,0,0,0,1,1,0,0,0,1,0,0,0,0
train_020,8,10,4,1,33,90,11,8,1,4,0.48,0.48,0.48,-0.42000000000000004,10.0,0,0,0,0,0,0,0,0,0,1,0,0,0,0,0,1,0,0,0,0,0,0,0,0,2
train_020,9,10,5,1,38,106,12,9,1,4,0.48,0.48,0.48,-0.42000000000000004,10.0,0,0,0,0,0,0,0,0,1,0,0,0,0,0,0,0,0,0,0,0,0,0,0,2,0
train_020,10,10,6,1,41,114,13,10,2,4,-3.0,0.48,0.48,-0.42000000000000004,10.0,0,0,0,0,0,0,0,1,0,1,0,0,0,0,1,0,0,0,0,0,0,0,2,0,0
train_020,11,11,6,2,43,120,13,11,2,2,-0.42000000000000004,0.48,10.48,0.48,10.0,0,0,1,0,1,0,0,0,0,1,0,0,0,0,0,0,0,2,0,0,1,1,1,0,0
train_021,0,14,0,4,9,24,5,0,0,0,0.48,0.48,-3.0,-3.0,-0.5,-1,-1,0,0,0,-1,-1,0,0,0,-1,-1,0,0,0,-1,-1,-1,-1,-1,-1,-1,-1,-1,-1
train_021,1,13,0,0,11,30,4,1,0,0,0.48,0.48,-0.42000000000000004,-3.0,-0.5,-1,-1,0,0,1,-1,-1,0,0,0,-1,-1,0,0,0,-1,-1,0,0,0,-1,-1,-1,-1,-1
train_021,2,12,0,0,13,32,6,2,0,0,0.48,0.48,-0.42000000000000004,-3.0,-0.5,-1,-1,0,1,0,-1,-1,0,0,1,-1,-1,0,0,0,-1,-1,0,0,0,-1,-1,0,0,0
train_021,3,11,0,0,16,40,7,3,0,0,0.48,0.48,-0.42000000000000004,-3.0,-0.5,-1,-1,0,0,0,-1,-1,0,1,0,-1,-1,0,0,1,-1,-1,0,0,0,-1,-1,0,0,0
train_021,4,10,0,0,18,46,7,4,0,0,0.48,-3.0,-0.42000000000000004,-3.0,-0.5,-1,-1,1,0,0,-1,-1,0,0,0,-1,-1,0,1,0,-1,-1,0,0,1,-1,-1,0,0,0
train_021,5,9,0,0,20,50,6,5,1,1,-3.0,0.48,-0.42000000000000004,-3.0,-0.5,-1,-1,0,0,1,-1,-1,1,0,0,-1,-1,0,0,0,-1,-1,0,1,0,-1,-1,0,0,1
train_021,6,9,1,1,24,62,8,6,0,0,0.48,0.48,-3.0,-0.42000000000000004,-0.5,-1,0,0,1,0,-1,1,0,0,0,-1,0,0,0,0,-1,0,1,0,0,-1,0,0,1,1
train_021,7,8,1,0,26,66,9,7,1,0,0.48,0.48,-0.42000000000000004,-3.0,-0.5,-1,1,1,0,0,-1,0,0,1,0,-1,1,0,0,0,-1,0,0,0,0,-1,0,1,0,0
train_021,8,8,2,1,31,84,10,8,1,1,-3.0,0.48,0.48,-0.42000000000000004,-0.5,1,1,0,0,0,0,0,1,0,0,1,0,0,0,0,0,0,0,0,0,0,1,0,0,0
train_021,9,8,3,1,36,102,12,9,1,0,0.48,0.48,0.48,-0.42000000000000004,-0.5,1,0,0,0,0,0,1,0,0,0,0,0,0,0,0,0,0,0,0,0,1,0,0,0,0
train_021,10,8,4,1,41,120,10,10,1,0,0.48,0.48,0.48,-0.42000000000000004,-0.5,0,0,0,0,0,1,0,0,0,0,0,0,0,0,0,0,0,0,0,0,0,0,0,0,0
train_021,11,8,5,1,42,122,10,11,1,0,0.48,0.48,0.48,-0.42000000000000004,-0.5,0,0,0,0,1,0,0,0,0,1,0,0,0,0,0,0,0,0,0,1,0,0,0,0,1
train_021,12,8,6,1,47,132,15,12,1,0,0.48,0.48,0.48,-0.42000000000000004,-0.5,0,0,0,1,0,0,0,0,1,0,0,0,0,0,0,0,0,0,1,0,0,0,0,1,0
train_021,13,8,7,1,51,146,15,13,1,1,-3.0,0.48,-3.0,-0.42000000000000004,-0.5,0,0,1,0,1,0,0,1,0,0,0,0,0,0,0,0,0,1,0,0,0,0,1,0,0
train_021,14,8,8,1,55,160,15,14,1,0,0.48,0.48,0.48,-0.42000000000000004,-0.5,0,1,0,1,1,0,1,0,0,0,0,0,0,0,0,0,1,0,0,0,0,1,0,0,0
train_021,15,8,9,1,59,170,16,15,1,0,0.48,0.48,0.48,-0.42000000000000004,-0.5,1,0,1,1,0,1,0,0,0,1,0,0,0,0,0,1,0,0,0,0,1,0,0,0,0
train_021,16,8,10,1,64,186,19,16,1,4,0.48,0.48,0.48,-0.42000000000000004,10.0,0,1,1,0,0,0,0,0,1,0,0,0,0,0,2,0,0,0,0,0,0,0,0,0,0
train_021,17,8,11,1,69,204,20,17,1,1,-3.0,10.48,0.48,-0.42000000000000004,10.0,1,1,0,0,0,0,0,1,0,0,0,0,0,2,0,0,0,0,0,0,0,0,0,0,0
train_022,0,14,0,4,6,8,2,0,0,0,0.48,-3.0,-3.0,-3.0,-0.5,-1,-1,0,0,1,-1,-1,0,1,0,-1,-1,0,1,0,-1,-1,-1,-1,-1,-1,-1,-1,-1,-1
train_022,1,13,0,0,8,12,3,1,0,0,0.48,-3.0,-0.42000000000000004,-3.0,-0.5,-1,-1,1,0,0,-1,-1,0,0,1,-1,-1,0,1,0,-1,-1,0,1,0,-1,-1,-1,-1,-1
train_022,2,12,0,0,11,20,4,2,1,1,-3.0,0.48,-0.42000000000000004,-3.0,-0.5,-1,-1,0,0,0,-1,-1,1,0,0,-1,-1,0,0,1,-1,-1,0,1,0,-1,-1,0,1,0
train_022,3,12,1,1,14,24,6,3,0,0,0.48,-3.0,-3.0,-0.42000000000000004,-0.5,-1,0,0,0,0,-1,1,0,0,1,-1,0,0,1,0,-1,0,1,0,1,-1,0,1,0,0
train_022,4,11,1,0,17,34,7,4,0,0,0.48,0.48,-0.42000000000000004,-3.0,-0.5,-1,1,0,0,0,-1,0,0,0,0,-1,1,0,0,1,-1,0,0,1,0,-1,0,1,0,1
train_022,5,10,1,0,21,46,9,5,0,0,0.48,0.48,-0.42000000000000004,0.48,-0.5,-1,0,0,0,0,-1,1,0,0,0,-1,0,0,0,0,-1,1,0,0,1,-1,0,0,1,0
train_022,6,9,1,0,25,60,8,6,0,0,0.48,0.48,-0.42000000000000004,-3.0,-0.5,-1,0,0,0,0,-1,0,0,0,0,-1,1,0,0,0,-1,0,0,0,0,-1,1,0,0,1
train_022,7,8,1,0,27,66,8,7,0,0,0.48,0.48,-0.42000000000000004,0.48,-0.5,-1,1,1,0,0,-1,0,0,0,0,-1,0,0,0,0,-1,1,0,0,0,-1,0,0,0,0
train_022,8,7,1,0,30,70,11,8,1,1,-3.0,0.48,-0.42000000000000004,0.48,-0.5,-1,0,0,1,0,-1,1,1,0,0,-1,0,0,0,0,-1,0,0,0,0,-1,1,0,0,0
train_022,9,7,2,1,35,88,13,9,0,4,0.48,0.48,0.48,-0.42000000000000004,10.0,0,0,1,0,0,1,1,0,0,2,0,0,0,0,0,0,0,0,0,0,1,0,0,0,0
train_022,10,6,2,0,39,100,13,10,1,4,-3.0,0.48,-0.42000000000000004,-3.0,10.0,0,0,1,0,0,0,0,1,0,0,1,1,0,0,2,0,0,0,0,0,0,0,0,0,0
train_022,11,6,3,1,44,118,14,11,1,1,0.48,10.48,0.48,-0.42000000000000004,10.0,0,1,0,0,0,0,1,0,0,0,1,0,0,2,0,0,0,0,0,0,0,0,0,0,0
train_023,0,14,0,4,8,20,4,0,0,0,0.48,0.48,-3.0,-3.0,-0.5,-1,-1,1,0,0,-1,-1,0,0,0,-1,-1,0,0,0,-1,-1,-1,-1,-1,-1,-1,-1,-1,-1
train_023,1,13,0,0,10,24,4,1,1,1,-3.0,0.48,-0.42000000000000004,-3.0,-0.5,-1,-1,0,0,1,-1,-1,1,0,0,-1,-1,0,0,0,-1,-1,0,0,0,-1,-1,-1,-1,-1
train_023,2,13,1,1,13,34,4,2,0,0,0.48,0.48,0.48,-0.42000000000000004,-0.5,-1,0,0,1,1,-1,1,0,0,0,-1,0,0,0,0,-1,0,0,0,0,-1,-1,-1,-1,-1
train_023,3,12,1,0,16,38,6,3,0,0,0.48,0.48,-0.42000000000000004,-3.0,-0.5,-1,0,1,0,0,-1,0,0,1,1,-1,1,0,0,0,-1,0,0,0,0,-1,0,0,0,0
train_023,4,11,1,0,19,46,6,4,3,3,-3.0,-3.0,-0.42000000000000004,0.48,-0.5,-1,0,0,0,1,-1,0,1,0,0,-1,0,0,1,1,-1,1,0,0,0,-1,0,0,0,0
train_023,5,11,0,3,19,46,6,5,0,0,0.48,-0.42000000000000004,-3.0,-3.0,-0.5,-1,-1,0,0,0,-1,-1,0,1,0,-1,-1,0,0,1,-1,-1,1,0,0,-1,-1,0,0,0
train_023,6,10,0,0,21,50,6,6,0,0,0.48,-3.0,-0.42000000000000004,-3.0,-0.5,-1,-1,0,1,0,-1,-1,0,0,0,-1,-1,0,1,0,-1,-1,0,0,1,-1,-1,1,0,0
train_023,7,9,0,0,22,52,6,7,0,0,0.48,0.48,-0.42000000000000004,-3.0,-0.5,-1,-1,0,1,1,-1,-1,0,1,0,-1,-1,0,0,0,-1,-1,0,1,0,-1,-1,0,0,1
train_023,8,8,0,0,25,58,9,8,0,0,0.48,-3.0,-0.42000000000000004,-3.0,-0.5,-1,-1,0,0,0,-1,-1,0,1,1,-1,-1,0,1,0,-1,-1,0,0,0,-1,-1,0,1,0
train_023,9,7,0,0,28,68,10,9,0,0,0.48,-3.0,-0.42000000000000004,-3.0,-0.5,-1,-1,0,0,0,-1,-1,0,0,0,-1,-1,0,1,1,-1,-1,0,1,0,-1,-1,0,0,0
train_023,10,6,0,0,31,78,9,10,0,0,0.48,0.48,-0.42000000000000004,-3.0,-0.5,-1,-1,0,0,0,-1,-1,0,0,0,-1,-1,0,0,0,-1,-1,0,1,1,-1,-1,0,1,0
train_023,11,5,0,0,32,80,9,11,0,0,0.48,0.48,-0.42000000000000004,-3.0,-0.5,-1,-1,0,1,1,-1,-1,0,0,0,-1,-1,0,0,0,-1,-1,0,0,0,-1,-1,0,1,1
train_023,12,4,0,0,35,86,12,12,0,4,0.48,0.48,-0.42000000000000004,-3.0,10.0,-1,-1,0,2,0,-1,-1,0,1,1,-1,-1,0,0,0,-1,-1,0,0,0,-1,-1,0,0,0
train_023,13,3,0,0,38,96,13,13,0,4,0.48,-3.0,-0.42000000000000004,-3.0,10.0,-1,-1,0,0,0,-1,-1,0,2,0,-1,-1,0,1,1,-1,-1,0,0,0,-1,-1,0,0,0
train_023,14,2,0,0,41,106,10,14,1,1,0.48,10.48,-0.42000000000000004,-3.0,10.0,-1,-1,0,0,0,-1,-1,0,0,0,-1,-1,0,2,0,-1,-1,0,1,1,-1,-1,0,0,0
train_024,0,14,0,4,7,12,5,0,0,0,0.48,0.48,-3.0,-3.0,-0.5,-1,-1,0,1,0,-1,-1,0,1,0,-1,-1,0,0,0,-1,-1,-1,-1,-1,-1,-1,-1,-1,-1
train_024,1,13,0,0,10,20,7,1,0,0,0.48,-3.0,-0.42000000000000004,-3.0,-0.5,-1,-1,0,0,0,-1,-1,0,1,0,-1,-1,0,1,0,-1,-1,0,0,0,-1,-1,-1,-1,-1
train_024,2,12,0,0,13,30,8,2,0,0,0.48,-3.0,-0.42000000000000004,-3.0,-0.5,-1,-1,0,0,0,-1,-1,0,0,0,-1,-1,0,1,0,-1,-1,0,1,0,-1,-1,0,0,0
train_024,3,11,0,0,16,40,8,3,0,4,0.48,0.48,-0.42000000000000004,-3.0,10.0,-1,-1,0,2,0,-1,-1,0,0,0,-1,-1,0,0,0,-1,-1,0,1,0,-1,-1,0,1,0
train_024,4,10,0,0,18,46,8,4,0,4,0.48,0.48,-0.42000000000000004,-3.0,10.0,-1,-1,0,0,1,-1,-1,0,2,0,-1,-1,0,0,0,-1,-1,0,0,0,-1,-1,0,1,0
train_024,5,9,0,0,21,54,10,5,1,1,0.48,10.48,-0.42000000000000004,-3.0,10.0,-1,-1,0,0,0,-1,-1,0,0,1,-1,-1,0,2,0,-1,-1,0,0,0,-1,-1,0,0,0
train_025,0,14,0,4,7,16,2,0,0,0,0.48,0.48,-3.0,-3.0,-0.5,-1,-1,0,0,1,-1,-1,0,0,0,-1,-1,0,0,1,-1,-1,-1,-1,-1,-1,-1,-1,-1,-1
train_025,1,13,0,0,9,18,4,1,1,0,0.48,0.48,-0.42000000000000004,-3.0,-0.5,-1,-1,0,1,0,-1,-1,0,0,1,-1,-1,0,0,0,-1,-1,0,0,1,-1,-1,-1,-1,-1
train_025,2,13,1,1,12,24,6,2,1,0,0.48,0.48,0.48,-0.42000000000000004,-0.5,-1,0,1,0,0,-1,0,0,1,1,-1,0,0,0,0,-1,0,0,1,0,-1,-1,-1,-1,-1
train_025,3,13,2,1,15,32,6,3,1,1,-3.0,0.48,-3.0,-0.42000000000000004,-0.5,0,1,0,0,0,0,0,1,1,1,0,0,0,0,0,0,0,1,0,0,-1,-1,-1,-1,-1
train_025,4,13,3,1,19,44,6,4,1,1,-3.0,0.48,0.48,-0.42000000000000004,-0.5,1,0,0,0,0,0,1,1,1,0,0,0,0,0,0,0,1,0,0,0,-1,-1,-1,-1,-1
train_025,5,13,4,1,21,50,6,5,1,1,-3.0,0.48,0.48,-0.42000000000000004,-0.5,0,0,0,0,1,1,1,1,0,1,0,0,0,0,0,1,0,0,0,0,-1,-1,-1,-1,-1
train_025,6,13,5,1,25,60,9,6,0,0,0.48,0.48,0.48,-0.42000000000000004,-0.5,0,0,0,1,0,1,1,0,1,0,0,0,0,0,0,0,0,0,0,0,-1,-1,-1,-1,-1
train_025,7,12,5,0,28,66,10,7,0,4,0.48,-3.0,-0.42000000000000004,-3.0,10.0,0,1,2,1,0,0,0,0,1,0,1,1,0,1,0,0,0,0,0,0,0,0,0,0,0
train_025,8,11,5,0,32,74,11,8,0,0,10.48,-3.0,-0.42000000000000004,0.48,10.0,0,0,1,0,0,0,1,2,1,0,0,0,0,1,0,1,1,0,1,0,0,0,0,0,0
train_026,0,14,0,4,7,12,4,0,0,0,0.48,-3.0,-3.0,-3.0,-0.5,-1,-1,0,1,0,-1,-1,0,0,0,-1,-1,0,1,0,-1,-1,-1,-1,-1,-1,-1,-1,-1,-1
train_026,1,13,0,0,9,16,5,1,1,0,0.48,0.48,-0.42000000000000004,-3.0,-0.5,-1,-1,0,0,1,-1,-1,0,1,0,-1,-1,0,0,0,-1,-1,0,1,0,-1,-1,-1,-1,-1
train_026,2,13,1,1,12,26,5,2,1,1,-3.0,0.48,-3.0,-0.42000000000000004,-0.5,-1,0,0,1,1,-1,0,1,0,0,-1,0,0,0,0,-1,0,1,0,0,-1,-1,-1,-1,-1
train_026,3,13,2,1,16,38,6,3,0,0,0.48,0.48,0.48,-0.42000000000000004,-0.5,0,0,1,1,0,0,1,0,0,0,0,0,0,0,0,0,1,0,0,0,-1,-1,-1,-1,-1
train_026,4,12,2,0,19,46,7,4,1,1,-3.0,0.48,-0.42000000000000004,-3.0,-0.5,0,0,0,1,1,0,0,1,1,0,0,1,0,0,0,0,0,0,0,0,0,1,0,0,0
train_026,5,12,3,1,24,62,7,5,1,1,-3.0,0.48,0.48,-0.42000000000000004,-0.5,0,0,1,1,0,0,1,1,0,0,1,0,0,0,0,0,0,0,0,0,1,0,0,0,0
train_026,6,12,4,1,28,74,7,6,0,0,0.48,0.48,0.48,-0.42000000000000004,-0.5,0,1,1,0,0,1,1,0,0,0,0,0,0,0,0,0,0,0,0,1,0,0,0,0,0
train_026,7,11,4,0,31,78,8,7,1,1,-3.0,0.48,-0.42000000000000004,-3.0,-0.5,0,1,0,1,0,0,1,1,0,0,1,1,0,0,0,0,0,0,0,0,0,0,0,0,1
train_026,8,11,5,1,34,86,9,8,0,0,0.48,0.48,0.48,-0.42000000000000004,-0.5,1,0,1,0,1,1,1,0,0,1,1,0,0,0,0,0,0,0,0,0,0,0,0,1,0
train_026,9,10,5,0,38,96,10,9,1,1,-3.0,0.48,-0.42000000000000004,-3.0,-0.5,1,0,0,0,0,1,0,1,0,1,1,1,0,0,1,1,0,0,0,0,0,0,0,0,0
train_026,10,10,6,1,42,106,13,10,0,0,0.48,-3.0,0.48,-0.42000000000000004,-0.5,0,0,0,0,0,0,1,0,1,0,1,0,0,1,0,0,0,0,0,0,0,0,0,0,1
train_026,11,9,6,0,45,114,13,11,0,0,0.48,-3.0,-0.42000000000000004,-3.0,-0.5,1,0,1,0,0,0,0,0,0,0,0,1,0,1,0,1,0,0,1,0,0,0,0,0,0
train_026,12,8,6,0,48,122,14,12,1,1,-3.0,0.48,-0.42000000000000004,0.48,-0.5,1,1,0,0,0,1,0,1,0,0,0,0,0,0,0,0,1,0,1,0,1,0,0,1,0
train_026,13,8,7,1,53,140,14,13,1,0,0.48,0.48,-3.0,-0.42000000000000004,-0.5,1,0,0,0,0,0,1,0,0,0,0,0,0,0,0,1,0,1,0,0,0,0,1,0,0
train_026,14,8,8,1,56,150,15,14,1,0,0.48,0.48,0.48,-0.42000000000000004,-0.5,0,0,0,0,1,1,0,0,0,1,0,0,0,0,0,0,1,0,0,0,0,1,0,0,0
train_026,15,8,9,1,61,164,17,15,1,0,0.48,0.48,0.48,-0.42000000000000004,-0.5,0,0,0,1,0,0,0,0,1,0,0,0,0,0,0,1,0,0,0,0,1,0,0,0,0
train_026,16,8,10,1,64,174,17,16,1,1,-3.0,0.48,0.48,-0.42000000000000004,-0.5,0,0,1,0,1,0,0,1,0,1,0,0,0,0,0,0,0,0,0,0,0,0,0,0,0
train_026,17,8,11,1,69,188,21,17,1,0,0.48,0.48,0.48,-0.42000000000000004,-0.5,0,1,0,1,0,0,1,0,1,0,0,0,0,0,0,0,0,0,0,0,0,0,0,0,0
train_026,18,8,12,1,74,206,18,18,1,1,-3.0,0.48,0.48,-0.42000000000000004,-0.5,1,0,1,0,0,1,0,1,0,0,0,0,0,0,0,0,0,0,0,0,0,0,0,0,0
train_026,19,8,13,1,74,206,18,19,0,0,0.48,0.48,0.48,-0.42000000000000004,-0.5,0,1,0,0,-1,0,1,0,0,-1,0,0,0,0,-1,0,0,0,0,-1,0,0,0,0,-1
train_026,20,7,13,0,77,214,18,20,0,4,0.48,0.48,-0.42000000000000004,-3.0,10.0,0,1,0,2,-1,0,1,0,0,-1,0,1,0,0,-1,0,0,0,0,-1,0,0,0,0,-1
train_026,21,6,13,0,80,220,20,21,0,4,0.48,0.48,-0.42000000000000004,-3.0,10.0,0,0,1,0,-1,0,1,0,2,-1,0,1,0,0,-1,0,1,0,0,-1,0,0,0,0,-1
train_026,22,5,13,0,84,232,20,22,1,1,-3.0,10.48,-0.42000000000000004,-3.0,10.0,0,0,0,0,-1,0,0,1,0,-1,0,1,0,2,-1,0,1,0,0,-1,0,1,0,0,-1
train_027,0,14,0,4,6,10,3,0,0,0,0.48,-3.0,-3.0,-3.0,-0.5,-1,-1,0,1,0,-1,-1,0,0,0,-1,-1,0,1,1,-1,-1,-1,-1,-1,-1,-1,-1,-1,-1
train_027,1,13,0,0,9,18,3,1,0,0,0.48,0.48,-0.42000000000000004,-3.0,-0.5,-1,-1,0,0,0,-1,-1,0,1,0,-1,-1,0,0,0,-1,-1,0,1,1,-1,-1,-1,-1,-1
train_027,2,12,0,0,10,20,2,2,0,0,0.48,-3.0,-0.42000000000000004,-3.0,-0.5,-1,-1,1,0,1,-1,-1,0,0,0,-1,-1,0,1,0,-1,-1,0,0,0,-1,-1,0,1,1
train_027,3,11,0,0,12,20,5,3,1,1,-3.0,0.48,-0.42000000000000004,-3.0,-0.5,-1,-1,0,1,0,-1,-1,1,0,1,-1,-1,0,0,0,-1,-1,0,1,0,-1,-1,0,0,0
train_027,4,11,1,1,15,28,6,4,1,0,0.48,0.48,-3.0,-0.42000000000000004,-0.5,-1,0,1,0,0,-1,1,0,1,1,-1,0,0,0,0,-1,0,1,0,0,-1,0,0,0,1
train_027,5,11,2,1,20,42,10,5,1,1,-3.0,0.48,0.48,-0.42000000000000004,-0.5,0,1,0,0,0,1,0,1,1,0,0,0,0,0,0,0,1,0,0,0,0,0,0,1,0
train_027,6,11,3,1,25,60,11,6,1,1,-3.0,0.48,0.48,-0.42000000000000004,-0.5,1,0,0,0,0,0,1,1,0,0,0,0,0,0,0,1,0,0,0,0,0,0,1,0,0
train_027,7,11,4,1,29,74,9,7,0,0,0.48,0.48,0.48,-0.42000000000000004,-0.5,0,0,0,0,0,1,1,0,0,0,0,0,0,0,0,0,0,0,0,0,0,1,0,0,1
train_027,8,10,4,0,34,92,7,8,1,0,0.48,0.48,-0.42000000000000004,-3.0,-0.5,0,0,0,0,0,0,0,0,0,0,1,1,0,0,0,0,0,0,0,0,0,0,0,0,0
train_027,9,10,5,1,35,94,7,9,1,0,0.48,0.48,0.48,-0.42000000000000004,-0.5,0,0,0,0,1,0,0,0,0,1,1,0,0,0,0,0,0,0,0,1,0,0,0,0,1
train_027,10,10,6,1,38,100,9,10,1,0,0.48,0.48,0.48,-0.42000000000000004,-0.5,0,0,0,1,1,0,0,0,1,1,0,0,0,0,0,0,0,0,1,0,0,0,0,1,0
train_027,11,10,7,1,42,110,10,11,1,1,-3.0,0.48,-3.0,-0.42000000000000004,-0.5,0,0,1,1,0,0,0,1,1,0,0,0,0,0,0,0,0,1,0,0,0,0,1,0,1
train_027,12,10,8,1,45,118,10,12,1,1,-3.0,0.48,0.48,-0.42000000000000004,-0.5,0,1,1,0,0,0,1,1,0,0,0,0,0,0,1,0,1,0,0,0,0,1,0,1,1
train_027,13,10,9,1,50,132,14,13,0,0,0.48,-3.0,0.48,-0.42000000000000004,-0.5,1,1,0,0,0,1,1,0,0,0,0,0,0,1,0,1,0,0,0,0,1,0,1,1,0
train_027,14,9,9,0,53,136,16,14,0,0,0.48,0.48,-0.42000000000000004,-3.0,-0.5,0,0,1,1,0,1,1,0,0,0,1,1,0,0,0,0,0,0,1,0,1,0,0,0,0
train_027,15,8,9,0,56,140,19,15,1,1,-3.0,0.48,-0.42000000000000004,-3.0,-0.5,0,1,0,0,1,0,0,1,1,0,1,1,0,0,0,1,1,0,0,0,0,0,0,1,0
train_027,16,8,10,1,61,156,21,16,1,1,-3.0,0.48,0.48,-0.42000000000000004,-0.5,1,0,0,1,0,0,1,1,0,0,1,0,0,0,0,1,0,0,0,0,0,0,1,0,0
train_027,17,8,11,1,65,168,22,17,0,0,0.48,0.48,0.48,-0.42000000000000004,-0.5,0,0,1,0,0,1,1,0,0,0,0,0,0,0,0,0,0,0,0,1,0,1,0,0,0
train_027,18,7,11,0,69,180,23,18,1,1,-3.0,0.48,-0.42000000000000004,-3.0,-0.5,0,0,0,0,1,0,0,1,0,0,1,1,0,0,0,0,0,0,0,0,0,0,0,0,1
train_027,19,7,12,1,74,194,22,19,0,4,0.48,0.48,0.48,-0.42000000000000004,10.0,0,0,0,1,2,0,1,0,0,0,1,0,0,0,0,0,0,0,0,0,0,0,0,1,0
train_027,20,6,12,0,79,210,20,20,1,4,0.48,0.48,-0.42000000000000004,-3.0,10.0,0,0,0,0,0,0,0,0,1,2,0,1,0,0,0,1,0,0,0,0,0,0,0,0,0
train_027,21,6,13,1,79,210,20,21,1,4,-3.0,0.48,0.48,-0.42000000000000004,10.0,0,0,0,0,-1,0,0,1,2,-1,1,0,0,0,-1,0,0,0,0,-1,0,0,0,0,-1
train_027,22,6,14,1,79,210,20,22,0,0,10.48,-3.0,0.48,-0.42000000000000004,10.0,0,0,0,-1,-1,0,1,2,-1,-1,0,0,0,-1,-1,0,0,0,-1,-1,0,0,0,-1,-1
train_028,0,14,0,4,8,18,6,0,0,0,0.48,-3.0,-3.0,-3.0,-0.5,-1,-1,0,0,0,-1,-1,0,0,0,-1,-1,0,1,0,-1,-1,-1,-1,-1,-1,-1,-1,-1,-1
train_028,1,13,0,0,11,28,7,1,0,0,0.48,0.48,-0.42000000000000004,-3.0,-0.5,-1,-1,0,0,0,-1,-1,0,0,0,-1,-1,0,0,0,-1,-1,0,1,0,-1,-1,-1,-1,-1
train_028,2,12,0,0,14,38,7,2,0,0,0.48,0.48,-0.42000000000000004,-3.0,-0.5,-1,-1,0,0,0,-1,-1,0,0,0,-1,-1,0,0,0,-1,-1,0,0,0,-1,-1,0,1,0
train_028,3,11,0,0,17,48,8,3,0,0,0.48,0.48,-0.42000000000000004,-3.0,-0.5,-1,-1,0,0,0,-1,-1,0,0,0,-1,-1,0,0,0,-1,-1,0,0,0,-1,-1,0,0,0
train_028,4,10,0,0,20,58,9,4,0,0,0.48,0.48,-0.42000000000000004,-3.0,-0.5,-1,-1,0,0,0,-1,-1,0,0,0,-1,-1,0,0,0,-1,-1,0,0,0,-1,-1,0,0,0
train_028,5,9,0,0,23,68,8,5,0,0,0.48,0.48,-0.42000000000000004,-3.0,-0.5,-1,-1,0,0,0,-1,-1,0,0,0,-1,-1,0,0,0,-1,-1,0,0,0,-1,-1,0,0,0
train_028,6,8,0,0,24,70,8,6,1,0,0.48,0.48,-0.42000000000000004,-3.0,-0.5,-1,-1,0,1,1,-1,-1,0,0,0,-1,-1,0,0,0,-1,-1,0,0,0,-1,-1,0,0,0
train_028,7,8,1,1,28,82,8,7,1,0,0.48,0.48,0.48,-0.42000000000000004,-0.5,-1,0,1,1,0,-1,0,0,0,0,-1,0,0,0,0,-1,0,0,0,0,-1,0,0,0,1
train_028,8,8,2,1,31,88,9,8,1,4,0.48,0.48,0.48,-0.42000000000000004,10.0,0,1,1,0,1,0,0,0,0,0,0,0,0,0,2,0,0,0,0,1,0,0,0,1,0
train_028,9,8,3,1,34,96,10,9,1,1,0.48,10.48,0.48,-0.42000000000000004,10.0,1,1,0,1,1,0,0,0,0,1,0,0,0,2,0,0,0,0,1,0,0,0,1,0,0
train_029,0,14,0,4,6,10,3,0,0,0,0.48,-3.0,-3.0,-3.0,-0.5,-1,-1,0,1,1,-1,-1,0,0,0,-1,-1,0,1,0,-1,-1,-1,-1,-1,-1,-1,-1,-1,-1
train_029,1,13,0,0,9,16,5,1,0,0,0.48,0.48,-0.42000000000000004,-3.0,-0.5,-1,-1,0,0,0,-1,-1,0,1,1,-1,-1,0,0,0,-1,-1,0,1,0,-1,-1,-1,-1,-1
train_029,2,12,0,0,11,22,5,2,0,0,0.48,-3.0,-0.42000000000000004,-3.0,-0.5,-1,-1,0,0,1,-1,-1,0,0,0,-1,-1,0,1,1,-1,-1,0,0,0,-1,-1,0,1,0
train_029,3,11,0,0,13,28,5,3,1,0,0.48,0.48,-0.42000000000000004,-3.0,-0.5,-1,-1,0,0,1,-1,-1,0,0,1,-1,-1,0,0,0,-1,-1,0,1,1,-1,-1,0,0,0
train_029,4,11,1,1,17,38,8,4,1,0,0.48,0.48,-3.0,-0.42000000000000004,-0.5,-1,0,0,1,1,-1,0,0,1,0,-1,0,0,0,0,-1,0,1,1,0,-1,0,0,0,0
train_029,5,11,2,1,22,54,10,5,1,1,-3.0,0.48,-3.0,-0.42000000000000004,-0.5,0,0,1,1,0,0,0,1,0,0,0,0,0,0,0,0,1,1,0,0,0,0,0,0,0
train_029,6,11,3,1,27,72,11,6,0,0,0.48,0.48,0.48,-0.42000000000000004,-0.5,0,1,1,0,0,0,1,0,0,0,0,0,0,0,0,1,1,0,0,0,0,0,0,0,0
train_029,7,10,3,0,30,78,13,7,1,1,-3.0,0.48,-0.42000000000000004,-3.0,-0.5,0,0,1,0,1,0,1,1,0,0,0,1,0,0,0,0,0,0,0,0,1,1,0,0,0
train_029,8,10,4,1,34,92,12,8,0,0,0.48,0.48,0.48,-0.42000000000000004,-0.5,0,1,0,1,1,1,1,0,0,0,1,0,0,0,0,0,0,0,0,0,1,0,0,0,0
train_029,9,9,4,0,38,100,16,9,0,0,0.48,0.48,-0.42000000000000004,-3.0,-0.5,0,1,0,0,0,0,1,0,1,1,1,1,0,0,0,1,0,0,0,0,0,0,0,0,0
train_029,10,8,4,0,42,112,15,10,0,0,0.48,-3.0,-0.42000000000000004,-3.0,-0.5,0,1,0,0,0,0,1,0,0,0,0,1,0,1,1,1,1,0,0,0,1,0,0,0,0
train_029,11,7,4,0,44,116,16,11,1,0,0.48,0.48,-0.42000000000000004,-3.0,-0.5,1,1,0,1,0,0,1,0,0,0,0,1,0,0,0,0,1,0,1,1,1,1,0,0,0
train_029,12,7,5,1,48,126,17,12,1,0,0.48,0.48,-3.0,-0.42000000000000004,-0.5,1,0,1,0,0,1,0,0,0,1,1,0,0,0,0,1,0,1,1,0,1,0,0,0,0
train_029,13,7,6,1,52,136,19,13,1,0,0.48,0.48,-3.0,-0.42000000000000004,-0.5,0,1,0,0,0,0,0,0,1,0,0,0,0,0,0,0,1,1,0,1,0,0,0,0,0
train_029,14,7,7,1,56,148,18,14,1,1,-3.0,0.48,0.48,-0.42000000000000004,-0.5,1,0,0,0,0,0,0,1,0,0,0,0,0,0,0,1,1,0,1,0,0,0,0,0,1
train_029,15,7,8,1,59,154,21,15,0,4,0.48,0.48,-3.0,-0.42000000000000004,10.0,0,0,0,0,0,0,1,0,0,2,0,0,0,0,1,1,0,1,0,1,0,0,0,1,0
train_029,16,6,8,0,63,166,21,16,1,4,0.48,0.48,-0.42000000000000004,-3.0,10.0,0,0,0,1,0,0,0,0,0,0,0,1,0,0,2,0,0,0,0,1,1,0,1,0,1
train_029,17,6,9,1,68,180,21,17,1,1,0.48,10.48,0.48,-0.42000000000000004,10.0,0,0,1,0,0,0,0,0,0,0,1,0,0,2,0,0,0,0,1,0,0,1,0,1,0
train_030,0,14,0,4,8,20,4,0,0,0,0.48,0.48,-3.0,-3.0,-0.5,-1,-1,0,0,0,-1,-1,0,0,0,-1,-1,0,0,1,-1,-1,-1,-1,-1,-1,-1,-1,-1,-1
train_030,1,13,0,0,11,30,3,1,1,0,0.48,0.48,-0.42000000000000004,-3.0,-0.5,-1,-1,0,0,0,-1,-1,0,0,0,-1,-1,0,0,0,-1,-1,0,0,1,-1,-1,-1,-1,-1
train_030,2,13,1,1,14,36,5,2,1,0,0.48,0.48,0.48,-0.42000000000000004,-0.5,-1,0,0,0,0,-1,0,0,0,1,-1,0,0,0,0,-1,0,0,1,0,-1,-1,-1,-1,-1
train_030,3,13,2,1,18,48,6,3,1,0,0.48,0.48,-3.0,-0.42000000000000004,-0.5,0,0,0,0,0,0,0,0,1,0,0,0,0,0,0,0,0,1,0,0,-1,-1,-1,-1,-1
train_030,4,13,3,1,21,56,7,4,1,1,-3.0,0.48,0.48,-0.42000000000000004,-0.5,0,0,0,0,0,0,0,1,0,0,0,0,0,0,1,0,1,0,0,0,-1,-1,-1,-1,-1
train_030,5,13,4,1,25,68,7,5,0,0,0.48,-3.0,0.48,-0.42000000000000004,-0.5,0,0,0,0,0,0,1,0,0,0,0,0,0,1,0,1,0,0,0,0,-1,-1,-1,-1,-1
train_030,6,12,4,0,29,82,7,6,1,0,0.48,0.48,-0.42000000000000004,-3.0,-0.5,0,0,0,0,1,0,0,0,0,0,0,1,0,0,0,0,0,0,1,0,1,0,0,0,0
train_030,7,12,5,1,32,92,6,7,1,0,0.48,0.48,-3.0,-0.42000000000000004,-0.5,0,0,0,1,1,0,0,0,0,0,1,0,0,0,0,0,0,1,0,0,0,0,0,0,1
train_030,8,12,6,1,36,100,9,8,1,0,0.48,0.48,0.48,-0.42000000000000004,-0.5,0,0,1,1,0,0,0,0,0,0,0,0,0,0,0,0,1,0,0,1,0,0,0,1,0
train_030,9,12,7,1,41,116,11,9,1,0,0.48,0.48,0.48,-0.42000000000000004,-0.5,0,1,1,0,0,0,0,0,0,0,0,0,0,0,0,1,0,0,1,0,0,0,1,0,0
train_030,10,12,8,1,46,134,12,10,1,0,0.48,0.48,-3.0,-0.42000000000000004,-0.5,1,1,0,0,0,0,0,0,0,0,0,0,0,0,0,0,0,1,0,0,0,1,0,0,0
train_030,11,12,9,1,51,152,11,11,1,0,0.48,0.48,0.48,-0.42000000000000004,-0.5,1,0,0,0,0,0,0,0,0,0,0,0,0,0,0,0,1,0,0,0,1,0,0,0,0
train_030,12,12,10,1,54,162,11,12,1,4,0.48,0.48,0.48,-0.42000000000000004,10.0,0,0,0,0,0,0,0,0,0,0,0,0,0,0,2,1,0,0,0,1,0,0,0,0,1
train_030,13,12,11,1,57,168,11,13,1,1,0.48,10.48,0.48,-0.42000000000000004,10.0,0,0,0,0,0,0,0,0,0,0,0,0,0,2,1,0,0,0,1,1,0,0,0,1,0
train_031,0,14,0,4,7,12,5,0,1,0,0.48,0.48,-3.0,-3.0,-0.5,-1,-1,1,0,0,-1,-1,0,1,0,-1,-1,0,0,0,-1,-1,-1,-1,-1,-1,-1,-1,-1,-1
train_031,1,14,1,1,10,22,4,1,1,1,-3.0,0.48,-3.0,-0.42000000000000004,-0.5,-1,1,0,0,0,-1,0,1,0,0,-1,0,0,0,0,-1,-1,-1,-1,-1,-1,-1,-1,-1,-1
train_031,2,14,2,1,12,28,3,2,0,0,0.48,0.48,-3.0,-0.42000000000000004,-0.5,1,0,0,0,1,0,1,0,0,0,0,0,0,0,0,-1,-1,-1,-1,-1,-1,-1,-1,-1,-1
train_031,3,13,2,0,16,36,5,3,0,0,0.48,0.48,-0.42000000000000004,-3.0,-0.5,0,0,0,1,0,1,0,0,0,1,0,1,0,0,0,0,0,0,0,0,-1,-1,-1,-1,-1
train_031,4,12,2,0,21,52,6,4,0,0,0.48,0.48,-0.42000000000000004,0.48,-0.5,0,0,0,0,0,0,0,0,1,0,1,0,0,0,1,0,1,0,0,0,0,0,0,0,0
train_031,5,11,2,0,25,64,6,5,0,0,0.48,-3.0,-0.42000000000000004,0.48,-0.5,0,0,1,0,0,0,0,0,0,0,0,0,0,1,0,1,0,0,0,1,0,1,0,0,0
train_031,6,10,2,0,29,76,8,6,1,1,-3.0,0.48,-0.42000000000000004,0.48,-0.5,1,0,0,0,0,0,0,1,0,0,0,0,0,0,0,0,0,0,1,0,1,0,0,0,1
train_031,7,10,3,1,33,86,10,7,0,0,0.48,0.48,-3.0,-0.42000000000000004,-0.5,0,0,0,0,0,0,1,0,0,0,0,0,0,0,0,0,0,1,0,1,0,0,0,1,0
train_031,8,9,3,0,38,104,10,8,0,0,0.48,0.48,-0.42000000000000004,-3.0,-0.5,0,0,0,0,0,0,0,0,0,0,0,1,0,0,0,0,0,0,0,0,0,0,1,0,1
train_031,9,8,3,0,42,116,10,9,0,0,0.48,0.48,-0.42000000000000004,0.48,-0.5,0,0,0,1,0,0,0,0,0,0,0,0,0,0,0,0,1,0,0,0,0,0,0,0,0
train_031,10,7,3,0,45,122,12,10,1,0,0.48,0.48,-0.42000000000000004,0.48,-0.5,0,1,0,1,0,0,0,0,1,0,0,0,0,0,0,0,0,0,0,0,0,1,0,0,0
train_031,11,7,4,1,48,128,13,11,1,1,-3.0,0.48,0.48,-0.42000000000000004,-0.5,1,0,1,0,0,0,0,1,0,1,0,0,0,0,0,0,0,0,0,1,1,0,0,0,0
train_031,12,7,5,1,52,138,14,12,1,0,0.48,0.48,0.48,-0.42000000000000004,-0.5,0,1,0,0,1,0,1,0,1,0,0,0,0,0,0,0,0,0,1,0,0,0,0,0,0
train_031,13,7,6,1,56,150,15,13,1,1,-3.0,0.48,-3.0,-0.42000000000000004,-0.5,1,0,0,1,0,1,0,1,0,0,0,0,0,0,0,0,0,1,0,0,0,0,0,0,1
train_031,14,7,7,1,61,166,17,14,0,0,0.48,0.48,0.48,-0.42000000000000004,-0.5,0,0,1,0,0,0,1,0,0,0,0,0,0,0,0,0,1,0,0,0,0,0,0,1,0
train_031,15,6,7,0,65,176,17,15,1,1,-3.0,0.48,-0.42000000000000004,-3.0,-0.5,0,0,0,1,0,0,0,1,0,0,0,1,0,0,0,0,0,0,0,0,0,1,0,0,0
train_031,16,6,8,1,68,184,18,16,0,0,0.48,0.48,0.48,-0.42000000000000004,-0.5,0,0,1,0,1,0,1,0,0,0,1,0,0,0,0,0,0,0,0,1,1,0,0,0,0
train_031,17,5,8,0,71,190,20,17,1,1,-3.0,0.48,-0.42000000000000004,-3.0,-0.5,1,1,0,0,0,0,0,1,0,1,0,1,0,0,0,1,0,0,0,0,0,0,0,0,1
train_031,18,5,9,1,76,204,22,18,1,4,0.48,0.48,0.48,-0.42000000000000004,10.0,1,0,0,0,0,0,1,0,1,0,1,0,0,0,2,0,0,0,0,0,0,0,0,1,0
train_031,19,5,10,1,79,214,21,19,1,1,-3.0,10.48,0.48,-0.42000000000000004,10.0,0,0,0,0,1,1,0,1,0,0,0,0,0,2,0,0,0,0,0,0,0,0,1,0,1
train_032,0,14,0,4,8,20,3,0,0,0,0.48,0.48,-3.0,-3.0,-0.5,-1,-1,0,0,0,-1,-1,0,0,0,-1,-1,0,0,1,-1,-1,-1,-1,-1,-1,-1,-1,-1,-1
train_032,1,13,0,0,10,26,2,1,0,0,0.48,0.48,-0.42000000000000004,-3.0,-0.5,-1,-1,0,0,1,-1,-1,0,0,0,-1,-1,0,0,0,-1,-1,0,0,1,-1,-1,-1,-1,-1
train_032,2,12,0,0,12,30,3,2,0,0,0.48,0.48,-0.42000000000000004,-3.0,-0.5,-1,-1,1,0,0,-1,-1,0,0,1,-1,-1,0,0,0,-1,-1,0,0,0,-1,-1,0,0,1
train_032,3,11,0,0,15,38,4,3,1,1,-3.0,0.48,-0.42000000000000004,-3.0,-0.5,-1,-1,0,0,0,-1,-1,1,0,0,-1,-1,0,0,1,-1,-1,0,0,0,-1,-1,0,0,0
train_032,4,11,1,1,18,42,6,4,0,0,0.48,-3.0,0.48,-0.42000000000000004,-0.5,-1,0,0,0,0,-1,1,0,0,1,-1,0,0,1,0,-1,0,0,0,1,-1,0,0,0,0
train_032,5,10,1,0,21,52,6,5,0,0,0.48,0.48,-0.42000000000000004,-3.0,-0.5,-1,1,0,0,0,-1,0,0,0,0,-1,1,0,0,1,-1,0,0,1,0,-1,0,0,0,1
train_032,6,9,1,0,24,58,8,6,0,0,0.48,0.48,-0.42000000000000004,0.48,-0.5,-1,0,0,1,0,-1,1,0,0,0,-1,0,0,0,0,-1,1,0,0,1,-1,0,0,1,0
train_032,7,8,1,0,28,70,8,7,1,0,0.48,0.48,-0.42000000000000004,-3.0,-0.5,-1,0,0,0,0,-1,0,0,1,0,-1,1,0,0,0,-1,0,0,0,0,-1,1,0,0,1
train_032,8,8,2,1,33,86,10,8,1,1,-3.0,0.48,0.48,-0.42000000000000004,-0.5,0,0,0,0,0,0,0,1,0,0,1,0,0,0,0,0,0,0,0,0,1,0,0,1,0
train_032,9,8,3,1,37,98,11,9,1,0,0.48,0.48,0.48,-0.42000000000000004,-0.5,0,0,0,0,0,0,1,0,0,1,0,0,0,0,0,0,0,0,0,0,0,0,1,0,0
train_032,10,8,4,1,41,110,12,10,1,0,0.48,0.48,0.48,-0.42000000000000004,-0.5,0,0,0,0,1,1,0,0,1,0,0,0,0,0,0,0,0,0,0,0,0,1,0,0,0
train_032,11,8,5,1,46,126,12,11,1,4,-3.0,0.48,0.48,-0.42000000000000004,10.0,0,0,0,1,0,0,0,1,0,0,0,0,0,0,2,0,0,0,0,0,1,0,0,0,0
train_032,12,8,6,1,48,130,12,12,1,1,0.48,10.48,0.48,-0.42000000000000004,10.0,0,0,1,0,1,0,1,0,0,1,0,0,0,2,0,0,0,0,0,1,0,0,0,0,0
train_033,0,14,0,4,6,8,3,0,0,0,0.48,0.48,-3.0,-3.0,-0.5,-1,-1,0,1,0,-1,-1,0,1,1,-1,-1,0,0,0,-1,-1,-1,-1,-1,-1,-1,-1,-1,-1
train_033,1,13,0,0,7,10,3,1,0,0,0.48,-3.0,-0.42000000000000004,-3.0,-0.5,-1,-1,0,1,1,-1,-1,0,1,0,-1,-1,0,1,1,-1,-1,0,0,0,-1,-1,-1,-1,-1
train_033,2,12,0,0,10,16,3,2,0,0,0.48,-3.0,-0.42000000000000004,-3.0,-0.5,-1,-1,0,0,0,-1,-1,0,1,1,-1,-1,0,1,0,-1,-1,0,1,1,-1,-1,0,0,0
train_033,3,11,0,0,10,16,3,3,0,0,0.48,-3.0,-0.42000000000000004,-3.0,-0.5,-1,-1,1,1,1,-1,-1,0,0,0,-1,-1,0,1,1,-1,-1,0,1,0,-1,-1,0,1,1
train_033,4,10,0,0,12,16,6,4,1,1,-3.0,0.48,-0.42000000000000004,-3.0,-0.5,-1,-1,0,1,0,-1,-1,1,1,1,-1,-1,0,0,0,-1,-1,0,1,1,-1,-1,0,1,0
train_033,5,10,1,1,16,26,8,5,1,1,-3.0,0.48,-3.0,-0.42000000000000004,-0.5,-1,0,1,0,0,-1,1,1,1,0,-1,0,0,0,0,-1,0,1,1,1,-1,0,1,0,0
train_033,6,10,2,1,21,42,10,6,1,1,-3.0,0.48,-3.0,-0.42000000000000004,-0.5,0,1,0,0,0,1,1,1,0,0,0,0,0,0,0,0,1,1,1,0,0,1,0,0,0
train_033,7,10,3,1,25,54,11,7,0,0,0.48,0.48,-3.0,-0.42000000000000004,-0.5,1,0,0,0,0,1,1,0,0,1,0,0,0,0,0,1,1,1,0,0,1,0,0,0,0
train_033,8,9,3,0,29,64,13,8,0,0,0.48,0.48,-0.42000000000000004,-3.0,-0.5,0,0,1,0,0,1,0,0,0,0,1,1,0,0,1,0,0,0,0,0,1,1,1,0,0
train_033,9,8,3,0,33,76,13,9,1,4,-3.0,0.48,-0.42000000000000004,0.48,10.0,0,0,2,0,1,0,0,1,0,0,1,0,0,0,0,1,1,0,0,1,0,0,0,0,0
train_033,10,8,4,1,37,88,14,10,0,4,0.48,0.48,0.48,-0.42000000000000004,10.0,0,2,0,1,1,0,1,0,0,0,0,0,0,0,0,1,0,0,1,0,0,0,0,0,0
train_033,11,7,4,0,42,102,16,11,0,4,0.48,0.48,-0.42000000000000004,-3.0,10.0,0,0,0,0,0,0,2,0,1,1,0,1,0,0,0,0,0,0,0,0,1,0,0,1,0
train_033,12,6,4,0,46,114,17,12,3,3,0.48,-3.0,-0.42000000000000004,10.48,10.0,0,0,1,0,0,0,0,0,0,0,0,2,0,1,1,0,1,0,0,0,0,0,0,0,0
train_034,0,14,0,4,9,24,6,0,0,0,0.48,0.48,-3.0,-3.0,-0.5,-1,-1,0,0,0,-1,-1,0,0,0,-1,-1,0,0,0,-1,-1,-1,-1,-1,-1,-1,-1,-1,-1
train_034,1,13,0,0,12,34,7,1,0,4,0.48,0.48,-0.42000000000000004,-3.0,10.0,-1,-1,0,2,0,-1,-1,0,0,0,-1,-1,0,0,0,-1,-1,0,0,0,-1,-1,-1,-1,-1
train_034,2,12,0,0,15,44,8,2,0,4,0.48,0.48,-0.42000000000000004,-3.0,10.0,-1,-1,0,0,0,-1,-1,0,2,0,-1,-1,0,0,0,-1,-1,0,0,0,-1,-1,0,0,0
train_034,3,11,0,0,18,54,8,3,1,1,0.48,10.48,-0.42000000000000004,-3.0,10.0,-1,-1,0,0,0,-1,-1,0,0,0,-1,-1,0,2,0,-1,-1,0,0,0,-1,-1,0,0,0
train_035,0,14,0,4,6,10,2,0,0,0,0.48,-3.0,-3.0,-3.0,-0.5,-1,-1,0,1,1,-1,-1,0,0,0,-1,-1,0,1,0,-1,-1,-1,-1,-1,-1,-1,-1,-1,-1
train_035,1,13,0,0,9,16,3,1,0,0,0.48,0.48,-0.42000000000000004,-3.0,-0.5,-1,-1,0,0,0,-1,-1,0,1,1,-1,-1,0,0,0,-1,-1,0,1,0,-1,-1,-1,-1,-1
train_035,2,12,0,0,11,22,4,2,0,0,0.48,-3.0,-0.42000000000000004,-3.0,-0.5,-1,-1,1,0,0,-1,-1,0,0,0,-1,-1,0,1,1,-1,-1,0,0,0,-1,-1,0,1,0
train_035,3,11,0,0,13,28,4,3,1,1,-3.0,0.48,-0.42000000000000004,-3.0,-0.5,-1,-1,1,0,0,-1,-1,1,0,0,-1,-1,0,0,0,-1,-1,0,1,1,-1,-1,0,0,0
train_035,4,11,1,1,17,38,4,4,0,0,0.48,0.48,-3.0,-0.42000000000000004,-0.5,-1,1,0,0,0,-1,1,0,0,0,-1,0,0,0,1,-1,0,1,1,0,-1,0,0,0,0
train_035,5,10,1,0,19,40,5,5,0,0,0.48,0.48,-0.42000000000000004,-3.0,-0.5,-1,0,1,0,1,-1,1,0,0,0,-1,1,0,0,0,-1,0,0,0,1,-1,0,1,1,0
train_035,6,9,1,0,23,50,8,6,1,1,-3.0,0.48,-0.42000000000000004,-3.0,-0.5,-1,0,0,0,0,-1,0,1,0,1,-1,1,0,0,0,-1,1,0,0,0,-1,0,0,0,1
train_035,7,9,2,1,27,58,11,7,0,0,0.48,0.48,0.48,-0.42000000000000004,-0.5,0,0,0,0,0,0,1,0,1,0,1,0,0,0,1,1,0,0,0,0,0,0,0,1,0
train_035,8,8,2,0,31,72,11,8,0,0,0.48,-3.0,-0.42000000000000004,-3.0,-0.5,0,0,0,0,1,0,0,0,0,0,0,1,0,1,0,1,0,0,0,1,1,0,0,0,0
train_035,9,7,2,0,35,86,10,9,0,0,0.48,0.48,-0.42000000000000004,0.48,-0.5,0,0,0,0,1,0,0,0,0,1,0,0,0,0,0,0,1,0,1,0,1,0,0,0,1
train_035,10,6,2,0,38,96,10,10,0,0,0.48,0.48,-0.42000000000000004,0.48,-0.5,0,0,0,1,1,0,0,0,0,1,0,0,0,0,1,0,0,0,0,0,0,1,0,1,0
train_035,11,5,2,0,43,110,11,11,0,0,0.48,0.48,-0.42000000000000004,0.48,-0.5,0,0,0,0,0,0,0,0,1,1,0,0,0,0,1,0,0,0,0,1,0,0,0,0,0
train_035,12,4,2,0,46,118,10,12,0,0,0.48,-3.0,-0.42000000000000004,0.48,-0.5,0,0,1,0,1,0,0,0,0,0,0,0,0,1,1,0,0,0,0,1,0,0,0,0,1
train_035,13,3,2,0,50,126,13,13,1,1,-3.0,0.48,-0.42000000000000004,0.48,-0.5,0,1,0,0,0,0,0,1,0,1,0,0,0,0,0,0,0,0,1,1,0,0,0,0,1
train_035,14,3,3,1,55,138,18,14,0,0,0.48,0.48,-3.0,-0.42000000000000004,-0.5,1,0,0,0,0,0,1,0,1,0,0,0,0,0,0,0,0,1,1,0,0,0,0,1,0
train_035,15,2,3,0,60,154,16,15,0,0,0.48,-3.0,-0.42000000000000004,-3.0,-0.5,0,0,0,0,0,1,0,0,0,0,0,1,0,1,0,0,0,0,0,0,0,0,1,1,0
train_035,16,1,3,0,60,154,16,16,1,0,0.48,0.48,-0.42000000000000004,0.48,-0.5,-1,-1,-1,-1,-1,0,0,0,0,0,1,0,0,0,0,0,1,0,1,0,0,0,0,0,0
train_035,17,1,4,1,64,168,15,17,1,0,0.48,0.48,-3.0,-0.42000000000000004,-0.5,-1,-1,-1,-1,-1,0,0,0,0,0,0,0,0,0,0,1,0,1,0,0,0,0,0,0,0
train_035,18,1,5,1,66,174,15,18,1,0,0.48,0.48,0.48,-0.42000000000000004,-0.5,-1,-1,-1,-1,-1,0,0,0,0,1,0,0,0,0,0,0,1,0,0,0,0,0,0,0,1
train_035,19,1,6,1,70,184,18,19,1,0,0.48,0.48,0.48,-0.42000000000000004,-0.5,-1,-1,-1,-1,-1,0,0,0,1,0,0,0,0,0,0,1,0,0,0,0,0,0,0,1,0
train_035,20,1,7,1,74,198,17,20,1,1,-3.0,0.48,0.48,-0.42000000000000004,-0.5,-1,-1,-1,-1,-1,0,0,1,0,0,0,0,0,0,0,0,0,0,0,0,0,0,1,0,0
train_035,21,1,8,1,77,208,15,21,1,0,0.48,0.48,0.48,-0.42000000000000004,-0.5,-1,-1,-1,-1,-1,0,1,0,0,0,0,0,0,0,0,0,0,0,0,0,0,1,0,0,1
train_035,22,1,9,1,79,210,16,22,1,0,0.48,0.48,0.48,-0.42000000000000004,-0.5,-1,-1,-1,-1,-1,1,0,0,0,1,0,0,0,0,0,0,0,0,0,1,1,0,0,1,0
train_035,23,1,10,1,83,220,19,23,1,0,0.48,0.48,0.48,-0.42000000000000004,-0.5,-1,-1,-1,-1,-1,0,0,0,1,0,0,0,0,0,0,0,0,0,1,0,0,0,1,0,0
train_035,24,1,11,1,87,234,20,24,1,1,-3.0,0.48,-3.0,-0.42000000000000004,-0.5,-1,-1,-1,-1,-1,0,0,1,0,0,0,0,0,0,0,0,0,1,0,0,0,1,0,0,0
train_035,25,1,12,1,91,248,17,25,1,4,0.48,0.48,0.48,-0.42000000000000004,10.0,-1,-1,-1,-1,-1,0,1,0,0,0,0,0,0,0,0,0,1,0,0,2,1,0,0,0,0
train_035,26,1,13,1,91,248,17,26,1,4,0.48,0.48,0.48,-0.42000000000000004,10.0,-1,-1,-1,-1,-1,1,0,0,0,-1,0,0,0,0,-1,1,0,0,2,-1,0,0,0,0,-1
train_035,27,1,14,1,91,248,17,27,2,2,0.48,-3.0,10.48,-0.42000000000000004,10.0,-1,-1,-1,-1,-1,0,0,0,-1,-1,0,0,0,-1,-1,0,0,2,-1,-1,0,0,0,-1,-1
train_036,0,14,0,4,7,16,4,0,0,0,0.48,0.48,-3.0,-3.0,-0.5,-1,-1,1,1,0,-1,-1,0,0,0,-1,-1,0,0,0,-1,-1,-1,-1,-1,-1,-1,-1,-1,-1
train_036,1,13,0,0,9,20,6,1,1,1,-3.0,0.48,-0.42000000000000004,-3.0,-0.5,-1,-1,1,0,0,-1,-1,1,1,0,-1,-1,0,0,0,-1,-1,0,0,0,-1,-1,-1,-1,-1
train_036,2,13,1,1,13,34,6,2,1,1,-3.0,0.48,0.48,-0.42000000000000004,-0.5,-1,1,0,0,0,-1,1,1,0,0,-1,0,0,0,0,-1,0,0,0,0,-1,-1,-1,-1,-1
train_036,3,13,2,1,16,42,5,3,0,0,0.48,0.48,0.48,-0.42000000000000004,-0.5,1,0,0,0,0,1,1,0,0,1,0,0,0,0,0,0,0,0,0,0,-1,-1,-1,-1,-1
train_036,4,12,2,0,20,56,5,4,0,0,0.48,0.48,-0.42000000000000004,-3.0,-0.5,1,0,0,0,0,1,0,0,0,0,1,1,0,0,1,0,0,0,0,0,0,0,0,0,0
train_036,5,11,2,0,23,64,5,5,0,0,0.48,0.48,-0.42000000000000004,0.48,-0.5,1,0,1,0,0,1,0,0,0,0,1,0,0,0,0,1,1,0,0,1,0,0,0,0,0
train_036,6,10,2,0,27,72,7,6,1,1,-3.0,0.48,-0.42000000000000004,0.48,-0.5,0,1,0,0,0,1,0,1,0,0,1,0,0,0,0,1,0,0,0,0,1,1,0,0,1
train_036,7,10,3,1,31,82,7,7,0,0,0.48,0.48,0.48,-0.42000000000000004,-0.5,1,0,0,0,0,0,1,0,0,0,0,0,0,0,0,0,0,0,0,1,1,0,0,1,0
train_036,8,9,3,0,35,92,9,8,0,0,0.48,0.48,-0.42000000000000004,-3.0,-0.5,0,0,0,1,0,1,0,0,0,0,0,1,0,0,0,0,0,0,0,0,0,0,0,0,1
train_036,9,8,3,0,39,104,11,9,0,0,0.48,0.48,-0.42000000000000004,0.48,-0.5,0,0,0,0,1,0,0,0,1,0,1,0,0,0,0,0,1,0,0,0,0,0,0,0,0
train_036,10,7,3,0,43,118,12,10,0,0,0.48,-3.0,-0.42000000000000004,0.48,-0.5,0,0,0,0,1,0,0,0,0,1,0,0,0,1,0,1,0,0,0,0,0,1,0,0,0
train_036,11,6,3,0,48,134,13,11,0,0,0.48,0.48,-0.42000000000000004,0.48,-0.5,0,0,0,0,0,0,0,0,0,1,0,0,0,0,1,0,0,0,1,0,1,0,0,0,0
train_036,12,5,3,0,51,142,14,12,0,0,0.48,0.48,-0.42000000000000004,0.48,-0.5,0,1,1,0,0,0,0,0,0,0,0,0,0,0,1,0,0,0,0,1,0,0,0,1,0
train_036,13,4,3,0,54,150,16,13,1,1,-3.0,0.48,-0.42000000000000004,0.48,-0.5,1,1,0,0,0,0,1,1,0,0,0,0,0,0,0,0,0,0,0,1,0,0,0,0,1
train_036,14,4,4,1,59,164,18,14,0,0,0.48,0.48,0.48,-0.42000000000000004,-0.5,1,0,0,0,0,1,1,0,0,0,0,0,0,0,0,0,0,0,1,0,0,0,0,1,0
train_036,15,3,4,0,63,176,19,15,0,0,0.48,0.48,-0.42000000000000004,-3.0,-0.5,0,0,0,0,1,1,0,0,0,0,1,1,0,0,0,0,0,0,0,0,0,0,0,1,0
train_036,16,2,4,0,67,186,17,16,0,4,0.48,0.48,-0.42000000000000004,0.48,10.0,0,1,2,0,0,0,0,0,0,1,1,0,0,0,0,1,1,0,0,0,0,0,0,0,0
train_036,17,1,4,0,67,186,17,17,0,0,10.48,0.48,-0.42000000000000004,0.48,10.0,-1,-1,-1,-1,-1,0,1,2,0,0,0,0,0,0,1,1,0,0,0,0,1,1,0,0,0
train_037,0,14,0,4,9,24,5,0,0,0,10.48,0.48,-3.0,-3.0,10.0,-1,-1,0,0,0,-1,-1,2,0,0,-1,-1,0,0,0,-1,-1,-1,-1,-1,-1,-1,-1,-1,-1
train_038,0,14,0,4,8,18,4,0,0,0,0.48,0.48,-3.0,-3.0,-0.5,-1,-1,0,1,0,-1,-1,0,0,0,-1,-1,0,0,0,-1,-1,-1,-1,-1,-1,-1,-1,-1,-1
train_038,1,13,0,0,10,22,4,1,1,0,0.48,0.48,-0.42000000000000004,-3.0,-0.5,-1,-1,0,0,1,-1,-1,0,1,0,-1,-1,0,0,0,-1,-1,0,0,0,-1,-1,-1,-1,-1
train_038,2,13,1,1,14,34,4,2,1,1,-3.0,0.48,0.48,-0.42000000000000004,-0.5,-1,0,0,1,0,-1,0,1,0,0,-1,0,0,0,0,-1,0,0,0,0,-1,-1,-1,-1,-1
train_038,3,13,2,1,17,44,2,3,1,0,0.48,0.48,0.48,-0.42000000000000004,-0.5,0,0,1,0,1,0,1,0,0,0,0,0,0,0,0,0,0,0,0,0,-1,-1,-1,-1,-1
train_038,4,13,3,1,19,46,4,4,1,0,0.48,0.48,0.48,-0.42000000000000004,-0.5,0,1,0,1,0,1,0,0,0,1,0,0,0,0,0,0,0,0,0,1,-1,-1,-1,-1,-1
train_038,5,13,4,1,22,54,5,5,1,0,0.48,0.48,0.48,-0.42000000000000004,-0.5,1,0,1,0,0,0,0,0,1,0,0,0,0,0,0,0,0,0,1,1,-1,-1,-1,-1,-1
train_038,6,13,5,1,25,62,6,6,1,1,-3.0,0.48,-3.0,-0.42000000000000004,-0.5,0,1,0,0,1,0,0,1,0,0,0,0,0,0,0,0,0,1,1,0,-1,-1,-1,-1,-1
train_038,7,13,6,1,29,74,8,7,0,0,0.48,0.48,-3.0,-0.42000000000000004,-0.5,1,0,0,1,0,0,1,0,0,0,0,0,0,0,0,0,1,1,0,0,-1,-1,-1,-1,-1
train_038,8,12,6,0,32,82,7,8,1,0,0.48,0.48,-0.42000000000000004,-3.0,-0.5,1,0,0,1,0,1,0,0,1,0,0,1,0,0,0,0,0,0,0,0,0,1,1,0,0
train_038,9,12,7,1,37,100,6,9,1,1,-3.0,0.48,0.48,-0.42000000000000004,-0.5,0,0,1,0,0,0,0,1,0,0,1,0,0,0,0,0,0,0,0,0,1,1,0,0,0
train_038,10,12,8,1,41,114,7,10,0,0,0.48,0.48,0.48,-0.42000000000000004,-0.5,0,1,0,0,0,0,1,0,0,0,0,0,0,0,0,0,0,0,0,0,1,0,0,0,1
train_038,11,11,8,0,44,120,8,11,0,0,0.48,0.48,-0.42000000000000004,-3.0,-0.5,0,0,1,1,0,0,1,0,0,0,0,1,0,0,0,0,0,0,0,0,0,0,0,0,0
train_038,12,10,8,0,48,128,11,12,1,1,-3.0,0.48,-0.42000000000000004,-3.0,-0.5,0,1,0,0,0,0,0,1,1,0,0,1,0,0,0,0,1,0,0,0,0,0,0,0,0
train_038,13,10,9,1,53,146,12,13,1,1,-3.0,0.48,0.48,-0.42000000000000004,-0.5,1,0,0,0,0,0,1,1,0,0,1,0,0,0,0,1,0,0,0,0,0,0,0,0,0
train_038,14,10,10,1,57,160,11,14,0,0,0.48,0.48,0.48,-0.42000000000000004,-0.5,0,0,0,0,0,1,1,0,0,0,0,0,0,0,0,0,0,0,0,0,0,0,0,0,1
train_038,15,9,10,0,61,174,12,15,0,0,0.48,0.48,-0.42000000000000004,-3.0,-0.5,0,0,0,0,1,0,0,0,0,0,1,1,0,0,0,0,0,0,0,0,0,0,0,0,0
train_038,16,8,10,0,66,190,15,16,1,0,0.48,0.48,-0.42000000000000004,0.48,-0.5,0,0,0,0,0,0,0,0,0,1,0,0,0,0,0,1,1,0,0,0,0,0,0,0,0
train_038,17,8,11,1,70,202,16,17,1,0,0.48,0.48,0.48,-0.42000000000000004,-0.5,0,0,0,0,0,0,0,0,1,0,0,0,0,0,0,1,0,0,0,0,0,0,0,0,1
train_038,18,8,12,1,74,212,14,18,1,4,-3.0,0.48,0.48,-0.42000000000000004,10.0,0,0,0,0,0,0,0,1,0,0,0,0,0,0,2,0,0,0,0,1,0,0,0,1,0
train_038,19,8,13,1,74,212,14,19,1,1,0.48,10.48,0.48,-0.42000000000000004,10.0,0,0,0,0,-1,0,1,0,0,-1,0,0,0,2,-1,0,0,0,1,-1,0,0,1,0,-1
train_039,0,14,0,4,8,20,3,0,0,0,0.48,0.48,-3.0,-3.0,-0.5,-1,-1,0,0,0,-1,-1,0,0,0,-1,-1,0,0,1,-1,-1,-1,-1,-1,-1,-1,-1,-1,-1
train_039,1,13,0,0,10,26,2,1,0,0,0.48,0.48,-0.42000000000000004,-3.0,-0.5,-1,-1,0,0,1,-1,-1,0,0,0,-1,-1,0,0,0,-1,-1,0,0,1,-1,-1,-1,-1,-1
train_039,2,12,0,0,12,30,4,2,0,0,0.48,0.48,-0.42000000000000004,-3.0,-0.5,-1,-1,1,0,0,-1,-1,0,0,1,-1,-1,0,0,0,-1,-1,0,0,0,-1,-1,0,0,1
train_039,3,11,0,0,15,38,4,3,1,1,-3.0,0.48,-0.42000000000000004,-3.0,-0.5,-1,-1,0,0,0,-1,-1,1,0,0,-1,-1,0,0,1,-1,-1,0,0,0,-1,-1,0,0,0
train_039,4,11,1,1,18,46,3,4,0,0,0.48,-3.0,0.48,-0.42000000000000004,-0.5,-1,0,0,0,1,-1,1,0,0,0,-1,0,0,1,0,-1,0,0,0,0,-1,0,0,0,1
train_039,5,10,1,0,21,52,4,5,0,0,0.48,0.48,-0.42000000000000004,-3.0,-0.5,-1,0,1,0,0,-1,0,0,0,1,-1,1,0,0,0,-1,0,0,1,0,-1,0,0,0,0
train_039,6,9,1,0,24,60,5,6,1,1,-3.0,0.48,-0.42000000000000004,0.48,-0.5,-1,1,0,0,0,-1,0,1,0,0,-1,0,0,0,1,-1,1,0,0,0,-1,0,0,1,0
train_039,7,9,2,1,28,70,7,7,0,0,0.48,-3.0,0.48,-0.42000000000000004,-0.5,1,0,0,0,0,0,1,0,0,0,0,0,0,1,0,1,0,0,0,1,0,0,1,0,0
train_039,8,8,2,0,32,80,8,8,0,0,0.48,0.48,-0.42000000000000004,-3.0,-0.5,0,0,0,1,0,1,0,0,0,0,0,1,0,0,0,0,0,0,1,0,1,0,0,0,1
train_039,9,7,2,0,36,90,10,9,0,0,0.48,0.48,-0.42000000000000004,0.48,-0.5,0,1,0,0,0,0,0,0,1,0,1,0,0,0,0,0,1,0,0,0,0,0,0,1,0
train_039,10,6,2,0,41,106,12,10,0,0,0.48,-3.0,-0.42000000000000004,0.48,-0.5,0,0,0,0,0,0,1,0,0,0,0,0,0,1,0,1,0,0,0,0,0,1,0,0,0
train_039,11,5,2,0,46,124,11,11,1,0,0.48,0.48,-0.42000000000000004,-3.0,-0.5,0,0,0,0,0,0,0,0,0,0,0,1,0,0,0,0,0,0,1,0,1,0,0,0,0
train_039,12,5,3,1,50,138,12,12,1,0,0.48,0.48,-3.0,-0.42000000000000004,-0.5,0,0,0,0,1,0,0,0,0,0,1,0,0,0,0,0,0,1,0,0,0,0,0,0,0
train_039,13,5,4,1,55,154,13,13,1,0,0.48,0.48,0.48,-0.42000000000000004,-0.5,0,0,0,1,0,0,0,0,0,0,0,0,0,0,0,0,1,0,0,0,0,0,0,0,0
train_039,14,5,5,1,59,166,14,14,1,0,0.48,0.48,0.48,-0.42000000000000004,-0.5,0,0,1,0,0,0,0,0,0,1,0,0,0,0,0,1,0,0,0,0,0,0,0,0,0
train_039,15,5,6,1,64,182,16,15,1,4,0.48,0.48,0.48,-0.42000000000000004,10.0,0,1,0,0,0,0,0,0,1,0,0,0,0,0,2,0,0,0,0,0,0,0,0,0,0
train_039,16,5,7,1,68,194,17,16,1,1,-3.0,10.48,0.48,-0.42000000000000004,10.0,1,0,0,0,0,0,0,1,0,0,0,0,0,2,1,0,0,0,0,0,0,0,0,0,0
train_040,0,14,0,4,6,12,2,0,1,1,-3.0,0.48,-3.0,-3.0,-0.5,-1,-1,1,0,1,-1,-1,1,0,0,-1,-1,0,0,0,-1,-1,-1,-1,-1,-1,-1,-1,-1,-1
train_040,1,14,1,1,8,18,1,1,0,0,0.48,0.48,-3.0,-0.42000000000000004,-0.5,-1,1,0,1,1,-1,1,0,0,0,-1,0,0,0,0,-1,-1,-1,-1,-1,-1,-1,-1,-1,-1
train_040,2,13,1,0,10,18,4,2,1,0,0.48,0.48,-0.42000000000000004,-3.0,-0.5,-1,0,1,1,0,-1,1,0,1,1,-1,1,0,0,0,-1,0,0,0,0,-1,-1,-1,-1,-1
train_040,3,13,2,1,13,26,5,3,1,1,-3.0,0.48,0.48,-0.42000000000000004,-0.5,0,1,1,0,0,1,0,1,1,0,1,0,0,0,0,0,0,0,0,1,-1,-1,-1,-1,-1
train_040,4,13,3,1,15,32,4,4,1,1,-3.0,0.48,0.48,-0.42000000000000004,-0.5,1,1,0,0,0,0,1,1,0,0,0,0,0,0,1,0,0,0,1,1,-1,-1,-1,-1,-1
train_040,5,13,4,1,18,38,6,5,0,0,0.48,-3.0,-3.0,-0.42000000000000004,-0.5,1,0,0,0,1,1,1,0,0,0,0,0,0,1,0,0,0,1,1,0,-1,-1,-1,-1,-1
train_040,6,12,4,0,20,44,5,6,1,0,0.48,0.48,-0.42000000000000004,-3.0,-0.5,1,0,0,1,1,1,0,0,0,1,1,1,0,0,0,0,0,0,1,0,0,0,1,1,0
train_040,7,12,5,1,25,58,6,7,1,0,0.48,0.48,-3.0,-0.42000000000000004,-0.5,0,0,1,1,0,0,0,0,1,0,1,0,0,0,0,0,0,1,0,0,0,1,1,0,0
train_040,8,12,6,1,28,68,6,8,1,1,-3.0,0.48,0.48,-0.42000000000000004,-0.5,0,1,1,0,1,0,0,1,0,1,0,0,0,0,0,0,1,0,0,0,1,1,0,0,0
train_040,9,12,7,1,32,80,6,9,1,0,0.48,0.48,0.48,-0.42000000000000004,-0.5,1,1,0,1,1,0,1,0,1,0,0,0,0,0,0,1,0,0,0,0,1,0,0,0,0
train_040,10,12,8,1,36,90,6,10,1,1,-3.0,0.48,0.48,-0.42000000000000004,-0.5,1,0,1,1,0,1,0,1,0,0,0,0,0,0,0,0,0,0,0,1,0,0,0,0,0
train_040,11,12,9,1,38,96,6,11,0,0,0.48,0.48,0.48,-0.42000000000000004,-0.5,0,1,1,0,0,0,1,0,0,0,0,0,0,0,1,0,0,0,1,1,0,0,0,0,1
train_040,12,11,9,0,42,106,9,12,1,4,-3.0,0.48,-0.42000000000000004,-3.0,10.0,0,1,2,0,0,0,1,1,0,0,0,1,0,0,0,0,0,0,0,1,0,0,0,1,1
train_040,13,11,10,1,44,112,9,13,0,4,0.48,0.48,0.48,-0.42000000000000004,10.0,1,2,0,0,0,1,1,0,0,0,1,0,0,0,1,0,0,0,1,1,0,0,1,1,1
train_040,14,10,10,0,48,126,9,14,0,4,0.48,0.48,-0.42000000000000004,-3.0,10.0,1,0,0,0,0,1,2,0,0,0,1,1,0,0,0,1,0,0,0,1,0,0,0,1,1
train_040,15,9,10,0,52,138,10,15,3,3,0.48,0.48,-0.42000000000000004,10.48,10.0,0,0,0,0,1,1,0,0,0,0,1,2,0,0,0,1,1,0,0,0,1,0,0,0,1
train_041,0,14,0,4,9,24,5,0,0,0,0.48,0.48,-3.0,-3.0,-0.5,-1,-1,0,0,0,-1,-1,0,0,0,-1,-1,0,0,0,-1,-1,-1,-1,-1,-1,-1,-1,-1,-1
train_041,1,13,0,0,12,34,5,1,0,0,0.48,0.48,-0.42000000000000004,-3.0,-0.5,-1,-1,0,0,0,-1,-1,0,0,0,-1,-1,0,0,0,-1,-1,0,0,0,-1,-1,-1,-1,-1
train_041,2,12,0,0,15,44,4,2,0,0,0.48,0.48,-0.42000000000000004,-3.0,-0.5,-1,-1,0,0,0,-1,-1,0,0,0,-1,-1,0,0,0,-1,-1,0,0,0,-1,-1,0,0,0
train_041,3,11,0,0,16,46,4,3,0,0,0.48,0.48,-0.42000000000000004,-3.0,-0.5,-1,-1,1,1,0,-1,-1,0,0,0,-1,-1,0,0,0,-1,-1,0,0,0,-1,-1,0,0,0
train_041,4,10,0,0,18,48,6,4,1,1,-3.0,0.48,-0.42000000000000004,-3.0,-0.5,-1,-1,0,0,1,-1,-1,1,1,0,-1,-1,0,0,0,-1,-1,0,0,0,-1,-1,0,0,0
train_041,5,10,1,1,21,56,7,5,1,1,-3.0,0.48,0.48,-0.42000000000000004,-0.5,-1,0,0,1,0,-1,1,1,0,0,-1,0,0,0,0,-1,0,0,0,1,-1,0,0,0,1
train_041,6,10,2,1,25,64,9,6,1,0,0.48,0.48,0.48,-0.42000000000000004,-0.5,0,0,1,0,0,1,1,0,0,1,0,0,0,0,0,0,0,0,1,0,0,0,0,1,0
train_041,7,10,3,1,29,74,12,7,1,0,0.48,0.48,-3.0,-0.42000000000000004,-0.5,0,1,0,0,0,1,0,0,1,0,0,0,0,0,1,0,0,1,0,0,0,0,1,0,0
train_041,8,10,4,1,34,90,12,8,2,2,-3.0,-3.0,0.48,-0.42000000000000004,-0.5,1,0,0,0,0,0,0,1,0,0,0,0,0,1,0,0,1,0,0,0,0,1,0,0,0
train_041,9,11,4,2,36,94,12,9,1,1,-0.42000000000000004,0.48,0.48,-3.0,-0.5,0,0,1,0,0,0,0,0,1,0,0,1,0,0,0,0,1,0,0,0,0,0,1,0,1
train_041,10,11,5,1,40,104,13,10,1,4,-3.0,0.48,0.48,-0.42000000000000004,10.0,0,1,0,0,0,0,0,1,0,1,1,0,0,0,0,1,0,0,0,0,0,1,0,1,2
train_041,11,11,6,1,43,114,13,11,1,4,0.48,0.48,0.48,-0.42000000000000004,10.0,1,0,0,0,1,0,1,0,1,1,0,0,0,0,0,0,0,0,0,0,1,0,1,2,0
train_041,12,11,7,1,46,120,15,12,2,4,-3.0,0.48,0.48,-0.42000000000000004,10.0,0,0,0,1,1,1,0,1,1,0,0,0,0,0,1,0,0,0,0,0,0,1,2,0,0
train_041,13,12,7,2,50,130,13,13,2,2,-0.42000000000000004,0.48,10.48,0.48,10.0,1,0,1,1,0,0,0,0,0,1,0,0,0,0,0,0,1,2,0,0,0,0,1,0,0
train_042,0,14,0,4,9,24,2,0,0,0,0.48,0.48,-3.0,-3.0,-0.5,-1,-1,0,0,0,-1,-1,0,0,0,-1,-1,0,0,0,-1,-1,-1,-1,-1,-1,-1,-1,-1,-1
train_042,1,13,0,0,10,26,2,1,0,0,0.48,0.48,-0.42000000000000004,-3.0,-0.5,-1,-1,1,0,1,-1,-1,0,0,0,-1,-1,0,0,0,-1,-1,0,0,0,-1,-1,-1,-1,-1
train_042,2,12,0,0,12,30,3,2,1,1,-3.0,0.48,-0.42000000000000004,-3.0,-0.5,-1,-1,0,0,1,-1,-1,1,0,1,-1,-1,0,0,0,-1,-1,0,0,0,-1,-1,0,0,0
train_042,3,12,1,1,15,34,5,3,0,0,0.48,0.48,0.48,-0.42000000000000004,-0.5,-1,0,0,1,0,-1,1,0,1,0,-1,0,0,0,1,-1,0,0,0,1,-1,0,0,0,0
train_042,4,11,1,0,19,46,5,4,0,0,0.48,-3.0,-0.42000000000000004,-3.0,-0.5,-1,0,0,0,0,-1,0,0,1,0,-1,1,0,1,0,-1,0,0,0,1,-1,0,0,0,1
train_042,5,10,1,0,22,56,4,5,0,0,0.48,-3.0,-0.42000000000000004,0.48,-0.5,-1,0,0,0,1,-1,0,0,0,0,-1,0,0,1,0,-1,1,0,1,0,-1,0,0,0,1
train_042,6,9,1,0,25,62,4,6,0,0,0.48,0.48,-0.42000000000000004,0.48,-0.5,-1,0,1,0,0,-1,0,0,0,1,-1,0,0,0,0,-1,0,0,1,0,-1,1,0,1,0
train_042,7,8,1,0,27,66,5,7,1,1,-3.0,0.48,-0.42000000000000004,0.48,-0.5,-1,1,0,0,1,-1,0,1,0,0,-1,0,0,0,1,-1,0,0,0,0,-1,0,0,1,0
train_042,8,8,2,1,31,74,8,8,0,0,0.48,-3.0,0.48,-0.42000000000000004,-0.5,1,0,0,1,0,0,1,0,0,0,0,0,0,1,0,0,0,0,0,1,0,0,1,0,0
train_042,9,7,2,0,35,84,10,9,1,0,0.48,0.48,-0.42000000000000004,-3.0,-0.5,0,0,0,1,0,1,0,0,1,0,0,1,0,0,0,0,0,0,1,0,0,0,0,0,1
train_042,10,7,3,1,38,92,10,10,1,1,-3.0,0.48,-3.0,-0.42000000000000004,-0.5,0,0,1,0,0,0,0,1,0,0,1,0,0,0,1,0,0,1,0,0,0,0,0,1,1
train_042,11,7,4,1,41,98,11,11,0,0,0.48,-3.0,0.48,-0.42000000000000004,-0.5,0,1,0,0,0,0,1,0,0,1,0,0,0,1,0,0,1,0,0,0,0,0,1,1,1
train_042,12,6,4,0,45,110,12,12,0,0,0.48,0.48,-0.42000000000000004,-3.0,-0.5,0,1,0,0,0,0,1,0,0,0,0,1,0,0,1,0,0,0,1,0,0,1,0,0,0
train_042,13,5,4,0,49,122,12,13,1,0,0.48,0.48,-0.42000000000000004,-3.0,-0.5,1,0,0,0,0,0,1,0,0,0,0,1,0,0,0,0,1,0,0,1,0,0,0,1,0
train_042,14,5,5,1,53,134,13,14,1,0,0.48,0.48,0.48,-0.42000000000000004,-0.5,0,0,0,0,0,1,0,0,0,0,1,0,0,0,0,1,0,0,1,0,0,0,1,0,1
train_042,15,5,6,1,58,150,16,15,1,4,0.48,0.48,-3.0,-0.42000000000000004,10.0,0,0,0,0,0,0,0,0,0,0,0,0,0,0,0,0,0,1,0,2,0,1,0,1,0
train_042,16,5,7,1,63,168,16,16,1,4,0.48,0.48,0.48,-0.42000000000000004,10.0,0,0,0,0,0,0,0,0,0,0,0,0,0,0,0,0,1,0,2,0,1,0,1,0,0
train_042,17,5,8,1,66,176,17,17,2,2,0.48,0.48,10.48,-0.42000000000000004,10.0,0,0,0,0,0,0,0,0,0,1,0,0,0,0,0,1,0,2,0,0,0,1,0,0,1
train_043,0,14,0,4,7,16,3,0,0,0,0.48,0.48,-3.0,-3.0,-0.5,-1,-1,0,0,1,-1,-1,0,0,0,-1,-1,0,0,1,-1,-1,-1,-1,-1,-1,-1,-1,-1,-1
train_043,1,13,0,0,10,24,3,1,0,0,0.48,0.48,-0.42000000000000004,-3.0,-0.5,-1,-1,0,0,0,-1,-1,0,0,1,-1,-1,0,0,0,-1,-1,0,0,1,-1,-1,-1,-1,-1
train_043,2,12,0,0,12,28,2,2,0,0,0.48,0.48,-0.42000000000000004,-3.0,-0.5,-1,-1,0,1,0,-1,-1,0,0,0,-1,-1,0,0,1,-1,-1,0,0,0,-1,-1,0,0,1
train_043,3,11,0,0,13,28,3,3,1,0,0.48,0.48,-0.42000000000000004,-3.0,-0.5,-1,-1,1,0,1,-1,-1,0,1,0,-1,-1,0,0,0,-1,-1,0,0,1,-1,-1,0,0,0
train_043,4,11,1,1,16,34,5,4,1,1,-3.0,0.48,0.48,-0.42000000000000004,-0.5,-1,1,0,1,0,-1,0,1,0,0,-1,0,0,0,1,-1,0,0,1,1,-1,0,0,0,0
train_043,5,11,2,1,19,40,7,5,0,0,0.48,-3.0,-3.0,-0.42000000000000004,-0.5,1,0,1,0,0,0,1,0,0,1,0,0,0,1,1,0,0,1,1,0,0,0,0,0,0
train_043,6,10,2,0,24,54,10,6,1,1,-3.0,0.48,-0.42000000000000004,-3.0,-0.5,0,0,0,0,0,1,0,1,0,0,0,1,0,0,1,0,0,0,1,1,0,0,1,1,0
train_043,7,10,3,1,29,68,11,7,0,4,0.48,-3.0,-3.0,-0.42000000000000004,10.0,0,0,0,0,2,0,1,0,0,0,1,0,0,1,0,0,0,1,1,0,0,1,1,0,0
train_043,8,9,3,0,33,82,10,8,0,4,0.48,0.48,-0.42000000000000004,-3.0,10.0,0,0,0,0,1,0,0,0,0,2,0,1,0,0,0,1,0,0,1,0,0,0,1,1,0
train_043,9,8,3,0,36,88,12,9,1,4,0.48,0.48,-0.42000000000000004,0.48,10.0,0,1,1,0,0,0,0,0,0,1,0,0,0,0,2,0,1,0,0,0,1,0,0,1,0
train_043,10,8,4,1,39,96,12,10,1,1,0.48,10.48,0.48,-0.42000000000000004,10.0,1,1,0,0,0,0,0,0,1,1,0,0,0,2,0,1,0,0,0,0,0,0,1,0,1
train_044,0,14,0,4,8,18,6,0,1,1,-3.0,0.48,-3.0,-3.0,-0.5,-1,-1,0,0,0,-1,-1,1,0,0,-1,-1,0,0,0,-1,-1,-1,-1,-1,-1,-1,-1,-1,-1
train_044,1,14,1,1,11,28,7,1,0,0,0.48,0.48,-3.0,-0.42000000000000004,-0.5,-1,0,0,0,0,-1,1,0,0,0,-1,0,0,0,0,-1,-1,-1,-1,-1,-1,-1,-1,-1,-1
train_044,2,13,1,0,15,42,7,2,0,0,0.48,0.48,-0.42000000000000004,-3.0,-0.5,-1,0,0,0,0,-1,0,0,0,0,-1,1,0,0,0,-1,0,0,0,0,-1,-1,-1,-1,-1
train_044,3,12,1,0,18,50,8,3,0,0,0.48,0.48,-0.42000000000000004,0.48,-0.5,-1,0,0,1,0,-1,0,0,0,0,-1,0,0,0,0,-1,1,0,0,0,-1,0,0,0,0
train_044,4,11,1,0,22,62,10,4,0,0,0.48,0.48,-0.42000000000000004,0.48,-0.5,-1,0,0,0,0,-1,0,0,1,0,-1,0,0,0,0,-1,0,0,0,0,-1,1,0,0,0
train_044,5,10,1,0,26,76,10,5,0,0,0.48,-3.0,-0.42000000000000004,0.48,-0.5,-1,0,0,0,0,-1,0,0,0,0,-1,0,0,1,0,-1,0,0,0,0,-1,0,0,0,0
train_044,6,9,1,0,29,84,9,6,0,0,0.48,0.48,-0.42000000000000004,0.48,-0.5,-1,0,0,1,0,-1,0,0,0,0,-1,0,0,0,0,-1,0,0,1,0,-1,0,0,0,0
train_044,7,8,1,0,31,88,10,7,1,0,0.48,0.48,-0.42000000000000004,0.48,-0.5,-1,1,1,0,0,-1,0,0,1,0,-1,0,0,0,0,-1,0,0,0,0,-1,0,0,1,0
train_044,8,8,2,1,35,102,9,8,1,1,-3.0,0.48,0.48,-0.42000000000000004,-0.5,1,1,0,0,1,0,0,1,0,0,0,0,0,0,0,0,0,0,0,0,0,0,1,0,0
train_044,9,8,3,1,38,108,11,9,0,0,0.48,0.48,0.48,-0.42000000000000004,-0.5,1,0,0,1,0,0,1,0,0,0,0,0,0,0,1,0,0,0,0,0,0,1,0,0,1
train_044,10,7,3,0,43,122,15,10,0,0,0.48,0.48,-0.42000000000000004,-3.0,-0.5,0,0,0,0,0,1,0,0,1,0,0,1,0,0,0,0,0,0,0,1,0,0,0,0,0
train_044,11,6,3,0,48,140,16,11,0,0,0.48,-3.0,-0.42000000000000004,0.48,-0.5,0,0,0,0,0,0,0,0,0,0,1,0,0,1,0,0,1,0,0,0,0,0,0,0,1
train_044,12,5,3,0,52,154,17,12,0,4,0.48,0.48,-0.42000000000000004,0.48,10.0,0,2,0,0,1,0,0,0,0,0,0,0,0,0,0,1,0,0,1,0,0,1,0,0,0
train_044,13,4,3,0,57,170,19,13,0,4,0.48,0.48,-0.42000000000000004,0.48,10.0,0,0,0,0,0,0,2,0,0,1,0,0,0,0,0,0,0,0,0,0,1,0,0,1,0
train_044,14,3,3,0,61,184,18,14,3,3,0.48,0.48,-0.42000000000000004,10.48,10.0,0,0,0,0,1,0,0,0,0,0,0,2,0,0,1,0,0,0,0,0,0,0,0,0,0
train_045,0,14,0,4,8,18,3,0,0,0,0.48,0.48,-3.0,-3.0,-0.5,-1,-1,0,1,0,-1,-1,0,0,0,-1,-1,0,0,0,-1,-1,-1,-1,-1,-1,-1,-1,-1,-1
train_045,1,13,0,0,10,22,1,1,1,0,0.48,0.48,-0.42000000000000004,-3.0,-0.5,-1,-1,0,1,0,-1,-1,0,1,0,-1,-1,0,0,0,-1,-1,0,0,0,-1,-1,-1,-1,-1
train_045,2,13,1,1,11,24,1,2,1,1,-3.0,0.48,0.48,-0.42000000000000004,-0.5,-1,0,1,0,1,-1,0,1,0,0,-1,0,0,0,1,-1,0,0,0,1,-1,-1,-1,-1,-1
train_045,3,13,2,1,14,28,1,3,0,0,0.48,-3.0,0.48,-0.42000000000000004,-0.5,0,1,0,1,0,0,1,0,0,0,0,0,0,1,1,0,0,0,1,0,-1,-1,-1,-1,-1
train_045,4,12,2,0,16,28,3,4,1,0,0.48,0.48,-0.42000000000000004,-3.0,-0.5,1,0,1,0,1,0,1,0,1,0,0,1,0,0,0,0,0,0,1,1,0,0,0,1,0
train_045,5,12,3,1,18,32,3,5,1,1,-3.0,0.48,-3.0,-0.42000000000000004,-0.5,0,1,0,1,1,1,0,1,0,1,1,0,0,0,0,0,0,1,1,0,0,0,1,0,1
train_045,6,12,4,1,20,34,4,6,1,0,0.48,0.48,-3.0,-0.42000000000000004,-0.5,1,0,1,1,0,0,1,0,1,1,0,0,0,0,1,0,1,1,0,0,0,1,0,1,1
train_045,7,12,5,1,24,42,5,7,2,2,-3.0,-3.0,0.48,-0.42000000000000004,-0.5,0,1,1,0,1,1,0,1,1,0,0,0,0,1,0,1,1,0,0,0,1,0,1,1,0
train_045,8,13,5,2,24,42,5,8,1,1,-0.42000000000000004,0.48,-3.0,-3.0,-0.5,1,0,1,1,0,0,0,0,1,0,1,1,0,0,0,1,0,1,1,0,-1,-1,-1,-1,-1
train_045,9,13,6,1,26,46,6,9,1,1,-3.0,0.48,-3.0,-0.42000000000000004,-0.5,0,1,1,0,0,0,0,1,0,1,1,0,0,0,1,0,1,1,0,0,-1,-1,-1,-1,-1
train_045,10,13,7,1,29,52,7,10,0,0,0.48,-3.0,0.48,-0.42000000000000004,-0.5,1,1,0,0,0,0,1,0,1,1,0,0,0,1,0,1,1,0,0,0,-1,-1,-1,-1,-1
train_045,11,12,7,0,31,58,8,11,0,0,0.48,-3.0,-0.42000000000000004,-3.0,-0.5,1,0,1,0,0,1,1,0,0,0,0,1,0,1,1,0,0,0,1,0,1,1,0,0,0
train_045,12,11,7,0,36,72,10,12,1,1,-3.0,0.48,-0.42000000000000004,-3.0,-0.5,0,0,0,0,0,1,0,1,0,0,1,1,0,0,0,0,1,0,1,1,0,0,0,1,0
train_045,13,11,8,1,41,88,10,13,0,0,0.48,0.48,-3.0,-0.42000000000000004,-0.5,0,0,0,0,0,0,1,0,0,0,1,0,0,0,0,1,0,1,1,0,0,0,1,0,0
train_045,14,10,8,0,45,100,10,14,1,0,0.48,0.48,-0.42000000000000004,-3.0,-0.5,0,0,0,1,0,0,0,0,0,0,0,1,0,0,0,1,0,0,0,0,1,0,1,1,0
train_045,15,10,9,1,49,112,9,15,1,0,0.48,0.48,0.48,-0.42000000000000004,-0.5,0,0,1,0,0,0,0,0,0,1,1,0,0,0,0,0,0,0,0,0,0,1,1,0,0
train_045,16,10,10,1,52,118,11,16,1,4,0.48,0.48,0.48,-0.42000000000000004,10.0,0,1,0,0,0,0,0,0,1,1,0,0,0,0,2,0,0,0,0,1,1,1,0,0,0
train_045,17,10,11,1,56,128,12,17,1,1,-3.0,10.48,0.48,-0.42000000000000004,10.0,1,0,0,0,0,0,0,1,1,0,0,0,0,2,0,0,0,0,1,1,1,0,0,0,0
train_046,0,14,0,4,9,24,4,0,0,0,0.48,0.48,-3.0,-3.0,-0.5,-1,-1,0,0,0,-1,-1,0,0,0,-1,-1,0,0,0,-1,-1,-1,-1,-1,-1,-1,-1,-1,-1
train_046,1,13,0,0,10,26,5,1,0,0,0.48,0.48,-0.42000000000000004,-3.0,-0.5,-1,-1,1,1,0,-1,-1,0,0,0,-1,-1,0,0,0,-1,-1,0,0,0,-1,-1,-1,-1,-1
train_046,2,12,0,0,12,30,7,2,1,1,-3.0,0.48,-0.42000000000000004,-3.0,-0.5,-1,-1,1,0,0,-1,-1,1,1,0,-1,-1,0,0,0,-1,-1,0,0,0,-1,-1,0,0,0
train_046,3,12,1,1,17,48,8,3,1,1,-3.0,0.48,0.48,-0.42000000000000004,-0.5,-1,1,0,0,0,-1,1,1,0,0,-1,0,0,0,0,-1,0,0,0,0,-1,0,0,0,0
train_046,4,12,2,1,22,66,7,4,0,0,0.48,0.48,0.48,-0.42000000000000004,-0.5,1,0,0,0,0,1,1,0,0,0,0,0,0,0,0,0,0,0,0,0,0,0,0,0,0
train_046,5,11,2,0,25,76,7,5,0,0,0.48,0.48,-0.42000000000000004,-3.0,-0.5,1,0,0,0,1,1,0,0,0,0,1,1,0,0,0,0,0,0,0,0,0,0,0,0,0
train_046,6,10,2,0,29,88,7,6,1,0,0.48,0.48,-0.42000000000000004,0.48,-0.5,0,0,0,0,1,1,0,0,0,1,1,0,0,0,0,1,1,0,0,0,0,0,0,0,0
train_046,7,10,3,1,34,102,7,7,1,0,0.48,0.48,0.48,-0.42000000000000004,-0.5,0,0,0,1,0,0,0,0,1,0,0,0,0,0,0,1,0,0,0,0,0,0,0,0,0
train_046,8,10,4,1,36,108,8,8,1,1,-3.0,0.48,0.48,-0.42000000000000004,-0.5,0,0,1,0,0,0,0,1,0,0,0,0,0,0,1,0,0,0,0,1,0,0,0,0,1
train_046,9,10,5,1,41,120,13,9,0,0,0.48,-3.0,0.48,-0.42000000000000004,-0.5,0,1,0,0,0,0,1,0,0,0,0,0,0,1,0,0,0,0,1,0,0,0,0,1,0
train_046,10,9,5,0,44,128,15,10,0,0,0.48,0.48,-0.42000000000000004,-3.0,-0.5,0,1,1,0,0,0,1,0,0,0,0,1,0,0,0,0,0,0,1,0,0,0,0,1,0
train_046,11,8,5,0,49,142,18,11,1,1,-3.0,0.48,-0.42000000000000004,-3.0,-0.5,0,0,0,0,0,0,1,1,0,0,0,1,0,0,0,0,1,0,0,0,0,0,0,1,0
train_046,12,8,6,1,54,160,18,12,1,0,0.48,0.48,0.48,-0.42000000000000004,-0.5,0,0,0,0,0,1,1,0,0,0,1,0,0,0,0,1,0,0,0,0,0,0,1,0,0
train_046,13,8,7,1,57,168,18,13,1,0,0.48,0.48,0.48,-0.42000000000000004,-0.5,0,0,0,0,0,1,0,0,0,1,0,0,0,0,0,0,0,0,0,0,0,1,0,0,1
train_046,14,8,8,1,61,176,21,14,1,0,0.48,0.48,0.48,-0.42000000000000004,-0.5,0,0,0,0,0,0,0,0,1,0,0,0,0,0,0,0,0,0,0,1,1,0,0,1,0
train_046,15,8,9,1,65,188,23,15,1,4,-3.0,0.48,0.48,-0.42000000000000004,10.0,0,0,0,0,0,0,0,1,0,0,0,0,0,0,0,0,0,0,1,2,0,0,1,0,1
train_046,16,8,10,1,70,204,25,16,1,4,0.48,0.48,-3.0,-0.42000000000000004,10.0,0,0,0,0,0,0,1,0,0,0,0,0,0,0,0,0,0,1,2,0,0,1,0,1,0
train_046,17,8,11,1,74,216,24,17,2,2,0.48,0.48,10.48,-0.42000000000000004,10.0,0,0,0,0,0,1,0,0,0,1,0,0,0,0,0,0,1,2,0,0,1,0,1,0,0
train_047,0,14,0,4,8,18,5,0,0,0,0.48,0.48,-3.0,-3.0,-0.5,-1,-1,0,1,0,-1,-1,0,0,0,-1,-1,0,0,0,-1,-1,-1,-1,-1,-1,-1,-1,-1,-1
train_047,1,13,0,0,10,22,6,1,0,0,0.48,0.48,-0.42000000000000004,-3.0,-0.5,-1,-1,0,1,0,-1,-1,0,1,0,-1,-1,0,0,0,-1,-1,0,0,0,-1,-1,-1,-1,-1
train_047,2,12,0,0,13,30,8,2,0,0,0.48,-3.0,-0.42000000000000004,-3.0,-0.5,-1,-1,0,0,0,-1,-1,0,1,0,-1,-1,0,1,0,-1,-1,0,0,0,-1,-1,0,0,0
train_047,3,11,0,0,16,40,9,3,0,0,0.48,-3.0,-0.42000000000000004,-3.0,-0.5,-1,-1,0,0,0,-1,-1,0,0,0,-1,-1,0,1,0,-1,-1,0,1,0,-1,-1,0,0,0
train_047,4,10,0,0,19,50,9,4,0,0,0.48,0.48,-0.42000000000000004,-3.0,-0.5,-1,-1,0,0,0,-1,-1,0,0,0,-1,-1,0,0,0,-1,-1,0,1,0,-1,-1,0,1,0
train_047,5,9,0,0,21,56,8,5,0,0,0.48,0.48,-0.42000000000000004,-3.0,-0.5,-1,-1,0,0,1,-1,-1,0,0,0,-1,-1,0,0,0,-1,-1,0,0,0,-1,-1,0,1,0
train_047,6,8,0,0,22,58,7,6,1,0,0.48,0.48,-0.42000000000000004,-3.0,-0.5,-1,-1,1,0,1,-1,-1,0,0,1,-1,-1,0,0,0,-1,-1,0,0,0,-1,-1,0,0,0
train_047,7,8,1,1,27,72,9,7,1,0,0.48,0.48,0.48,-0.42000000000000004,-0.5,-1,1,0,1,0,-1,0,0,1,0,-1,0,0,0,0,-1,0,0,0,0,-1,0,0,0,0
train_047,8,8,2,1,31,84,11,8,1,1,-3.0,0.48,0.48,-0.42000000000000004,-0.5,1,0,1,0,0,0,0,1,0,0,0,0,0,0,0,0,0,0,0,1,0,0,0,0,0
train_047,9,8,3,1,36,100,13,9,0,0,0.48,0.48,0.48,-0.42000000000000004,-0.5,0,1,0,0,0,0,1,0,0,0,0,0,0,0,0,0,0,0,1,0,0,0,0,0,0
train_047,10,7,3,0,38,106,13,10,0,0,0.48,0.48,-0.42000000000000004,-3.0,-0.5,1,1,1,0,0,0,1,0,0,0,0,1,0,0,0,0,0,0,0,0,0,0,0,1,0
train_047,11,6,3,0,43,118,18,11,1,1,-3.0,0.48,-0.42000000000000004,-3.0,-0.5,0,0,0,0,0,1,1,1,0,0,0,1,0,0,0,0,1,0,0,0,0,0,0,0,0
train_047,12,6,4,1,46,126,18,12,0,0,0.48,0.48,0.48,-0.42000000000000004,-0.5,0,0,0,0,0,1,1,0,0,1,1,0,0,0,0,1,0,0,0,0,0,0,0,0,1
train_047,13,5,4,0,50,140,19,13,0,0,0.48,0.48,-0.42000000000000004,-3.0,-0.5,0,0,0,0,1,0,0,0,0,0,1,1,0,0,1,1,0,0,0,0,1,0,0,0,0
train_047,14,4,4,0,55,156,21,14,0,0,0.48,0.48,-0.42000000000000004,0.48,-0.5,0,0,0,0,0,0,0,0,0,1,0,0,0,0,0,1,1,0,0,1,1,0,0,0,0
train_047,15,3,4,0,59,170,20,15,0,0,0.48,0.48,-0.42000000000000004,0.48,-0.5,0,0,0,0,1,0,0,0,0,0,0,0,0,0,1,0,0,0,0,0,1,1,0,0,1
train_047,16,2,4,0,62,176,20,16,0,4,0.48,0.48,-0.42000000000000004,0.48,10.0,2,1,1,0,0,0,0,0,0,1,0,0,0,0,0,0,0,0,0,1,0,0,0,0,0
train_047,17,1,4,0,62,176,20,17,3,4,-3.0,0.48,-0.42000000000000004,0.48,10.0,-1,-1,-1,-1,-1,2,1,1,0,0,0,0,0,0,1,0,0,0,0,0,0,0,0,0,1
train_047,18,1,3,3,66,192,19,18,3,4,-3.0,-0.42000000000000004,0.48,0.48,10.0,-1,-1,-1,-1,-1,0,2,1,1,0,0,0,0,0,0,0,0,0,0,0,0,0,0,0,0
train_047,19,1,2,3,70,206,16,19,0,0,10.48,-0.42000000000000004,0.48,0.48,10.0,-1,-1,-1,-1,-1,0,0,2,1,1,0,0,0,0,0,0,0,0,0,0,0,0,0,0,0
train_048,0,14,0,4,7,16,3,0,1,1,-3.0,0.48,-3.0,-3.0,-0.5,-1,-1,1,0,0,-1,-1,1,0,0,-1,-1,0,0,0,-1,-1,-1,-1,-1,-1,-1,-1,-1,-1
train_048,1,14,1,1,8,18,3,1,0,0,0.48,0.48,-3.0,-0.42000000000000004,-0.5,-1,1,0,0,0,-1,1,0,0,1,-1,0,0,0,1,-1,-1,-1,-1,-1,-1,-1,-1,-1,-1
train_048,2,13,1,0,11,26,3,2,0,0,0.48,0.48,-0.42000000000000004,-3.0,-0.5,-1,0,0,0,1,-1,1,0,0,0,-1,1,0,0,1,-1,0,0,0,1,-1,-1,-1,-1,-1
train_048,3,12,1,0,14,32,3,3,0,0,0.48,0.48,-0.42000000000000004,-3.0,-0.5,-1,0,1,0,0,-1,0,0,0,1,-1,1,0,0,0,-1,1,0,0,1,-1,0,0,0,1
train_048,4,11,1,0,17,40,4,4,1,1,-3.0,0.48,-0.42000000000000004,0.48,-0.5,-1,0,0,0,1,-1,0,1,0,0,-1,0,0,0,1,-1,1,0,0,0,-1,1,0,0,1
train_048,5,11,2,1,21,46,9,5,0,0,0.48,-3.0,0.48,-0.42000000000000004,-0.5,0,0,0,1,0,0,1,0,0,1,0,0,0,1,0,1,0,0,0,0,1,0,0,1,0
train_048,6,10,2,0,26,62,10,6,0,0,0.48,0.48,-0.42000000000000004,-3.0,-0.5,0,0,0,0,0,0,0,0,1,0,0,1,0,0,1,0,0,0,1,0,1,0,0,0,0
train_048,7,9,2,0,30,76,11,7,0,0,0.48,-3.0,-0.42000000000000004,0.48,-0.5,1,0,0,0,0,0,0,0,0,0,0,0,0,1,0,0,1,0,0,1,0,0,0,1,0
train_048,8,8,2,0,35,92,11,8,0,0,0.48,0.48,-0.42000000000000004,0.48,-0.5,0,0,0,0,0,1,0,0,0,0,0,0,0,0,0,0,0,0,1,0,0,1,0,0,1
train_048,9,7,2,0,39,104,12,9,1,0,0.48,0.48,-0.42000000000000004,0.48,-0.5,0,1,0,0,0,0,0,0,0,0,1,0,0,0,0,0,0,0,0,0,0,0,0,1,0
train_048,10,7,3,1,43,116,12,10,1,0,0.48,0.48,0.48,-0.42000000000000004,-0.5,1,0,0,0,0,0,0,0,0,1,0,0,0,0,0,0,0,0,0,0,0,0,1,0,0
train_048,11,7,4,1,46,122,14,11,1,0,0.48,0.48,0.48,-0.42000000000000004,-0.5,0,0,0,0,1,0,0,0,1,0,0,0,0,0,0,0,0,0,0,1,0,1,0,0,0
train_048,12,7,5,1,50,132,15,12,1,4,-3.0,0.48,0.48,-0.42000000000000004,10.0,0,0,0,1,2,0,0,1,0,0,0,0,0,0,0,0,0,0,1,1,1,0,0,0,0
train_048,13,7,6,1,53,138,16,13,0,4,0.48,0.48,-3.0,-0.42000000000000004,10.0,0,0,1,2,0,0,1,0,0,1,0,0,0,0,1,0,0,1,1,0,0,0,0,0,0
train_048,14,6,6,0,58,154,18,14,1,4,-3.0,0.48,-0.42000000000000004,-3.0,10.0,0,0,0,0,0,0,0,1,2,0,0,1,0,0,1,0,0,0,0,1,0,0,1,1,0
train_048,15,6,7,1,61,158,21,15,0,0,10.48,-3.0,0.48,-0.42000000000000004,10.0,0,0,0,0,0,0,1,2,0,1,1,0,0,1,0,0,0,0,1,0,0,1,1,0,1
train_049,0,14,0,4,8,18,3,0,0,0,0.48,0.48,-3.0,-3.0,-0.5,-1,-1,0,1,0,-1,-1,0,0,0,-1,-1,0,0,0,-1,-1,-1,-1,-1,-1,-1,-1,-1,-1
train_049,1,13,0,0,10,22,5,1,1,0,0.48,0.48,-0.42000000000000004,-3.0,-0.5,-1,-1,1,0,0,-1,-1,0,1,0,-1,-1,0,0,0,-1,-1,0,0,0,-1,-1,-1,-1,-1
train_049,2,13,1,1,13,30,5,2,1,1,-3.0,0.48,0.48,-0.42000000000000004,-0.5,-1,1,0,0,0,-1,0,1,0,1,-1,0,0,0,0,-1,0,0,0,0,-1,-1,-1,-1,-1
train_049,3,13,2,1,17,42,6,3,0,0,0.48,0.48,0.48,-0.42000000000000004,-0.5,1,0,0,0,0,0,1,0,1,0,0,0,0,0,0,0,0,0,0,0,-1,-1,-1,-1,-1
train_049,4,12,2,0,21,52,6,4,0,0,0.48,-3.0,-0.42000000000000004,-3.0,-0.5,0,0,0,1,0,1,0,0,0,0,0,1,0,1,0,0,0,0,0,0,0,0,0,0,0
train_049,5,11,2,0,24,58,6,5,0,0,0.48,0.48,-0.42000000000000004,0.48,-0.5,0,1,0,0,1,0,0,0,1,0,1,0,0,0,0,0,1,0,1,0,0,0,0,0,0
train_049,6,10,2,0,27,64,7,6,0,4,0.48,-3.0,-0.42000000000000004,0.48,10.0,0,0,1,2,1,0,1,0,0,1,0,0,0,1,0,1,0,0,0,0,0,1,0,1,0
train_049,7,9,2,0,32,78,10,7,1,4,-3.0,0.48,-0.42000000000000004,-3.0,10.0,0,0,0,0,0,0,0,1,2,1,0,1,0,0,1,0,0,0,1,0,1,0,0,0,0
train_049,8,9,3,1,36,88,11,8,0,0,10.48,-3.0,-3.0,-0.42000000000000004,10.0,0,0,0,0,0,0,1,2,1,0,1,0,0,1,1,0,0,1,0,0,0,0,0,0,0
train_050,0,14,0,4,7,14,3,0,0,0,0.48,0.48,-3.0,-3.0,-0.5,-1,-1,0,1,0,-1,-1,0,0,0,-1,-1,0,0,1,-1,-1,-1,-1,-1,-1,-1,-1,-1,-1
train_050,1,13,0,0,10,22,5,1,0,0,0.48,0.48,-0.42000000000000004,-3.0,-0.5,-1,-1,0,0,0,-1,-1,0,1,0,-1,-1,0,0,0,-1,-1,0,0,1,-1,-1,-1,-1,-1
train_050,2,12,0,0,13,32,6,2,0,0,0.48,-3.0,-0.42000000000000004,-3.0,-0.5,-1,-1,0,0,0,-1,-1,0,0,0,-1,-1,0,1,0,-1,-1,0,0,0,-1,-1,0,0,1
train_050,3,11,0,0,16,42,6,3,0,0,0.48,0.48,-0.42000000000000004,-3.0,-0.5,-1,-1,0,0,0,-1,-1,0,0,0,-1,-1,0,0,0,-1,-1,0,1,0,-1,-1,0,0,0
train_050,4,10,0,0,19,52,6,4,0,0,0.48,0.48,-0.42000000000000004,-3.0,-0.5,-1,-1,0,0,0,-1,-1,0,0,0,-1,-1,0,0,0,-1,-1,0,0,0,-1,-1,0,1,0
train_050,5,9,0,0,22,62,5,5,0,0,0.48,0.48,-0.42000000000000004,-3.0,-0.5,-1,-1,0,0,0,-1,-1,0,0,0,-1,-1,0,0,0,-1,-1,0,0,0,-1,-1,0,0,0
train_050,6,8,0,0,23,64,5,6,0,0,0.48,0.48,-0.42000000000000004,-3.0,-0.5,-1,-1,1,0,1,-1,-1,0,0,0,-1,-1,0,0,0,-1,-1,0,0,0,-1,-1,0,0,0
train_050,7,7,0,0,25,68,6,7,1,4,-3.0,0.48,-0.42000000000000004,-3.0,10.0,-1,-1,1,0,2,-1,-1,1,0,1,-1,-1,0,0,0,-1,-1,0,0,0,-1,-1,0,0,0
train_050,8,7,1,1,28,76,7,8,0,4,0.48,0.48,0.48,-0.42000000000000004,10.0,-1,1,0,2,0,-1,1,0,1,0,-1,0,0,0,0,-1,0,0,0,1,-1,0,0,0,1
train_050,9,6,1,0,31,82,9,9,0,4,0.48,-3.0,-0.42000000000000004,-3.0,10.0,-1,0,1,0,0,-1,1,0,2,0,-1,1,0,1,0,-1,0,0,0,0,-1,0,0,0,1
train_050,10,5,1,0,35,94,11,10,1,1,-3.0,10.48,-0.42000000000000004,-3.0,10.0,-1,0,0,0,0,-1,0,1,0,0,-1,1,0,2,0,-1,1,0,1,0,-1,0,0,0,0
train_051,0,14,0,4,8,20,5,0,0,0,0.48,0.48,-3.0,-3.0,-0.5,-1,-1,1,0,0,-1,-1,0,0,0,-1,-1,0,0,0,-1,-1,-1,-1,-1,-1,-1,-1,-1,-1
train_051,1,13,0,0,11,28,5,1,1,1,-3.0,0.48,-0.42000000000000004,-3.0,-0.5,-1,-1,0,0,0,-1,-1,1,0,0,-1,-1,0,0,0,-1,-1,0,0,0,-1,-1,-1,-1,-1
train_051,2,13,1,1,15,42,3,2,0,0,0.48,0.48,0.48,-0.42000000000000004,-0.5,-1,0,0,0,0,-1,1,0,0,0,-1,0,0,0,0,-1,0,0,0,0,-1,-1,-1,-1,-1
train_051,3,12,1,0,17,46,4,3,0,0,0.48,0.48,-0.42000000000000004,-3.0,-0.5,-1,0,1,1,0,-1,0,0,0,0,-1,1,0,0,0,-1,0,0,0,0,-1,0,0,0,0
train_051,4,11,1,0,21,56,5,4,1,1,-3.0,0.48,-0.42000000000000004,0.48,-0.5,-1,0,0,0,0,-1,0,1,1,0,-1,0,0,0,0,-1,1,0,0,0,-1,0,0,0,0
train_051,5,11,2,1,23,62,5,5,1,1,-3.0,0.48,0.48,-0.42000000000000004,-0.5,0,0,0,0,1,0,1,1,0,0,0,0,0,0,0,1,0,0,0,1,0,0,0,0,1
train_051,6,11,3,1,28,74,9,6,0,0,0.48,0.48,0.48,-0.42000000000000004,-0.5,0,0,0,1,0,1,1,0,0,0,0,0,0,0,0,0,0,0,1,0,0,0,0,1,0
train_051,7,10,3,0,32,84,11,7,1,0,0.48,0.48,-0.42000000000000004,-3.0,-0.5,0,0,1,0,0,0,0,0,1,0,1,1,0,0,0,0,0,0,0,0,0,0,0,1,0
train_051,8,10,4,1,37,102,10,8,1,1,-3.0,0.48,0.48,-0.42000000000000004,-0.5,0,1,0,0,0,0,0,1,0,0,1,0,0,0,0,0,0,0,0,0,0,0,1,0,0
train_051,9,10,5,1,40,112,9,9,0,0,0.48,0.48,0.48,-0.42000000000000004,-0.5,1,0,0,0,1,0,1,0,0,0,0,0,0,0,0,0,0,0,0,0,0,1,0,0,1
train_051,10,9,5,0,44,120,13,10,0,0,0.48,0.48,-0.42000000000000004,-3.0,-0.5,0,1,0,0,0,1,0,0,0,1,0,1,0,0,0,0,0,0,0,0,0,0,0,0,0
train_051,11,8,5,0,49,136,12,11,0,0,0.48,0.48,-0.42000000000000004,0.48,-0.5,0,0,0,0,0,0,1,0,0,0,1,0,0,0,1,0,1,0,0,0,0,0,0,0,0
train_051,12,7,5,0,52,144,13,12,1,0,0.48,0.48,-0.42000000000000004,-3.0,-0.5,0,0,1,1,0,0,0,0,0,0,0,1,0,0,0,1,0,0,0,1,0,1,0,0,0
train_051,13,7,6,1,55,152,13,13,1,0,0.48,0.48,0.48,-0.42000000000000004,-0.5,0,1,1,0,1,0,0,0,0,1,1,0,0,0,0,0,0,0,1,0,1,0,0,0,0
train_051,14,7,7,1,59,162,15,14,1,0,0.48,0.48,-3.0,-0.42000000000000004,-0.5,1,1,0,1,0,0,0,0,1,0,0,0,0,0,0,0,0,1,0,0,0,0,0,0,1
train_051,15,7,8,1,63,176,15,15,1,1,-3.0,0.48,0.48,-0.42000000000000004,-0.5,1,0,1,0,0,0,0,1,0,0,0,0,0,0,0,0,1,0,0,0,0,0,0,1,1
train_051,16,7,9,1,67,186,16,16,0,0,0.48,0.48,0.48,-0.42000000000000004,-0.5,0,1,0,0,0,0,1,0,0,0,0,0,0,0,1,1,0,0,0,0,0,0,1,1,0
train_051,17,6,9,0,71,196,16,17,0,0,0.48,0.48,-0.42000000000000004,-3.0,-0.5,0,0,1,0,0,0,1,0,0,0,0,1,0,0,0,0,0,0,0,1,1,0,0,0,0
train_051,18,5,9,0,73,202,17,18,1,1,-3.0,0.48,-0.42000000000000004,-3.0,-0.5,0,0,1,1,1,0,0,1,0,0,0,1,0,0,0,0,1,0,0,0,0,0,0,0,1
train_051,19,5,10,1,77,210,21,19,0,0,0.48,0.48,0.48,-0.42000000000000004,-0.5,0,1,1,1,0,0,1,0,0,0,1,0,0,0,1,1,0,0,0,0,0,0,0,1,0
train_051,20,4,10,0,81,218,24,20,1,1,-3.0,0.48,-0.42000000000000004,-3.0,-0.5,0,1,0,0,0,0,1,1,1,0,0,1,0,0,0,1,0,0,0,1,1,0,0,0,0
train_051,21,4,11,1,86,234,27,21,1,4,-3.0,0.48,0.48,-0.42000000000000004,10.0,1,0,0,0,2,1,1,1,0,0,1,0,0,0,0,0,0,0,1,0,0,0,0,0,0
train_051,22,4,12,1,91,252,24,22,0,4,0.48,0.48,-3.0,-0.42000000000000004,10.0,0,0,0,2,0,1,1,0,0,0,0,0,0,0,0,0,0,1,0,0,0,0,0,0,0
train_051,23,3,12,0,95,264,24,23,0,4,0.48,0.48,-0.42000000000000004,-3.0,10.0,0,1,0,0,0,0,0,0,2,0,1,1,0,0,0,0,0,0,0,0,0,0,1,0,0
train_051,24,2,12,0,99,274,22,24,1,1,0.48,10.48,-0.42000000000000004,0.48,10.0,0,0,0,1,0,0,1,0,0,0,0,0,0,2,0,1,1,0,0,0,0,0,0,0,0
train_052,0,14,0,4,8,18,5,0,0,0,0.48,-3.0,-3.0,-3.0,-0.5,-1,-1,0,0,0,-1,-1,0,0,0,-1,-1,0,1,0,-1,-1,-1,-1,-1,-1,-1,-1,-1,-1
train_052,1,13,0,0,10,24,6,1,0,0,0.48,0.48,-0.42000000000000004,-3.0,-0.5,-1,-1,1,0,0,-1,-1,0,0,0,-1,-1,0,0,0,-1,-1,0,1,0,-1,-1,-1,-1,-1
train_052,2,12,0,0,12,30,6,2,1,1,-3.0,0.48,-0.42000000000000004,-3.0,-0.5,-1,-1,1,0,0,-1,-1,1,0,0,-1,-1,0,0,0,-1,-1,0,0,0,-1,-1,0,1,0
train_052,3,12,1,1,17,48,5,3,0,0,0.48,0.48,0.48,-0.42000000000000004,-0.5,-1,1,0,0,0,-1,1,0,0,0,-1,0,0,0,0,-1,0,0,0,0,-1,0,1,0,0
train_052,4,11,1,0,20,54,7,4,0,0,0.48,0.48,-0.42000000000000004,-3.0,-0.5,-1,0,0,1,0,-1,1,0,0,0,-1,1,0,0,0,-1,0,0,0,0,-1,0,0,0,0
train_052,5,10,1,0,24,66,8,5,0,0,0.48,0.48,-0.42000000000000004,-3.0,-0.5,-1,0,0,0,0,-1,0,0,1,0,-1,1,0,0,0,-1,1,0,0,0,-1,0,0,0,0
train_052,6,9,1,0,27,74,6,6,0,0,0.48,-3.0,-0.42000000000000004,0.48,-0.5,-1,0,0,1,0,-1,0,0,0,0,-1,0,0,1,0,-1,1,0,0,0,-1,1,0,0,0
train_052,7,8,1,0,28,74,7,7,1,0,0.48,0.48,-0.42000000000000004,0.48,-0.5,-1,1,1,0,1,-1,0,0,1,0,-1,0,0,0,0,-1,0,0,1,0,-1,1,0,0,0
train_052,8,8,2,1,31,84,6,8,1,1,-3.0,0.48,-3.0,-0.42000000000000004,-0.5,1,1,0,1,1,0,0,1,0,0,0,0,0,0,0,0,0,1,0,0,1,0,0,0,1
train_052,9,8,3,1,34,92,8,9,1,0,0.48,0.48,0.48,-0.42000000000000004,-0.5,1,0,1,1,1,0,1,0,0,1,0,0,0,0,0,0,1,0,0,0,0,0,0,1,0
train_052,10,8,4,1,39,106,9,10,1,0,0.48,0.48,0.48,-0.42000000000000004,-0.5,0,1,1,1,0,1,0,0,1,0,0,0,0,0,0,1,0,0,0,0,0,0,1,0,0
train_052,11,8,5,1,42,114,8,11,1,1,-3.0,0.48,0.48,-0.42000000000000004,-0.5,1,1,1,0,0,0,0,1,0,1,0,0,0,0,0,0,0,0,0,0,0,1,0,0,1
train_052,12,8,6,1,46,122,10,12,0,0,0.48,0.48,0.48,-0.42000000000000004,-0.5,1,1,0,0,0,0,1,0,1,0,0,0,0,0,0,0,0,0,0,1,1,0,0,1,0
train_052,13,7,6,0,50,130,12,13,0,0,0.48,-3.0,-0.42000000000000004,-3.0,-0.5,0,0,0,1,0,1,1,0,0,0,0,1,0,1,0,0,0,0,0,0,0,0,0,0,1
train_052,14,6,6,0,54,140,15,14,0,0,0.48,0.48,-0.42000000000000004,-3.0,-0.5,0,1,0,0,0,0,0,0,1,0,1,1,0,0,0,0,1,0,1,0,0,0,0,0,0
train_052,15,5,6,0,59,156,17,15,0,0,0.48,-3.0,-0.42000000000000004,0.48,-0.5,0,0,0,0,0,0,1,0,0,0,0,0,0,1,0,1,1,0,0,0,0,1,0,1,0
train_052,16,4,6,0,63,170,18,16,0,0,0.48,0.48,-0.42000000000000004,-3.0,-0.5,1,0,0,0,0,0,0,0,0,0,0,1,0,0,0,0,0,0,1,0,1,1,0,0,0
train_052,17,3,6,0,68,186,20,17,3,0,0.48,0.48,-0.42000000000000004,0.48,-0.5,0,0,0,0,0,1,0,0,0,0,0,0,0,0,0,0,1,0,0,0,0,0,0,1,0
train_052,18,3,5,3,73,202,21,18,3,0,0.48,-0.42000000000000004,-3.0,0.48,-0.5,0,0,0,0,0,0,1,0,0,0,0,0,0,0,0,0,0,1,0,0,0,0,0,0,1
train_052,19,3,4,3,77,218,20,19,3,2,-3.0,-0.42000000000000004,0.48,0.48,-0.5,1,0,0,0,0,0,0,1,0,0,0,0,0,0,0,0,0,0,1,0,0,0,0,0,0
train_052,20,3,3,3,82,234,20,20,0,4,0.48,-0.42000000000000004,0.48,0.48,10.0,2,1,0,0,0,0,0,0,1,0,0,0,0,0,0,0,0,0,0,1,0,0,0,0,0
train_052,21,2,3,0,86,246,18,21,3,4,0.48,-3.0,-0.42000000000000004,0.48,10.0,0,0,0,0,1,2,1,0,0,0,0,0,0,1,0,0,0,0,0,0,0,0,0,0,1
train_052,22,2,2,3,89,256,15,22,3,4,-3.0,-0.42000000000000004,0.48,0.48,10.0,0,0,0,0,0,0,2,1,0,0,0,0,0,0,1,1,0,0,0,0,1,0,0,0,0
train_052,23,2,1,3,89,256,15,23,0,0,10.48,-0.42000000000000004,0.48,0.48,10.0,-1,0,0,0,0,-1,0,2,1,0,-1,0,0,0,0,-1,1,0,0,0,-1,1,0,0,0
train_053,0,14,0,4,8,18,4,0,1,1,-3.0,0.48,-3.0,-3.0,-0.5,-1,-1,0,0,0,-1,-1,1,0,0,-1,-1,0,0,0,-1,-1,-1,-1,-1,-1,-1,-1,-1,-1
train_053,1,14,1,1,11,28,5,1,0,0,0.48,0.48,-3.0,-0.42000000000000004,-0.5,-1,0,0,0,0,-1,1,0,0,0,-1,0,0,0,0,-1,-1,-1,-1,-1,-1,-1,-1,-1,-1
train_053,2,13,1,0,13,32,5,2,0,0,0.48,0.48,-0.42000000000000004,-3.0,-0.5,-1,1,0,1,0,-1,0,0,0,0,-1,1,0,0,0,-1,0,0,0,0,-1,-1,-1,-1,-1
train_053,3,12,1,0,16,36,6,3,1,0,0.48,0.48,-0.42000000000000004,0.48,-0.5,-1,0,1,0,0,-1,1,0,1,0,-1,0,0,0,0,-1,1,0,0,0,-1,0,0,0,0
train_053,4,12,2,1,20,50,6,4,1,1,-3.0,0.48,0.48,-0.42000000000000004,-0.5,0,1,0,0,1,1,0,1,0,0,0,0,0,0,0,1,0,0,0,0,0,0,0,0,0
train_053,5,12,3,1,24,64,6,5,0,0,0.48,0.48,0.48,-0.42000000000000004,-0.5,1,0,0,1,1,0,1,0,0,0,0,0,0,0,0,0,0,0,0,0,0,0,0,0,0
train_053,6,11,3,0,27,68,7,6,1,0,0.48,0.48,-0.42000000000000004,-3.0,-0.5,0,0,1,0,1,1,0,0,1,1,0,1,0,0,0,0,0,0,0,0,0,0,0,0,0
train_053,7,11,4,1,31,78,9,7,1,1,-3.0,0.48,0.48,-0.42000000000000004,-0.5,0,1,0,1,0,0,0,1,1,1,1,0,0,0,0,0,0,0,0,0,0,0,0,0,0
train_053,8,11,5,1,36,94,11,8,1,1,-3.0,0.48,0.48,-0.42000000000000004,-0.5,1,0,1,0,0,0,1,1,1,0,0,0,0,0,0,0,0,0,0,0,0,0,0,0,0
train_053,9,11,6,1,41,112,13,9,1,1,-3.0,0.48,0.48,-0.42000000000000004,-0.5,0,1,0,0,0,1,1,1,0,0,0,0,0,0,0,0,0,0,0,0,0,0,0,0,0
train_053,10,11,7,1,46,130,13,10,0,0,0.48,0.48,0.48,-0.42000000000000004,-0.5,1,0,0,0,0,1,1,0,0,0,0,0,0,0,0,0,0,0,0,0,0,0,0,0,0
train_053,11,10,7,0,49,136,13,11,0,0,0.48,0.48,-0.42000000000000004,-3.0,-0.5,0,1,1,0,0,1,0,0,0,0,1,1,0,0,0,0,0,0,0,0,0,0,0,0,0
train_053,12,9,7,0,52,142,15,12,1,1,-3.0,0.48,-0.42000000000000004,0.48,-0.5,0,0,0,1,1,0,1,1,0,0,1,0,0,0,0,1,1,0,0,0,0,0,0,0,0
train_053,13,9,8,1,55,150,15,13,0,0,0.48,0.48,0.48,-0.42000000000000004,-0.5,0,0,1,1,1,1,1,0,0,0,0,0,0,0,1,1,0,0,0,0,0,0,0,0,0
train_053,14,8,8,0,59,158,17,14,1,1,-3.0,0.48,-0.42000000000000004,-3.0,-0.5,0,0,0,1,0,0,0,1,1,1,1,1,0,0,0,0,0,0,0,1,1,0,0,0,0
train_053,15,8,9,1,63,168,18,15,1,1,-3.0,0.48,0.48,-0.42000000000000004,-0.5,0,0,1,0,0,0,1,1,1,1,1,0,0,0,0,0,0,0,1,0,0,0,0,0,0
train_053,16,8,10,1,67,180,19,16,1,1,-3.0,0.48,-3.0,-0.42000000000000004,-0.5,0,1,0,0,0,1,1,1,1,0,0,0,0,0,0,0,0,1,0,0,0,0,0,0,1
train_053,17,8,11,1,71,190,20,17,1,1,-3.0,0.48,0.48,-0.42000000000000004,-0.5,1,0,0,0,0,1,1,1,0,0,0,0,0,0,1,0,1,0,0,0,0,0,0,1,0
train_053,18,8,12,1,75,202,18,18,0,0,0.48,-3.0,0.48,-0.42000000000000004,-0.5,0,0,0,0,0,1,1,0,0,0,0,0,0,1,0,1,0,0,0,0,0,0,1,0,1
train_053,19,7,12,0,78,212,16,19,0,0,0.48,0.48,-0.42000000000000004,-3.0,-0.5,1,1,0,0,0,0,0,0,0,0,1,1,0,0,0,0,0,0,1,0,1,0,0,0,0
train_053,20,6,12,0,80,216,17,20,0,0,0.48,0.48,-0.42000000000000004,0.48,-0.5,1,0,0,1,1,1,1,0,0,0,0,0,0,0,0,1,1,0,0,0,0,0,0,1,0
train_053,21,5,12,0,85,228,21,21,0,0,0.48,0.48,-0.42000000000000004,-3.0,-0.5,0,0,0,0,0,1,0,0,1,1,1,1,0,0,0,0,0,0,0,0,1,1,0,0,0
train_053,22,4,12,0,90,246,21,22,0,0,0.48,-3.0,-0.42000000000000004,0.48,-0.5,0,0,0,0,0,0,0,0,0,0,1,0,0,1,1,1,1,0,0,0,0,0,0,0,0
train_053,23,3,12,0,94,260,20,23,0,0,0.48,0.48,-0.42000000000000004,0.48,-0.5,1,0,0,0,0,0,0,0,0,0,0,0,0,0,0,1,0,0,1,1,1,1,0,0,0
train_053,24,2,12,0,98,270,18,24,0,4,0.48,0.48,-0.42000000000000004,0.48,10.0,0,1,0,0,2,1,0,0,0,0,0,0,0,0,0,0,0,0,0,0,1,0,0,1,1
train_053,25,1,12,0,98,270,18,25,0,4,0.48,0.48,-0.42000000000000004,0.48,10.0,-1,-1,-1,-1,-1,0,1,0,0,2,1,0,0,0,0,0,0,0,0,0,0,0,0,0,0
train_053,26,0,12,0,98,270,18,26,1,4,-3.0,0.48,-0.42000000000000004,-3.0,10.0,-1,-1,-1,-1,-1,-1,-1,-1,-1,-1,0,1,0,0,2,1,0,0,0,0,0,0,0,0,0
train_053,27,0,13,1,98,270,18,27,1,1,-3.0,10.48,0.48,-0.42000000000000004,10.0,-1,-1,-1,-1,-1,-1,-1,-1,-1,-1,1,0,0,2,-1,0,0,0,0,-1,0,0,0,0,-1
train_054,0,14,0,4,7,16,5,0,1,1,-3.0,0.48,-3.0,-3.0,-0.5,-1,-1,1,0,0,-1,-1,1,0,0,-1,-1,0,0,0,-1,-1,-1,-1,-1,-1,-1,-1,-1,-1
train_054,1,14,1,1,10,26,5,1,0,0,0.48,0.48,-3.0,-0.42000000000000004,-0.5,-1,1,0,0,0,-1,1,0,0,0,-1,0,0,0,0,-1,-1,-1,-1,-1,-1,-1,-1,-1,-1
train_054,2,13,1,0,13,34,5,2,0,0,0.48,0.48,-0.42000000000000004,-3.0,-0.5,-1,0,0,0,1,-1,1,0,0,0,-1,1,0,0,0,-1,0,0,0,0,-1,-1,-1,-1,-1
train_054,3,12,1,0,16,42,6,3,0,0,0.48,0.48,-0.42000000000000004,-3.0,-0.5,-1,1,0,0,0,-1,0,0,0,1,-1,1,0,0,0,-1,1,0,0,0,-1,0,0,0,0
train_054,4,11,1,0,19,48,7,4,0,0,0.48,0.48,-0.42000000000000004,0.48,-0.5,-1,0,1,0,0,-1,1,0,0,0,-1,0,0,0,1,-1,1,0,0,0,-1,1,0,0,0
train_054,5,10,1,0,22,56,9,5,1,1,-3.0,0.48,-0.42000000000000004,-3.0,-0.5,-1,1,0,0,0,-1,0,1,0,0,-1,1,0,0,0,-1,0,0,0,1,-1,1,0,0,0
train_054,6,10,2,1,27,72,12,6,0,0,0.48,0.48,0.48,-0.42000000000000004,-0.5,1,0,0,0,0,0,1,0,0,0,1,0,0,0,0,0,0,0,1,0,1,0,0,0,0
train_054,7,9,2,0,32,88,13,7,0,0,0.48,0.48,-0.42000000000000004,-3.0,-0.5,0,0,0,0,0,1,0,0,0,0,0,1,0,0,0,1,0,0,0,0,0,0,0,1,0
train_054,8,8,2,0,36,100,13,8,0,0,0.48,0.48,-0.42000000000000004,0.48,-0.5,0,0,0,1,0,0,0,0,0,0,1,0,0,0,0,0,1,0,0,0,1,0,0,0,0
train_054,9,7,2,0,40,112,15,9,0,0,0.48,0.48,-0.42000000000000004,0.48,-0.5,1,0,0,0,0,0,0,0,1,0,0,0,0,0,0,1,0,0,0,0,0,1,0,0,0
train_054,10,6,2,0,45,128,15,10,0,0,0.48,-3.0,-0.42000000000000004,0.48,-0.5,0,0,0,0,0,1,0,0,0,0,0,0,0,1,0,0,0,0,0,0,1,0,0,0,0
train_054,11,5,2,0,48,138,15,11,0,0,0.48,0.48,-0.42000000000000004,0.48,-0.5,1,1,0,0,0,0,0,0,0,0,1,0,0,0,0,0,0,0,1,0,0,0,0,0,0
train_054,12,4,2,0,51,142,17,12,0,0,0.48,0.48,-0.42000000000000004,0.48,-0.5,0,1,0,1,0,1,1,0,0,0,0,0,0,0,0,1,0,0,0,0,0,0,0,1,0
train_054,13,3,2,0,56,156,18,13,0,0,0.48,0.48,-0.42000000000000004,-3.0,-0.5,0,0,0,0,0,0,1,0,1,0,1,1,0,0,0,0,0,0,0,0,1,0,0,0,0
train_054,14,2,2,0,59,164,16,14,0,0,0.48,-3.0,-0.42000000000000004,-3.0,-0.5,0,0,1,1,0,0,0,0,0,0,0,1,0,1,0,1,1,0,0,0,0,0,0,0,0
train_054,15,1,2,0,59,164,16,15,1,1,-3.0,0.48,-0.42000000000000004,0.48,-0.5,-1,-1,-1,-1,-1,0,0,1,1,0,0,0,0,0,0,0,1,0,1,0,1,1,0,0,0
train_054,16,1,3,1,63,178,15,16,1,1,-3.0,0.48,-3.0,-0.42000000000000004,-0.5,-1,-1,-1,-1,-1,0,1,1,0,0,0,0,0,0,0,1,0,1,0,0,1,0,0,0,0
train_054,17,1,4,1,65,182,16,17,0,0,0.48,0.48,0.48,-0.42000000000000004,-0.5,-1,-1,-1,-1,-1,1,1,0,0,0,0,0,0,0,1,0,1,0,0,1,0,0,0,0,0
train_054,18,0,4,0,65,182,16,18,1,1,-3.0,0.48,-0.42000000000000004,-3.0,-0.5,-1,-1,-1,-1,-1,-1,-1,-1,-1,-1,1,1,0,0,0,0,0,0,0,1,0,1,0,0,1
train_054,19,0,5,1,68,188,19,19,1,1,-3.0,0.48,0.48,-0.42000000000000004,-0.5,-1,-1,-1,-1,-1,-1,-1,-1,-1,-1,1,0,0,0,0,0,0,0,1,0,1,0,0,1,0
train_054,20,0,6,1,71,198,20,20,1,1,-3.0,0.48,-3.0,-0.42000000000000004,-0.5,-1,-1,-1,-1,-1,-1,-1,-1,-1,-1,0,0,0,0,0,0,0,1,0,0,0,0,1,0,0
train_054,21,0,7,1,74,208,20,21,1,4,-3.0,0.48,0.48,-0.42000000000000004,10.0,-1,-1,-1,-1,-1,-1,-1,-1,-1,-1,0,0,0,0,2,0,1,0,0,0,0,1,0,0,0
train_054,22,0,8,1,76,214,20,22,1,1,-3.0,10.48,0.48,-0.42000000000000004,10.0,-1,-1,-1,-1,-1,-1,-1,-1,-1,-1,0,0,0,2,0,1,0,0,0,0,1,0,0,0,1
train_055,0,14,0,4,7,16,3,0,0,0,0.48,0.48,-3.0,-3.0,-0.5,-1,-1,0,0,1,-1,-1,0,0,0,-1,-1,0,0,1,-1,-1,-1,-1,-1,-1,-1,-1,-1,-1
train_055,1,13,0,0,10,24,4,1,0,0,0.48,0.48,-0.42000000000000004,-3.0,-0.5,-1,-1,0,0,0,-1,-1,0,0,1,-1,-1,0,0,0,-1,-1,0,0,1,-1,-1,-1,-1,-1
train_055,2,12,0,0,12,30,3,2,0,0,0.48,0.48,-0.42000000000000004,-3.0,-0.5,-1,-1,0,0,1,-1,-1,0,0,0,-1,-1,0,0,1,-1,-1,0,0,0,-1,-1,0,0,1
train_055,3,11,0,0,14,32,4,3,0,0,0.48,0.48,-0.42000000000000004,-3.0,-0.5,-1,-1,0,1,0,-1,-1,0,0,1,-1,-1,0,0,0,-1,-1,0,0,1,-1,-1,0,0,0
train_055,4,10,0,0,16,36,4,4,0,0,0.48,0.48,-0.42000000000000004,-3.0,-0.5,-1,-1,0,0,1,-1,-1,0,1,0,-1,-1,0,0,1,-1,-1,0,0,0,-1,-1,0,0,1
train_055,5,9,0,0,18,40,6,5,0,0,0.48,-3.0,-0.42000000000000004,-3.0,-0.5,-1,-1,1,0,0,-1,-1,0,0,1,-1,-1,0,1,0,-1,-1,0,0,1,-1,-1,0,0,0
train_055,6,8,0,0,21,48,7,6,1,1,-3.0,0.48,-0.42000000000000004,-3.0,-0.5,-1,-1,0,0,0,-1,-1,1,0,0,-1,-1,0,0,1,-1,-1,0,1,0,-1,-1,0,0,1
train_055,7,8,1,1,25,58,9,7,0,0,0.48,-3.0,-3.0,-0.42000000000000004,-0.5,-1,0,0,0,0,-1,1,0,0,0,-1,0,0,1,1,-1,0,1,0,0,-1,0,0,1,0
train_055,8,7,1,0,28,66,9,8,0,0,0.48,0.48,-0.42000000000000004,-3.0,-0.5,-1,0,0,1,0,-1,0,0,0,0,-1,1,0,0,0,-1,0,0,1,1,-1,0,1,0,0
train_055,9,6,1,0,32,78,11,9,0,0,0.48,0.48,-0.42000000000000004,0.48,-0.5,-1,0,0,0,0,-1,0,0,1,0,-1,0,0,0,0,-1,1,0,0,0,-1,0,0,1,1
train_055,10,5,1,0,36,92,12,10,0,4,0.48,-3.0,-0.42000000000000004,0.48,10.0,-1,0,2,0,0,-1,0,0,0,0,-1,0,0,1,0,-1,0,0,0,0,-1,1,0,0,0
train_055,11,4,1,0,40,106,13,11,0,0,10.48,0.48,-0.42000000000000004,0.48,10.0,-1,0,0,0,0,-1,0,2,0,0,-1,0,0,0,0,-1,0,0,1,0,-1,0,0,0,0
train_056,0,14,0,4,8,18,5,0,0,0,0.48,0.48,-3.0,-3.0,-0.5,-1,-1,0,1,0,-1,-1,0,0,0,-1,-1,0,0,0,-1,-1,-1,-1,-1,-1,-1,-1,-1,-1
train_056,1,13,0,0,10,22,6,1,1,0,0.48,0.48,-0.42000000000000004,-3.0,-0.5,-1,-1,0,1,0,-1,-1,0,1,0,-1,-1,0,0,0,-1,-1,0,0,0,-1,-1,-1,-1,-1
train_056,2,13,1,1,14,36,7,2,1,1,-3.0,0.48,0.48,-0.42000000000000004,-0.5,-1,0,1,0,0,-1,0,1,0,0,-1,0,0,0,0,-1,0,0,0,0,-1,-1,-1,-1,-1
train_056,3,13,2,1,18,50,6,3,0,4,0.48,0.48,0.48,-0.42000000000000004,10.0,0,1,0,0,0,0,1,0,0,2,0,0,0,0,0,0,0,0,0,0,-1,-1,-1,-1,-1
train_056,4,12,2,0,23,66,8,4,1,4,0.48,0.48,-0.42000000000000004,-3.0,10.0,0,0,0,0,0,0,1,0,0,0,0,1,0,0,2,0,0,0,0,0,0,0,0,0,0
train_056,5,12,3,1,26,74,9,5,1,1,0.48,10.48,0.48,-0.42000000000000004,10.0,0,0,0,0,0,1,0,0,0,0,1,0,0,2,1,0,0,0,0,1,0,0,0,0,0
train_057,0,14,0,4,8,20,3,0,0,0,0.48,0.48,-3.0,-3.0,-0.5,-1,-1,0,0,1,-1,-1,0,0,0,-1,-1,0,0,0,-1,-1,-1,-1,-1,-1,-1,-1,-1,-1
train_057,1,13,0,0,10,24,4,1,0,0,0.48,0.48,-0.42000000000000004,-3.0,-0.5,-1,-1,1,0,0,-1,-1,0,0,1,-1,-1,0,0,0,-1,-1,0,0,0,-1,-1,-1,-1,-1
train_057,2,12,0,0,13,32,5,2,1,1,-3.0,0.48,-0.42000000000000004,-3.0,-0.5,-1,-1,0,0,0,-1,-1,1,0,0,-1,-1,0,0,1,-1,-1,0,0,0,-1,-1,0,0,0
train_057,3,12,1,1,16,40,5,3,0,0,0.48,-3.0,0.48,-0.42000000000000004,-0.5,-1,0,0,0,1,-1,1,0,0,1,-1,0,0,1,0,-1,0,0,0,0,-1,0,0,0,0
train_057,4,11,1,0,20,52,7,4,0,0,0.48,0.48,-0.42000000000000004,-3.0,-0.5,-1,0,0,0,0,-1,0,0,0,1,-1,1,0,0,1,-1,0,0,1,0,-1,0,0,0,0
train_057,5,10,1,0,24,66,6,5,0,0,0.48,0.48,-0.42000000000000004,0.48,-0.5,-1,0,0,0,0,-1,0,0,0,0,-1,0,0,0,1,-1,1,0,0,1,-1,0,0,1,0
train_057,6,9,1,0,26,70,6,6,0,0,0.48,0.48,-0.42000000000000004,0.48,-0.5,-1,1,0,1,0,-1,0,0,0,0,-1,0,0,0,0,-1,0,0,0,1,-1,1,0,0,1
train_057,7,8,1,0,30,80,8,7,0,0,0.48,0.48,-0.42000000000000004,0.48,-0.5,-1,0,0,0,0,-1,1,0,1,0,-1,0,0,0,0,-1,0,0,0,0,-1,0,0,0,1
train_057,8,7,1,0,33,90,8,8,0,0,0.48,-3.0,-0.42000000000000004,-3.0,-0.5,-1,1,0,0,0,-1,0,0,0,0,-1,1,0,1,0,-1,0,0,0,0,-1,0,0,0,0
train_057,9,6,1,0,37,102,10,9,0,0,0.48,0.48,-0.42000000000000004,0.48,-0.5,-1,0,0,0,0,-1,1,0,0,0,-1,0,0,0,0,-1,1,0,1,0,-1,0,0,0,0
train_057,10,5,1,0,41,116,11,10,0,0,0.48,0.48,-0.42000000000000004,-3.0,-0.5,-1,0,0,0,0,-1,0,0,0,0,-1,1,0,0,0,-1,0,0,0,0,-1,1,0,1,0
train_057,11,4,1,0,45,130,11,11,0,0,0.48,0.48,-0.42000000000000004,0.48,-0.5,-1,0,0,0,0,-1,0,0,0,0,-1,0,0,0,0,-1,1,0,0,0,-1,0,0,0,0
train_057,12,3,1,0,48,140,10,12,0,0,0.48,0.48,-0.42000000000000004,0.48,-0.5,-1,0,0,0,1,-1,0,0,0,0,-1,0,0,0,0,-1,0,0,0,0,-1,1,0,0,0
train_057,13,2,1,0,51,146,9,13,1,0,0.48,0.48,-0.42000000000000004,0.48,-0.5,-1,0,0,1,0,-1,0,0,0,1,-1,0,0,0,0,-1,0,0,0,0,-1,0,0,0,0
train_057,14,2,2,1,56,162,9,14,1,0,0.48,0.48,0.48,-0.42000000000000004,-0.5,0,0,1,0,0,0,0,0,1,0,0,0,0,0,0,0,0,0,0,0,0,0,0,0,0
train_057,15,2,3,1,60,174,9,15,1,4,-3.0,0.48,0.48,-0.42000000000000004,10.0,0,1,0,0,0,0,0,1,0,2,0,0,0,0,0,0,0,0,0,1,0,0,0,0,0
train_057,16,2,4,1,65,190,9,16,0,4,0.48,0.48,0.48,-0.42000000000000004,10.0,1,0,0,0,0,0,1,0,2,0,0,0,0,0,0,0,0,0,1,0,0,0,0,0,0
train_057,17,1,4,0,65,190,9,17,1,1,0.48,10.48,-0.42000000000000004,-3.0,10.0,-1,-1,-1,-1,-1,1,0,0,0,0,0,1,0,2,0,0,0,0,0,0,0,0,0,1,0
train_058,0,14,0,4,8,20,4,0,0,0,0.48,0.48,-3.0,-3.0,-0.5,-1,-1,0,0,1,-1,-1,0,0,0,-1,-1,0,0,0,-1,-1,-1,-1,-1,-1,-1,-1,-1,-1
train_058,1,13,0,0,10,26,4,1,0,0,0.48,0.48,-0.42000000000000004,-3.0,-0.5,-1,-1,0,0,1,-1,-1,0,0,1,-1,-1,0,0,0,-1,-1,0,0,0,-1,-1,-1,-1,-1
train_058,2,12,0,0,13,34,6,2,0,0,0.48,0.48,-0.42000000000000004,-3.0,-0.5,-1,-1,0,0,0,-1,-1,0,0,1,-1,-1,0,0,1,-1,-1,0,0,0,-1,-1,0,0,0
train_058,3,11,0,0,16,44,6,3,0,0,0.48,0.48,-0.42000000000000004,-3.0,-0.5,-1,-1,0,0,0,-1,-1,0,0,0,-1,-1,0,0,1,-1,-1,0,0,1,-1,-1,0,0,0
train_058,4,10,0,0,18,50,6,4,1,0,0.48,0.48,-0.42000000000000004,-3.0,-0.5,-1,-1,0,0,1,-1,-1,0,0,0,-1,-1,0,0,0,-1,-1,0,0,1,-1,-1,0,0,1
train_058,5,10,1,1,22,60,9,5,1,4,0.48,0.48,0.48,-0.42000000000000004,10.0,-1,0,0,1,0,-1,0,0,0,0,-1,0,0,0,0,-1,0,0,1,2,-1,0,0,1,1
train_058,6,10,2,1,27,76,10,6,1,4,0.48,0.48,-3.0,-0.42000000000000004,10.0,0,0,1,0,0,0,0,0,0,0,0,0,0,0,0,0,0,1,2,0,0,0,1,1,0
train_058,7,10,3,1,31,88,10,7,2,2,0.48,0.48,10.48,-0.42000000000000004,10.0,0,1,0,0,0,0,0,0,0,0,0,0,0,0,0,0,1,2,0,1,0,1,1,0,0
train_059,0,14,0,4,7,12,5,0,1,1,-3.0,0.48,-3.0,-3.0,-0.5,-1,-1,0,0,0,-1,-1,1,1,0,-1,-1,0,0,0,-1,-1,-1,-1,-1,-1,-1,-1,-1,-1
train_059,1,14,1,1,9,18,4,1,1,1,-3.0,0.48,-3.0,-0.42000000000000004,-0.5,-1,0,0,0,0,-1,1,1,0,0,-1,0,0,0,1,-1,-1,-1,-1,-1,-1,-1,-1,-1,-1
train_059,2,14,2,1,10,18,5,2,0,0,0.48,-3.0,-3.0,-0.42000000000000004,-0.5,0,0,0,0,1,1,1,0,0,1,0,0,0,1,0,-1,-1,-1,-1,-1,-1,-1,-1,-1,-1
train_059,3,13,2,0,15,34,6,3,0,0,0.48,0.48,-0.42000000000000004,-3.0,-0.5,0,0,0,0,0,0,0,0,0,1,1,1,0,0,1,0,0,0,1,0,-1,-1,-1,-1,-1
train_059,4,12,2,0,20,52,7,4,0,0,0.48,0.48,-0.42000000000000004,0.48,-0.5,0,0,0,0,0,0,0,0,0,0,0,0,0,0,1,1,1,0,0,1,0,0,0,1,0
train_059,5,11,2,0,25,70,8,5,0,0,0.48,0.48,-0.42000000000000004,0.48,-0.5,0,0,0,0,0,0,0,0,0,0,0,0,0,0,0,0,0,0,0,1,1,1,0,0,1
train_059,6,10,2,0,30,88,8,6,0,0,0.48,0.48,-0.42000000000000004,0.48,-0.5,0,0,0,0,0,0,0,0,0,0,0,0,0,0,0,0,0,0,0,0,0,0,0,0,1
train_059,7,9,2,0,34,100,8,7,0,0,0.48,0.48,-0.42000000000000004,0.48,-0.5,0,0,1,0,0,0,0,0,0,0,0,0,0,0,0,0,0,0,0,0,0,0,0,0,0
train_059,8,8,2,0,38,110,9,8,1,1,-3.0,0.48,-0.42000000000000004,0.48,-0.5,0,1,0,0,0,0,0,1,0,0,0,0,0,0,0,0,0,0,0,0,0,0,0,0,0
train_059,9,8,3,1,42,124,9,9,1,4,0.48,0.48,0.48,-0.42000000000000004,10.0,1,0,0,0,1,0,1,0,0,0,0,0,0,0,2,0,0,0,0,0,0,0,0,0,0
train_059,10,8,4,1,47,140,11,10,1,1,0.48,10.48,0.48,-0.42000000000000004,10.0,0,0,0,1,0,1,0,0,0,0,0,0,0,2,0,0,0,0,0,0,0,0,0,0,0
train_060,0,14,0,4,6,10,3,0,0,0,0.48,0.48,-3.0,-3.0,-0.5,-1,-1,0,0,1,-1,-1,0,1,1,-1,-1,0,0,0,-1,-1,-1,-1,-1,-1,-1,-1,-1,-1
train_060,1,13,0,0,9,18,5,1,0,0,0.48,-3.0,-0.42000000000000004,-3.0,-0.5,-1,-1,0,0,0,-1,-1,0,0,1,-1,-1,0,1,1,-1,-1,0,0,0,-1,-1,-1,-1,-1
train_060,2,12,0,0,12,28,4,2,0,0,0.48,0.48,-0.42000000000000004,-3.0,-0.5,-1,-1,0,0,0,-1,-1,0,0,0,-1,-1,0,0,1,-1,-1,0,1,1,-1,-1,0,0,0
train_060,3,11,0,0,14,32,5,3,0,0,0.48,0.48,-0.42000000000000004,-3.0,-0.5,-1,-1,0,1,0,-1,-1,0,0,0,-1,-1,0,0,0,-1,-1,0,0,1,-1,-1,0,1,1
train_060,4,10,0,0,17,40,6,4,1,0,0.48,0.48,-0.42000000000000004,-3.0,-0.5,-1,-1,0,0,0,-1,-1,0,1,0,-1,-1,0,0,0,-1,-1,0,0,0,-1,-1,0,0,1
train_060,5,10,1,1,21,50,9,5,1,4,-3.0,0.48,0.48,-0.42000000000000004,10.0,-1,0,0,0,0,-1,0,1,0,2,-1,0,0,0,1,-1,0,0,0,0,-1,0,0,1,0
train_060,6,10,2,1,26,66,11,6,0,4,0.48,-3.0,0.48,-0.42000000000000004,10.0,0,0,0,0,0,0,1,0,2,0,0,0,0,1,0,0,0,0,0,0,0,0,1,0,0
train_060,7,9,2,0,30,80,11,7,1,1,0.48,10.48,-0.42000000000000004,-3.0,10.0,1,0,0,0,0,0,0,0,0,0,0,1,0,2,0,0,0,0,1,0,0,0,0,0,0
train_061,0,14,0,4,6,12,2,0,1,0,0.48,0.48,-3.0,-3.0,-0.5,-1,-1,0,1,1,-1,-1,0,0,1,-1,-1,0,0,0,-1,-1,-1,-1,-1,-1,-1,-1,-1,-1
train_061,1,14,1,1,8,14,4,1,1,4,0.48,0.48,-3.0,-0.42000000000000004,10.0,-1,0,1,1,0,-1,0,0,1,1,-1,0,0,0,2,-1,-1,-1,-1,-1,-1,-1,-1,-1,-1
train_061,2,14,2,1,11,22,6,2,1,1,-3.0,10.48,-3.0,-0.42000000000000004,10.0,0,1,1,0,0,0,0,1,1,0,0,0,0,2,0,-1,-1,-1,-1,-1,-1,-1,-1,-1,-1
train_062,0,14,0,4,7,12,5,0,0,0,0.48,-3.0,-3.0,-3.0,-0.5,-1,-1,0,1,0,-1,-1,0,0,0,-1,-1,0,1,0,-1,-1,-1,-1,-1,-1,-1,-1,-1,-1
train_062,1,13,0,0,10,20,6,1,0,0,0.48,0.48,-0.42000000000000004,-3.0,-0.5,-1,-1,0,0,0,-1,-1,0,1,0,-1,-1,0,0,0,-1,-1,0,1,0,-1,-1,-1,-1,-1
train_062,2,12,0,0,12,24,7,2,0,0,0.48,-3.0,-0.42000000000000004,-3.0,-0.5,-1,-1,0,1,0,-1,-1,0,0,0,-1,-1,0,1,0,-1,-1,0,0,0,-1,-1,0,1,0
train_062,3,11,0,0,15,32,7,3,0,0,0.48,0.48,-0.42000000000000004,-3.0,-0.5,-1,-1,0,0,0,-1,-1,0,1,0,-1,-1,0,0,0,-1,-1,0,1,0,-1,-1,0,0,0
train_062,4,10,0,0,17,36,8,4,0,0,0.48,-3.0,-0.42000000000000004,-3.0,-0.5,-1,-1,0,1,0,-1,-1,0,0,0,-1,-1,0,1,0,-1,-1,0,0,0,-1,-1,0,1,0
train_062,5,9,0,0,20,44,9,5,0,0,0.48,0.48,-0.42000000000000004,-3.0,-0.5,-1,-1,0,0,0,-1,-1,0,1,0,-1,-1,0,0,0,-1,-1,0,1,0,-1,-1,0,0,0
train_062,6,8,0,0,22,50,7,6,0,0,0.48,-3.0,-0.42000000000000004,-3.0,-0.5,-1,-1,0,0,1,-1,-1,0,0,0,-1,-1,0,1,0,-1,-1,0,0,0,-1,-1,0,1,0
train_062,7,7,0,0,23,50,8,7,1,0,0.48,0.48,-0.42000000000000004,-3.0,-0.5,-1,-1,1,1,0,-1,-1,0,0,1,-1,-1,0,0,0,-1,-1,0,1,0,-1,-1,0,0,0
train_062,8,7,1,1,27,62,8,8,1,0,0.48,0.48,-3.0,-0.42000000000000004,-0.5,-1,1,1,0,0,-1,0,0,1,0,-1,0,0,0,0,-1,0,1,0,0,-1,0,0,0,1
train_062,9,7,2,1,30,68,10,9,1,4,-3.0,0.48,0.48,-0.42000000000000004,10.0,1,1,0,0,1,0,0,1,0,0,0,0,0,0,2,0,1,0,0,1,0,0,0,1,0
train_062,10,7,3,1,34,78,11,10,1,1,0.48,10.48,0.48,-0.42000000000000004,10.0,1,0,0,1,0,0,1,0,0,0,0,0,0,2,0,1,0,0,1,1,0,0,1,0,0
train_063,0,14,0,4,7,12,5,0,1,1,-3.0,0.48,-3.0,-3.0,-0.5,-1,-1,0,0,0,-1,-1,1,1,0,-1,-1,0,0,0,-1,-1,-1,-1,-1,-1,-1,-1,-1,-1
train_063,1,14,1,1,9,18,6,1,1,1,-3.0,0.48,-3.0,-0.42000000000000004,-0.5,-1,0,0,0,0,-1,1,1,0,0,-1,0,0,0,1,-1,-1,-1,-1,-1,-1,-1,-1,-1,-1
train_063,2,14,2,1,12,26,6,2,0,0,0.48,-3.0,-3.0,-0.42000000000000004,-0.5,0,0,0,0,0,1,1,0,0,0,0,0,0,1,0,-1,-1,-1,-1,-1,-1,-1,-1,-1,-1
train_063,3,13,2,0,17,44,7,3,1,0,0.48,0.48,-0.42000000000000004,-3.0,-0.5,0,0,0,0,0,0,0,0,0,0,1,1,0,0,0,0,0,0,1,0,-1,-1,-1,-1,-1
train_063,4,13,3,1,19,48,7,4,1,0,0.48,0.48,-3.0,-0.42000000000000004,-0.5,0,0,0,0,0,0,0,0,0,1,1,0,0,0,0,0,0,1,0,1,-1,-1,-1,-1,-1
train_063,5,13,4,1,23,58,9,5,1,0,0.48,0.48,0.48,-0.42000000000000004,-0.5,0,0,0,0,0,0,0,0,1,0,0,0,0,0,0,0,1,0,1,0,-1,-1,-1,-1,-1
train_063,6,13,5,1,26,68,8,6,1,4,-3.0,0.48,-3.0,-0.42000000000000004,10.0,0,0,0,0,1,0,0,1,0,0,0,0,0,0,0,1,0,1,0,2,-1,-1,-1,-1,-1
train_063,7,13,6,1,28,74,6,7,1,4,0.48,0.48,0.48,-0.42000000000000004,10.0,0,0,0,1,1,0,1,0,0,0,0,0,0,0,0,0,1,0,2,1,-1,-1,-1,-1,-1
train_063,8,13,7,1,28,74,6,8,2,2,0.48,0.48,10.48,-0.42000000000000004,10.0,0,0,1,1,1,1,0,0,0,1,0,0,0,0,1,1,0,2,1,1,-1,-1,-1,-1,-1
train_064,0,14,0,4,4,4,1,0,0,0,0.48,-3.0,-3.0,-3.0,-0.5,-1,-1,0,1,1,-1,-1,0,1,0,-1,-1,0,1,1,-1,-1,-1,-1,-1,-1,-1,-1,-1,-1
train_064,1,13,0,0,7,10,3,1,0,0,0.48,-3.0,-0.42000000000000004,-3.0,-0.5,-1,-1,0,0,0,-1,-1,0,1,1,-1,-1,0,1,0,-1,-1,0,1,1,-1,-1,-1,-1,-1
train_064,2,12,0,0,9,14,3,2,0,0,0.48,-3.0,-0.42000000000000004,-3.0,-0.5,-1,-1,0,1,0,-1,-1,0,0,0,-1,-1,0,1,1,-1,-1,0,1,0,-1,-1,0,1,1
train_064,3,11,0,0,11,18,4,3,1,0,0.48,0.48,-0.42000000000000004,-3.0,-0.5,-1,-1,0,0,1,-1,-1,0,1,0,-1,-1,0,0,0,-1,-1,0,1,1,-1,-1,0,1,0
train_064,4,11,1,1,15,28,6,4,1,1,-3.0,0.48,-3.0,-0.42000000000000004,-0.5,-1,0,0,1,0,-1,0,1,0,0,-1,0,0,0,0,-1,0,1,1,0,-1,0,1,0,1
train_064,5,11,2,1,19,40,4,5,1,0,0.48,0.48,-3.0,-0.42000000000000004,-0.5,0,0,1,0,1,0,1,0,0,0,0,0,0,0,0,0,1,1,0,0,0,1,0,1,0
train_064,6,11,3,1,20,40,5,6,1,0,0.48,0.48,0.48,-0.42000000000000004,-0.5,0,1,0,1,0,1,0,0,0,1,0,0,0,0,1,1,1,0,0,1,1,0,1,0,1
train_064,7,11,4,1,24,46,9,7,2,0,0.48,-3.0,0.48,-0.42000000000000004,-0.5,1,0,1,0,1,0,0,0,1,0,0,0,0,1,0,1,0,0,1,0,0,1,0,1,0
train_064,8,12,4,2,28,56,8,8,2,2,-0.42000000000000004,-3.0,0.48,0.48,-0.5,0,0,0,1,0,0,0,0,1,0,1,0,0,1,0,0,1,0,1,0,1,0,0,0,0
train_064,9,13,4,2,28,56,8,9,2,2,-0.42000000000000004,-3.0,0.48,-3.0,-0.5,0,0,0,1,0,1,0,0,1,0,0,1,0,1,0,1,0,0,0,0,-1,-1,-1,-1,-1
train_064,10,14,4,2,28,56,8,10,1,1,-0.42000000000000004,0.48,-3.0,0.48,-0.5,1,0,0,1,0,0,1,0,1,0,1,0,0,0,0,-1,-1,-1,-1,-1,-1,-1,-1,-1,-1
train_064,11,14,5,1,30,62,7,11,1,1,-3.0,0.48,-3.0,-0.42000000000000004,-0.5,0,0,1,0,1,1,0,1,0,0,0,0,0,0,0,-1,-1,-1,-1,-1,-1,-1,-1,-1,-1
train_064,12,14,6,1,32,64,9,12,1,0,0.48,0.48,-3.0,-0.42000000000000004,-0.5,0,1,0,1,0,0,1,0,0,1,0,0,0,0,0,-1,-1,-1,-1,-1,-1,-1,-1,-1,-1
train_064,13,14,7,1,34,68,8,13,1,0,0.48,0.48,-3.0,-0.42000000000000004,-0.5,1,0,1,0,0,1,0,0,1,1,0,0,0,0,0,-1,-1,-1,-1,-1,-1,-1,-1,-1,-1
train_064,14,14,8,1,36,72,8,14,1,1,-3.0,0.48,-3.0,-0.42000000000000004,-0.5,0,1,0,0,1,0,0,1,1,0,0,0,0,0,0,-1,-1,-1,-1,-1,-1,-1,-1,-1,-1
train_064,15,14,9,1,38,74,10,15,1,1,-3.0,0.48,-3.0,-0.42000000000000004,-0.5,1,0,0,1,0,0,1,1,0,1,0,0,0,0,0,-1,-1,-1,-1,-1,-1,-1,-1,-1,-1
train_064,16,14,10,1,41,82,11,16,1,0,0.48,0.48,-3.0,-0.42000000000000004,-0.5,0,0,1,0,0,1,1,0,1,0,0,0,0,0,0,-1,-1,-1,-1,-1,-1,-1,-1,-1,-1
train_064,17,14,11,1,43,86,12,17,1,1,-3.0,0.48,-3.0,-0.42000000000000004,-0.5,0,1,0,0,0,1,0,1,0,1,0,0,0,0,0,-1,-1,-1,-1,-1,-1,-1,-1,-1,-1
train_064,18,14,12,1,46,94,11,18,0,0,0.48,0.48,-3.0,-0.42000000000000004,-0.5,1,0,0,0,0,0,1,0,1,0,0,0,0,0,0,-1,-1,-1,-1,-1,-1,-1,-1,-1,-1
train_064,19,13,12,0,51,110,11,19,0,0,0.48,-3.0,-0.42000000000000004,-3.0,-0.5,0,0,0,0,0,1,0,0,0,0,0,1,0,1,0,0,0,0,0,0,-1,-1,-1,-1,-1
train_064,20,12,12,0,55,122,11,20,0,0,0.48,0.48,-0.42000000000000004,0.48,-0.5,0,0,0,1,0,0,0,0,0,0,1,0,0,0,0,0,1,0,1,0,0,0,0,0,0
train_064,21,11,12,0,59,132,11,21,1,4,0.48,0.48,-0.42000000000000004,0.48,10.0,0,0,1,2,0,0,0,0,1,0,0,0,0,0,0,1,0,0,0,0,0,1,0,1,0
train_064,22,11,13,1,59,132,11,22,1,4,-3.0,0.48,0.48,-0.42000000000000004,10.0,0,1,2,0,-1,0,0,1,0,-1,0,0,0,0,-1,0,0,0,0,-1,1,0,1,0,-1
train_064,23,11,14,1,59,132,11,23,0,4,0.48,-3.0,0.48,-0.42000000000000004,10.0,1,2,0,-1,-1,0,1,0,-1,-1,0,0,0,-1,-1,0,0,0,-1,-1,0,1,0,-1,-1
train_064,24,10,14,0,60,132,13,24,0,4,0.48,-3.0,-0.42000000000000004,-3.0,10.0,0,1,1,-1,-1,1,2,0,-1,-1,0,1,0,-1,-1,0,0,0,-1,-1,0,0,0,-1,-1
train_064,25,9,14,0,63,138,15,25,3,3,-3.0,-3.0,-0.42000000000000004,10.48,10.0,0,0,0,-1,-1,0,1,1,-1,-1,1,2,0,-1,-1,0,1,0,-1,-1,0,0,0,-1,-1
train_065,0,14,0,4,6,10,3,0,0,0,0.48,-3.0,-3.0,-3.0,-0.5,-1,-1,0,0,0,-1,-1,0,1,0,-1,-1,0,1,1,-1,-1,-1,-1,-1,-1,-1,-1,-1,-1
train_065,1,13,0,0,7,12,4,1,0,0,0.48,-3.0,-0.42000000000000004,-3.0,-0.5,-1,-1,1,1,0,-1,-1,0,0,0,-1,-1,0,1,0,-1,-1,0,1,1,-1,-1,-1,-1,-1
train_065,2,12,0,0,10,18,5,2,1,1,-3.0,0.48,-0.42000000000000004,-3.0,-0.5,-1,-1,0,0,0,-1,-1,1,1,0,-1,-1,0,0,0,-1,-1,0,1,0,-1,-1,0,1,1
train_065,3,12,1,1,14,30,5,3,1,1,-3.0,0.48,-3.0,-0.42000000000000004,-0.5,-1,0,0,0,1,-1,1,1,0,0,-1,0,0,0,0,-1,0,1,0,0,-1,0,1,1,0
train_065,4,12,2,1,18,40,6,4,0,4,0.48,0.48,0.48,-0.42000000000000004,10.0,0,0,0,1,2,1,1,0,0,0,0,0,0,0,1,0,1,0,0,0,0,1,1,0,0
train_065,5,11,2,0,22,50,7,5,1,4,0.48,0.48,-0.42000000000000004,-3.0,10.0,0,0,1,0,0,0,0,0,1,2,1,1,0,0,0,0,0,0,0,1,0,1,0,0,0
train_065,6,11,3,1,26,62,7,6,1,4,-3.0,0.48,0.48,-0.42000000000000004,10.0,0,1,0,0,0,0,0,1,2,0,1,0,0,0,0,0,0,0,1,0,1,0,0,0,1
train_065,7,11,4,1,28,68,6,7,0,0,10.48,0.48,-3.0,-0.42000000000000004,10.0,1,0,0,0,1,0,1,2,0,0,0,0,0,0,0,0,0,1,0,1,0,0,0,1,1
train_066,0,14,0,4,9,24,5,0,0,0,0.48,0.48,-3.0,-3.0,-0.5,-1,-1,0,0,0,-1,-1,0,0,0,-1,-1,0,0,0,-1,-1,-1,-1,-1,-1,-1,-1,-1,-1
train_066,1,13,0,0,11,30,5,1,0,0,0.48,0.48,-0.42000000000000004,-3.0,-0.5,-1,-1,0,0,1,-1,-1,0,0,0,-1,-1,0,0,0,-1,-1,0,0,0,-1,-1,-1,-1,-1
train_066,2,12,0,0,14,38,7,2,0,0,0.48,0.48,-0.42000000000000004,-3.0,-0.5,-1,-1,0,0,0,-1,-1,0,0,1,-1,-1,0,0,0,-1,-1,0,0,0,-1,-1,0,0,0
train_066,3,11,0,0,17,48,7,3,0,0,0.48,0.48,-0.42000000000000004,-3.0,-0.5,-1,-1,0,0,0,-1,-1,0,0,0,-1,-1,0,0,1,-1,-1,0,0,0,-1,-1,0,0,0
train_066,4,10,0,0,19,52,7,4,0,0,0.48,0.48,-0.42000000000000004,-3.0,-0.5,-1,-1,0,1,0,-1,-1,0,0,0,-1,-1,0,0,0,-1,-1,0,0,1,-1,-1,0,0,0
train_066,5,9,0,0,21,56,8,5,1,0,0.48,0.48,-0.42000000000000004,-3.0,-0.5,-1,-1,0,0,1,-1,-1,0,1,0,-1,-1,0,0,0,-1,-1,0,0,0,-1,-1,0,0,1
train_066,6,9,1,1,25,68,9,6,1,4,-3.0,0.48,0.48,-0.42000000000000004,10.0,-1,0,0,1,2,-1,0,1,0,0,-1,0,0,0,0,-1,0,0,0,0,-1,0,0,1,1
train_066,7,9,2,1,29,78,9,7,0,4,0.48,0.48,0.48,-0.42000000000000004,10.0,0,0,1,2,0,0,1,0,0,0,0,0,0,0,1,0,0,0,0,0,0,0,1,1,0
train_066,8,8,2,0,33,90,10,8,1,4,-3.0,0.48,-0.42000000000000004,-3.0,10.0,0,0,1,0,0,0,0,1,2,0,0,1,0,0,0,0,0,0,0,1,0,0,0,0,0
train_066,9,8,3,1,36,96,12,9,0,0,10.48,0.48,0.48,-0.42000000000000004,10.0,0,1,0,0,0,0,1,2,0,1,1,0,0,0,1,0,0,0,1,0,0,0,0,0,0
train_067,0,14,0,4,8,18,5,0,1,1,-3.0,0.48,-3.0,-3.0,-0.5,-1,-1,0,0,0,-1,-1,1,0,0,-1,-1,0,0,0,-1,-1,-1,-1,-1,-1,-1,-1,-1,-1
train_067,1,14,1,1,10,22,5,1,0,0,0.48,0.48,-3.0,-0.42000000000000004,-0.5,-1,0,0,0,0,-1,1,0,0,1,-1,0,0,0,0,-1,-1,-1,-1,-1,-1,-1,-1,-1,-1
train_067,2,13,1,0,14,36,6,2,0,0,0.48,0.48,-0.42000000000000004,-3.0,-0.5,-1,0,0,0,0,-1,0,0,0,0,-1,1,0,0,1,-1,0,0,0,0,-1,-1,-1,-1,-1
train_067,3,12,1,0,18,50,5,3,0,0,0.48,0.48,-0.42000000000000004,0.48,-0.5,-1,0,0,0,0,-1,0,0,0,0,-1,0,0,0,0,-1,1,0,0,1,-1,0,0,0,0
train_067,4,11,1,0,20,54,6,4,0,0,0.48,0.48,-0.42000000000000004,0.48,-0.5,-1,0,1,1,0,-1,0,0,0,0,-1,0,0,0,0,-1,0,0,0,0,-1,1,0,0,1
train_067,5,10,1,0,23,60,7,5,1,1,-3.0,0.48,-0.42000000000000004,0.48,-0.5,-1,0,0,1,0,-1,0,1,1,0,-1,0,0,0,0,-1,0,0,0,0,-1,0,0,0,0
train_067,6,10,2,1,26,70,7,6,1,1,-3.0,0.48,0.48,-0.42000000000000004,-0.5,0,0,1,0,1,0,1,1,0,0,0,0,0,0,0,0,0,0,0,0,0,0,0,0,1
train_067,7,10,3,1,30,82,6,7,0,0,0.48,0.48,0.48,-0.42000000000000004,-0.5,0,1,0,1,0,1,1,0,0,0,0,0,0,0,0,0,0,0,0,0,0,0,0,1,1
train_067,8,9,3,0,33,88,7,8,0,0,0.48,0.48,-0.42000000000000004,-3.0,-0.5,0,1,0,0,1,0,1,0,1,0,1,1,0,0,0,0,0,0,0,0,0,0,0,0,0
train_067,9,8,3,0,37,96,8,9,0,0,0.48,-3.0,-0.42000000000000004,-3.0,-0.5,0,0,1,0,0,0,1,0,0,1,0,1,0,1,0,1,1,0,0,0,0,0,0,0,0
train_067,10,7,3,0,39,98,10,10,1,1,-3.0,0.48,-0.42000000000000004,-3.0,-0.5,1,1,0,1,0,0,0,1,0,0,0,1,0,0,1,0,1,0,1,0,1,1,0,0,0
train_067,11,7,4,1,43,108,12,11,0,0,0.48,-3.0,-3.0,-0.42000000000000004,-0.5,1,0,1,0,0,0,1,0,0,0,1,0,0,1,0,1,0,1,0,1,1,0,0,0,0
train_067,12,6,4,0,47,118,13,12,1,1,-3.0,0.48,-0.42000000000000004,-3.0,-0.5,0,0,1,0,0,1,0,1,0,0,0,1,0,0,0,1,0,0,1,0,1,0,1,0,1
train_067,13,6,5,1,51,130,13,13,0,0,0.48,0.48,-3.0,-0.42000000000000004,-0.5,0,1,0,0,1,0,1,0,0,0,1,0,0,0,0,0,0,1,0,0,0,1,0,1,0
train_067,14,5,5,0,55,138,16,14,0,0,0.48,0.48,-0.42000000000000004,-3.0,-0.5,0,0,1,0,0,0,1,0,0,1,0,1,0,0,0,1,0,0,0,0,0,0,1,0,0
train_067,15,4,5,0,59,150,17,15,1,1,-3.0,0.48,-0.42000000000000004,-3.0,-0.5,1,0,0,0,0,0,0,1,0,0,0,1,0,0,1,0,1,0,0,0,1,0,0,0,0
train_067,16,4,6,1,63,162,17,16,0,0,0.48,-3.0,0.48,-0.42000000000000004,-0.5,0,0,0,0,0,0,1,0,0,0,1,0,0,1,0,1,0,0,0,0,0,0,0,0,1
train_067,17,3,6,0,66,172,16,17,0,4,0.48,0.48,-0.42000000000000004,-3.0,10.0,1,2,0,0,1,0,0,0,0,0,0,1,0,0,0,1,0,0,1,0,1,0,0,0,0
train_067,18,2,6,0,69,178,15,18,0,4,0.48,0.48,-0.42000000000000004,0.48,10.0,0,0,1,0,1,1,2,0,0,1,0,0,0,0,0,0,1,0,0,0,1,0,0,1,0
train_067,19,1,6,0,69,178,15,19,3,3,-3.0,0.48,-0.42000000000000004,10.48,10.0,-1,-1,-1,-1,-1,0,0,1,0,1,1,2,0,0,1,0,0,0,0,0,0,1,0,0,0
train_068,0,14,0,4,8,18,5,0,1,1,-3.0,0.48,-3.0,-3.0,-0.5,-1,-1,0,0,0,-1,-1,1,0,0,-1,-1,0,0,0,-1,-1,-1,-1,-1,-1,-1,-1,-1,-1
train_068,1,14,1,1,10,24,4,1,0,0,0.48,0.48,-3.0,-0.42000000000000004,-0.5,-1,0,0,0,0,-1,1,0,0,0,-1,0,0,0,1,-1,-1,-1,-1,-1,-1,-1,-1,-1,-1
train_068,2,13,1,0,14,38,5,2,0,0,0.48,0.48,-0.42000000000000004,-3.0,-0.5,-1,0,0,0,0,-1,0,0,0,0,-1,1,0,0,0,-1,0,0,0,1,-1,-1,-1,-1,-1
train_068,3,12,1,0,18,52,6,3,0,0,0.48,0.48,-0.42000000000000004,0.48,-0.5,-1,0,0,0,0,-1,0,0,0,0,-1,0,0,0,0,-1,1,0,0,0,-1,0,0,0,1
train_068,4,11,1,0,22,66,5,4,1,0,0.48,0.48,-0.42000000000000004,0.48,-0.5,-1,0,0,0,0,-1,0,0,0,0,-1,0,0,0,0,-1,0,0,0,0,-1,1,0,0,0
train_068,5,11,2,1,25,76,6,5,1,0,0.48,0.48,0.48,-0.42000000000000004,-0.5,0,0,0,0,0,0,0,0,0,0,0,0,0,0,0,0,0,0,0,1,1,0,0,0,1
train_068,6,11,3,1,30,90,9,6,1,0,0.48,0.48,0.48,-0.42000000000000004,-0.5,0,0,0,0,0,0,0,0,0,0,0,0,0,0,0,0,0,0,1,0,0,0,0,1,0
train_068,7,11,4,1,34,102,8,7,1,0,0.48,0.48,-3.0,-0.42000000000000004,-0.5,0,0,0,0,0,0,0,0,0,1,0,0,0,0,0,0,0,1,0,0,0,0,1,0,0
train_068,8,11,5,1,36,104,9,8,1,0,0.48,0.48,0.48,-0.42000000000000004,-0.5,0,0,0,0,1,0,0,0,1,0,0,0,0,0,1,0,1,0,0,1,0,1,0,0,0
train_068,9,11,6,1,41,116,14,9,2,2,-3.0,-3.0,0.48,-0.42000000000000004,-0.5,0,0,0,1,0,0,0,1,0,0,0,0,0,1,0,1,0,0,1,0,1,0,0,0,0
train_068,10,12,6,2,44,124,12,10,2,2,-0.42000000000000004,-3.0,0.48,0.48,-0.5,0,0,1,0,0,0,0,0,1,0,1,0,0,1,0,1,0,0,0,0,1,0,0,1,0
train_068,11,13,6,2,44,124,12,11,1,1,-0.42000000000000004,0.48,0.48,0.48,-0.5,0,0,0,1,0,1,0,0,1,0,1,0,0,0,0,1,0,0,1,0,-1,-1,-1,-1,-1
train_068,12,13,7,1,48,138,11,12,1,1,-3.0,0.48,-3.0,-0.42000000000000004,-0.5,0,0,1,0,0,0,0,1,0,0,0,0,0,0,0,0,0,1,0,0,-1,-1,-1,-1,-1
train_068,13,13,8,1,50,144,11,13,0,0,0.48,0.48,0.48,-0.42000000000000004,-0.5,0,1,0,0,0,0,1,0,0,0,0,0,0,0,1,0,1,0,0,1,-1,-1,-1,-1,-1
train_068,14,12,8,0,52,152,11,14,0,0,0.48,0.48,-0.42000000000000004,-3.0,-0.5,1,0,0,0,0,0,1,0,0,0,0,1,0,0,0,0,0,0,0,1,0,1,0,0,1
train_068,15,11,8,0,54,160,10,15,0,0,0.48,0.48,-0.42000000000000004,-3.0,-0.5,0,1,0,0,0,1,0,0,0,0,0,1,0,0,0,0,1,0,0,0,0,0,0,0,1
train_068,16,10,8,0,58,172,10,16,1,0,0.48,0.48,-0.42000000000000004,0.48,-0.5,0,1,0,0,0,0,1,0,0,0,1,0,0,0,0,0,1,0,0,0,0,1,0,0,0
train_068,17,10,9,1,61,178,11,17,1,0,0.48,0.48,0.48,-0.42000000000000004,-0.5,1,0,0,0,0,1,0,0,0,1,0,0,0,0,0,1,0,0,0,1,1,0,0,0,0
train_068,18,10,10,1,65,188,13,18,1,4,0.48,0.48,0.48,-0.42000000000000004,10.0,0,0,0,0,0,0,0,0,1,0,0,0,0,0,2,0,0,0,1,1,0,0,0,0,0
train_068,19,10,11,1,70,204,15,19,1,1,-3.0,10.48,-3.0,-0.42000000000000004,10.0,0,0,0,0,0,0,0,1,0,0,0,0,0,2,0,0,0,1,1,0,0,0,0,0,0
train_069,0,14,0,4,7,14,2,0,1,1,-3.0,0.48,-3.0,-3.0,-0.5,-1,-1,0,0,0,-1,-1,1,0,0,-1,-1,0,0,1,-1,-1,-1,-1,-1,-1,-1,-1,-1,-1
train_069,1,14,1,1,9,18,3,1,0,0,0.48,-3.0,-3.0,-0.42000000000000004,-0.5,-1,0,0,0,1,-1,1,0,0,0,-1,0,0,1,0,-1,-1,-1,-1,-1,-1,-1,-1,-1,-1
train_069,2,13,1,0,11,20,4,2,1,0,0.48,0.48,-0.42000000000000004,-3.0,-0.5,-1,1,0,1,0,-1,0,0,0,1,-1,1,0,0,0,-1,0,0,1,0,-1,-1,-1,-1,-1
train_069,3,13,2,1,14,28,5,3,1,0,0.48,0.48,-3.0,-0.42000000000000004,-0.5,1,0,1,0,0,0,0,0,1,1,1,0,0,0,0,0,0,1,0,0,-1,-1,-1,-1,-1
train_069,4,13,3,1,18,40,5,4,1,1,-3.0,0.48,0.48,-0.42000000000000004,-0.5,0,1,0,0,0,0,0,1,1,0,0,0,0,0,0,0,1,0,0,0,-1,-1,-1,-1,-1
train_069,5,13,4,1,20,46,6,5,1,1,-3.0,0.48,0.48,-0.42000000000000004,-0.5,1,0,0,0,0,0,1,1,0,0,0,0,0,0,1,1,0,0,0,1,-1,-1,-1,-1,-1
train_069,6,13,5,1,23,54,8,6,0,0,0.48,-3.0,0.48,-0.42000000000000004,-0.5,0,0,0,0,0,1,1,0,0,0,0,0,0,1,0,0,0,0,1,1,-1,-1,-1,-1,-1
train_069,7,12,5,0,28,72,10,7,1,0,0.48,0.48,-0.42000000000000004,-3.0,-0.5,0,0,0,0,0,0,0,0,0,0,1,1,0,0,0,0,0,0,1,0,0,0,0,1,1
train_069,8,12,6,1,33,88,11,8,1,0,0.48,0.48,-3.0,-0.42000000000000004,-0.5,0,0,0,0,0,0,0,0,0,0,1,0,0,0,0,0,0,1,0,0,0,0,1,1,0
train_069,9,12,7,1,37,100,11,9,1,4,0.48,0.48,0.48,-0.42000000000000004,10.0,0,0,0,0,0,0,0,0,0,0,0,0,0,0,2,0,1,0,0,1,0,1,1,0,0
train_069,10,12,8,1,42,116,11,10,1,1,0.48,10.48,0.48,-0.42000000000000004,10.0,0,0,0,0,0,0,0,0,0,0,0,0,0,2,0,1,0,0,1,0,1,1,0,0,0
train_070,0,14,0,4,8,16,5,0,0,0,0.48,0.48,-3.0,-3.0,-0.5,-1,-1,0,0,0,-1,-1,0,1,0,-1,-1,0,0,0,-1,-1,-1,-1,-1,-1,-1,-1,-1,-1
train_070,1,13,0,0,10,22,5,1,0,0,0.48,-3.0,-0.42000000000000004,-3.0,-0.5,-1,-1,0,0,1,-1,-1,0,0,0,-1,-1,0,1,0,-1,-1,0,0,0,-1,-1,-1,-1,-1
train_070,2,12,0,0,13,30,5,2,0,0,0.48,0.48,-0.42000000000000004,-3.0,-0.5,-1,-1,0,0,0,-1,-1,0,0,1,-1,-1,0,0,0,-1,-1,0,1,0,-1,-1,0,0,0
train_070,3,11,0,0,14,32,6,3,0,0,0.48,0.48,-0.42000000000000004,-3.0,-0.5,-1,-1,1,1,0,-1,-1,0,0,0,-1,-1,0,0,1,-1,-1,0,0,0,-1,-1,0,1,0
train_070,4,10,0,0,17,38,8,4,1,1,-3.0,0.48,-0.42000000000000004,-3.0,-0.5,-1,-1,0,0,0,-1,-1,1,1,0,-1,-1,0,0,0,-1,-1,0,0,1,-1,-1,0,0,0
train_070,5,10,1,1,22,54,9,5,1,1,-3.0,0.48,0.48,-0.42000000000000004,-0.5,-1,0,0,0,0,-1,1,1,0,0,-1,0,0,0,0,-1,0,0,1,0,-1,0,0,0,0
train_070,6,10,2,1,25,64,9,6,0,0,0.48,0.48,-3.0,-0.42000000000000004,-0.5,0,0,0,0,0,1,1,0,0,0,0,0,0,0,0,0,0,1,0,1,0,0,0,0,1
train_070,7,9,2,0,29,78,9,7,0,0,0.48,0.48,-0.42000000000000004,-3.0,-0.5,1,0,0,0,0,0,0,0,0,0,1,1,0,0,0,0,0,0,0,0,0,0,1,0,1
train_070,8,8,2,0,33,92,8,8,0,0,0.48,0.48,-0.42000000000000004,0.48,-0.5,1,0,0,0,0,1,0,0,0,0,0,0,0,0,0,1,1,0,0,0,0,0,0,0,0
train_070,9,7,2,0,36,96,8,9,0,0,0.48,0.48,-0.42000000000000004,0.48,-0.5,0,1,0,1,0,1,0,0,0,0,1,0,0,0,0,0,0,0,0,0,1,1,0,0,0
train_070,10,6,2,0,39,102,9,10,1,0,0.48,0.48,-0.42000000000000004,0.48,-0.5,1,0,0,0,1,0,1,0,1,0,1,0,0,0,0,1,0,0,0,0,0,0,0,0,0
train_070,11,6,3,1,42,110,9,11,1,1,-3.0,0.48,0.48,-0.42000000000000004,-0.5,0,0,0,1,1,1,0,1,0,0,0,0,0,0,0,0,0,0,0,1,0,0,0,0,0
train_070,12,6,4,1,46,118,13,12,1,4,0.48,0.48,0.48,-0.42000000000000004,10.0,0,0,1,1,2,0,1,0,0,1,0,0,0,0,0,0,0,0,1,0,0,0,0,0,0
train_070,13,6,5,1,51,134,15,13,1,4,0.48,0.48,-3.0,-0.42000000000000004,10.0,0,1,1,2,0,1,0,0,1,0,0,0,0,0,0,0,0,1,0,0,0,0,0,0,0
train_070,14,6,6,1,56,152,14,14,1,4,-3.0,0.48,0.48,-0.42000000000000004,10.0,1,1,2,0,0,0,0,1,0,0,0,0,0,0,0,0,1,0,0,0,0,0,0,0,0
train_070,15,6,7,1,59,162,14,15,0,4,0.48,0.48,0.48,-0.42000000000000004,10.0,1,2,0,0,1,0,1,0,0,1,0,0,0,0,0,1,0,0,0,0,0,0,0,0,0
train_070,16,5,7,0,63,170,17,16,0,4,0.48,0.48,-0.42000000000000004,-3.0,10.0,0,0,0,1,0,1,2,0,0,1,0,1,0,0,1,0,0,0,0,0,1,0,0,0,0
train_070,17,4,7,0,68,186,20,17,3,3,0.48,0.48,-0.42000000000000004,10.48,10.0,0,0,0,0,0,0,0,0,1,0,1,2,0,0,1,0,1,0,0,1,0,0,0,0,0
train_071,0,14,0,4,9,24,4,0,0,0,0.48,0.48,-3.0,-3.0,-0.5,-1,-1,0,0,0,-1,-1,0,0,0,-1,-1,0,0,0,-1,-1,-1,-1,-1,-1,-1,-1,-1,-1
train_071,1,13,0,0,12,34,3,1,0,0,0.48,0.48,-0.42000000000000004,-3.0,-0.5,-1,-1,0,0,0,-1,-1,0,0,0,-1,-1,0,0,0,-1,-1,0,0,0,-1,-1,-1,-1,-1
train_071,2,12,0,0,13,36,4,2,0,0,0.48,0.48,-0.42000000000000004,-3.0,-0.5,-1,-1,1,1,0,-1,-1,0,0,0,-1,-1,0,0,0,-1,-1,0,0,0,-1,-1,0,0,0
train_071,3,11,0,0,15,38,6,3,1,1,-3.0,0.48,-0.42000000000000004,-3.0,-0.5,-1,-1,0,1,0,-1,-1,1,1,0,-1,-1,0,0,0,-1,-1,0,0,0,-1,-1,0,0,0
train_071,4,11,1,1,18,48,7,4,1,1,-3.0,0.48,0.48,-0.42000000000000004,-0.5,-1,0,1,0,0,-1,1,1,0,0,-1,0,0,0,0,-1,0,0,0,1,-1,0,0,0,1
train_071,5,11,2,1,22,60,9,5,0,0,0.48,0.48,0.48,-0.42000000000000004,-0.5,0,1,0,0,0,1,1,0,0,0,0,0,0,0,0,0,0,0,1,0,0,0,0,1,1
train_071,6,10,2,0,27,76,11,6,0,0,0.48,0.48,-0.42000000000000004,-3.0,-0.5,0,0,0,0,0,0,1,0,0,0,1,1,0,0,0,0,0,0,0,0,0,0,0,1,0
train_071,7,9,2,0,32,94,10,7,0,0,0.48,0.48,-0.42000000000000004,-3.0,-0.5,0,0,0,0,0,0,0,0,0,0,0,1,0,0,0,1,1,0,0,0,0,0,0,0,0
train_071,8,8,2,0,36,108,9,8,0,4,0.48,0.48,-0.42000000000000004,0.48,10.0,0,2,0,0,1,0,0,0,0,0,0,0,0,0,0,0,1,0,0,0,1,1,0,0,0
train_071,9,7,2,0,40,118,10,9,0,4,0.48,0.48,-0.42000000000000004,0.48,10.0,0,0,1,0,0,0,2,0,0,1,0,0,0,0,0,0,0,0,0,0,0,1,0,0,0
train_071,10,6,2,0,43,126,11,10,3,3,-3.0,0.48,-0.42000000000000004,10.48,10.0,0,1,1,0,0,0,0,1,0,0,0,2,0,0,1,0,0,0,0,0,0,0,0,0,0
train_072,0,14,0,4,7,16,2,0,0,0,0.48,0.48,-3.0,-3.0,-0.5,-1,-1,0,0,1,-1,-1,0,0,1,-1,-1,0,0,0,-1,-1,-1,-1,-1,-1,-1,-1,-1,-1
train_072,1,13,0,0,9,18,4,1,0,0,0.48,0.48,-0.42000000000000004,-3.0,-0.5,-1,-1,0,1,0,-1,-1,0,0,1,-1,-1,0,0,1,-1,-1,0,0,0,-1,-1,-1,-1,-1
train_072,2,12,0,0,12,26,5,2,0,0,0.48,0.48,-0.42000000000000004,-3.0,-0.5,-1,-1,0,0,0,-1,-1,0,1,0,-1,-1,0,0,1,-1,-1,0,0,1,-1,-1,0,0,0
train_072,3,11,0,0,14,30,6,3,0,0,0.48,-3.0,-0.42000000000000004,-3.0,-0.5,-1,-1,0,1,0,-1,-1,0,0,0,-1,-1,0,1,0,-1,-1,0,0,1,-1,-1,0,0,1
train_072,4,10,0,0,17,38,8,4,0,0,0.48,0.48,-0.42000000000000004,-3.0,-0.5,-1,-1,0,0,0,-1,-1,0,1,0,-1,-1,0,0,0,-1,-1,0,1,0,-1,-1,0,0,1
train_072,5,9,0,0,20,48,8,5,0,0,0.48,-3.0,-0.42000000000000004,-3.0,-0.5,-1,-1,0,0,0,-1,-1,0,0,0,-1,-1,0,1,0,-1,-1,0,0,0,-1,-1,0,1,0
train_072,6,8,0,0,22,54,8,6,0,0,0.48,0.48,-0.42000000000000004,-3.0,-0.5,-1,-1,0,0,1,-1,-1,0,0,0,-1,-1,0,0,0,-1,-1,0,1,0,-1,-1,0,0,0
train_072,7,7,0,0,25,62,9,7,0,0,0.48,0.48,-0.42000000000000004,-3.0,-0.5,-1,-1,0,0,0,-1,-1,0,0,1,-1,-1,0,0,0,-1,-1,0,0,0,-1,-1,0,1,0
train_072,8,6,0,0,28,72,8,8,0,0,0.48,0.48,-0.42000000000000004,-3.0,-0.5,-1,-1,0,0,0,-1,-1,0,0,0,-1,-1,0,0,1,-1,-1,0,0,0,-1,-1,0,0,0
train_072,9,5,0,0,30,78,9,9,0,0,0.48,0.48,-0.42000000000000004,-3.0,-0.5,-1,-1,1,0,0,-1,-1,0,0,0,-1,-1,0,0,0,-1,-1,0,0,1,-1,-1,0,0,0
train_072,10,4,0,0,33,86,8,10,1,1,-3.0,0.48,-0.42000000000000004,-3.0,-0.5,-1,-1,0,0,0,-1,-1,1,0,0,-1,-1,0,0,0,-1,-1,0,0,0,-1,-1,0,0,1
train_072,11,4,1,1,35,88,10,11,0,4,0.48,0.48,0.48,-0.42000000000000004,10.0,-1,0,0,0,1,-1,1,0,0,2,-1,0,0,0,1,-1,0,0,0,1,-1,0,0,1,0
train_072,12,3,1,0,37,90,12,12,1,4,0.48,0.48,-0.42000000000000004,-3.0,10.0,-1,0,1,1,0,-1,0,0,0,1,-1,1,0,0,2,-1,0,0,0,1,-1,0,0,0,1
train_072,13,3,2,1,42,102,15,13,1,1,0.48,10.48,0.48,-0.42000000000000004,10.0,0,1,1,0,0,0,0,0,1,0,1,0,0,2,0,0,0,0,1,0,0,0,0,1,0
train_073,0,14,0,4,8,18,4,0,0,0,0.48,0.48,-3.0,-3.0,-0.5,-1,-1,0,1,0,-1,-1,0,0,0,-1,-1,0,0,0,-1,-1,-1,-1,-1,-1,-1,-1,-1,-1
train_073,1,13,0,0,10,22,6,1,1,0,0.48,0.48,-0.42000000000000004,-3.0,-0.5,-1,-1,1,0,0,-1,-1,0,1,0,-1,-1,0,0,0,-1,-1,0,0,0,-1,-1,-1,-1,-1
train_073,2,13,1,1,14,36,4,2,1,1,-3.0,0.48,0.48,-0.42000000000000004,-0.5,-1,1,0,0,0,-1,0,1,0,0,-1,0,0,0,0,-1,0,0,0,0,-1,-1,-1,-1,-1
train_073,3,13,2,1,15,38,3,3,0,0,0.48,0.48,0.48,-0.42000000000000004,-0.5,1,0,0,0,1,0,1,0,0,1,0,0,0,0,0,0,0,0,0,1,-1,-1,-1,-1,-1
train_073,4,12,2,0,20,52,4,4,0,0,0.48,0.48,-0.42000000000000004,-3.0,-0.5,0,0,0,0,0,1,0,0,0,1,0,1,0,0,1,0,0,0,0,0,0,0,0,0,1
train_073,5,11,2,0,23,60,4,5,0,0,0.48,0.48,-0.42000000000000004,0.48,-0.5,0,1,0,0,1,0,0,0,0,0,1,0,0,0,1,0,1,0,0,1,0,0,0,0,0
train_073,6,10,2,0,27,72,4,6,1,0,0.48,0.48,-0.42000000000000004,0.48,-0.5,0,0,0,0,1,0,1,0,0,1,0,0,0,0,0,1,0,0,0,1,0,1,0,0,1
train_073,7,10,3,1,31,78,7,7,1,0,0.48,0.48,0.48,-0.42000000000000004,-0.5,0,0,0,1,0,1,0,0,1,0,0,0,0,0,0,0,0,0,1,1,1,0,0,1,0
train_073,8,10,4,1,35,90,6,8,1,1,-3.0,0.48,-3.0,-0.42000000000000004,-0.5,0,0,1,0,0,0,0,1,0,0,0,0,0,0,0,0,0,1,1,0,0,0,1,0,1
train_073,9,10,5,1,37,92,8,9,0,0,0.48,0.48,-3.0,-0.42000000000000004,-0.5,0,1,0,0,1,0,1,0,0,0,0,0,0,0,1,0,1,1,0,1,0,1,0,1,0
train_073,10,9,5,0,41,102,9,10,1,0,0.48,0.48,-0.42000000000000004,-3.0,-0.5,1,0,0,0,0,0,1,0,0,1,0,1,0,0,0,0,0,0,0,1,0,1,1,0,1
train_073,11,9,6,1,46,114,11,11,1,0,0.48,0.48,0.48,-0.42000000000000004,-0.5,0,0,0,0,0,1,0,0,1,0,1,0,0,0,0,0,0,0,1,0,1,1,0,1,0
train_073,12,9,7,1,49,122,11,12,1,1,-3.0,0.48,-3.0,-0.42000000000000004,-0.5,0,0,0,0,0,0,0,1,0,0,0,0,0,0,1,0,0,1,0,1,1,0,1,0,0
train_073,13,9,8,1,53,132,14,13,2,0,0.48,-3.0,0.48,-0.42000000000000004,-0.5,0,0,0,0,1,0,1,0,0,0,0,0,0,1,0,0,1,0,1,0,0,1,0,0,0
train_073,14,10,8,2,56,144,13,14,2,2,-0.42000000000000004,-3.0,0.48,-3.0,-0.5,0,1,0,0,0,0,0,0,1,0,0,1,0,1,0,0,1,0,0,0,1,0,0,0,0
train_073,15,11,8,2,61,160,14,15,1,4,-0.42000000000000004,0.48,0.48,-3.0,10.0,0,0,0,1,0,0,1,0,1,0,0,1,0,0,0,1,0,0,0,0,0,0,0,2,0
train_073,16,11,9,1,65,172,14,16,2,4,-3.0,0.48,0.48,-0.42000000000000004,10.0,0,0,1,0,0,1,0,1,0,0,1,0,0,0,0,0,0,0,0,1,0,0,2,0,0
train_073,17,12,9,2,69,186,11,17,2,2,-0.42000000000000004,0.48,10.48,0.48,10.0,1,0,1,0,0,1,0,0,0,0,0,0,0,0,1,0,0,2,0,0,1,0,0,0,0
train_074,0,14,0,4,7,14,4,0,1,1,-3.0,0.48,-3.0,-3.0,-0.5,-1,-1,0,0,1,-1,-1,1,0,0,-1,-1,0,0,0,-1,-1,-1,-1,-1,-1,-1,-1,-1,-1
train_074,1,14,1,1,10,22,6,1,0,0,0.48,0.48,-3.0,-0.42000000000000004,-0.5,-1,0,0,1,0,-1,1,0,0,0,-1,0,0,0,0,-1,-1,-1,-1,-1,-1,-1,-1,-1,-1
train_074,2,13,1,0,14,34,8,2,1,0,0.48,0.48,-0.42000000000000004,-3.0,-0.5,-1,0,0,0,0,-1,0,0,1,0,-1,1,0,0,0,-1,0,0,0,0,-1,-1,-1,-1,-1
train_074,3,13,2,1,18,48,9,3,1,1,-3.0,0.48,0.48,-0.42000000000000004,-0.5,0,0,0,0,0,0,0,1,0,0,1,0,0,0,0,0,0,0,0,0,-1,-1,-1,-1,-1
train_074,4,13,3,1,22,62,8,4,0,0,0.48,0.48,0.48,-0.42000000000000004,-0.5,0,0,0,0,0,0,1,0,0,0,0,0,0,0,0,0,0,0,0,0,-1,-1,-1,-1,-1
train_074,5,12,3,0,27,80,10,5,1,0,0.48,0.48,-0.42000000000000004,-3.0,-0.5,0,0,0,0,0,0,0,0,0,0,0,1,0,0,0,0,0,0,0,0,0,0,0,0,0
train_074,6,12,4,1,30,90,11,6,1,0,0.48,0.48,0.48,-0.42000000000000004,-0.5,0,0,0,0,0,0,0,0,0,0,1,0,0,0,0,0,0,0,0,1,0,0,0,0,1
train_074,7,12,5,1,35,104,12,7,1,0,0.48,0.48,0.48,-0.42000000000000004,-0.5,0,0,0,0,0,0,0,0,0,0,0,0,0,0,0,0,0,0,1,0,0,0,0,1,0
train_074,8,12,6,1,38,114,11,8,1,0,0.48,0.48,-3.0,-0.42000000000000004,-0.5,0,0,0,0,1,0,0,0,0,0,0,0,0,0,0,0,0,1,0,0,0,0,1,0,1
train_074,9,12,7,1,42,122,13,9,1,0,0.48,0.48,0.48,-0.42000000000000004,-0.5,0,0,0,1,0,0,0,0,0,1,0,0,0,0,0,0,1,0,0,0,0,1,0,1,0
train_074,10,12,8,1,46,134,14,10,1,0,0.48,0.48,0.48,-0.42000000000000004,-0.5,0,0,1,0,1,0,0,0,1,0,0,0,0,0,0,1,0,0,0,0,1,0,1,0,0
train_074,11,12,9,1,50,148,13,11,1,1,-3.0,0.48,0.48,-0.42000000000000004,-0.5,0,1,0,1,1,0,0,1,0,0,0,0,0,0,0,0,0,0,0,0,0,1,0,0,0
train_074,12,12,10,1,54,158,12,12,1,0,0.48,0.48,0.48,-0.42000000000000004,-0.5,1,0,1,1,0,0,1,0,0,0,0,0,0,0,0,0,0,0,0,1,1,0,0,0,0
train_074,13,12,11,1,57,164,13,13,2,4,0.48,0.48,0.48,-0.42000000000000004,10.0,0,1,1,0,1,1,0,0,0,0,0,0,0,0,1,0,0,0,1,2,0,0,0,0,0
train_074,14,13,11,2,57,164,13,14,2,4,-0.42000000000000004,-3.0,0.48,0.48,10.0,1,0,0,0,0,0,0,0,0,1,0,0,0,1,2,0,0,0,0,0,-1,-1,-1,-1,-1
train_074,15,14,11,2,57,164,13,15,1,4,-0.42000000000000004,0.48,-3.0,0.48,10.0,0,0,0,0,1,0,0,0,1,2,0,0,0,0,0,-1,-1,-1,-1,-1,-1,-1,-1,-1,-1
train_074,16,14,12,1,60,172,12,16,1,4,-3.0,0.48,-3.0,-0.42000000000000004,10.0,0,0,0,1,0,0,0,1,2,0,0,0,0,0,0,-1,-1,-1,-1,-1,-1,-1,-1,-1,-1
train_074,17,14,13,1,60,172,12,17,0,0,10.48,0.48,-3.0,-0.42000000000000004,10.0,0,0,1,0,-1,0,1,2,0,-1,0,0,0,0,-1,-1,-1,-1,-1,-1,-1,-1,-1,-1,-1
train_075,0,14,0,4,8,18,4,0,0,0,0.48,0.48,-3.0,-3.0,-0.5,-1,-1,0,1,0,-1,-1,0,0,0,-1,-1,0,0,0,-1,-1,-1,-1,-1,-1,-1,-1,-1,-1
train_075,1,13,0,0,11,26,5,1,0,0,0.48,0.48,-0.42000000000000004,-3.0,-0.5,-1,-1,0,0,0,-1,-1,0,1,0,-1,-1,0,0,0,-1,-1,0,0,0,-1,-1,-1,-1,-1
train_075,2,12,0,0,13,32,6,2,0,0,0.48,-3.0,-0.42000000000000004,-3.0,-0.5,-1,-1,1,0,0,-1,-1,0,0,0,-1,-1,0,1,0,-1,-1,0,0,0,-1,-1,0,0,0
train_075,3,11,0,0,16,40,5,3,1,1,-3.0,0.48,-0.42000000000000004,-3.0,-0.5,-1,-1,0,0,0,-1,-1,1,0,0,-1,-1,0,0,0,-1,-1,0,1,0,-1,-1,0,0,0
train_075,4,11,1,1,19,48,6,4,0,0,0.48,0.48,-3.0,-0.42000000000000004,-0.5,-1,0,0,0,1,-1,1,0,0,0,-1,0,0,0,0,-1,0,1,0,1,-1,0,0,0,0
train_075,5,10,1,0,21,50,7,5,1,0,0.48,0.48,-0.42000000000000004,-3.0,-0.5,-1,0,1,1,0,-1,0,0,0,1,-1,1,0,0,0,-1,0,0,0,0,-1,0,1,0,1
train_075,6,10,2,1,25,62,8,6,1,0,0.48,0.48,0.48,-0.42000000000000004,-0.5,0,1,1,0,0,0,0,0,1,0,1,0,0,0,0,0,0,0,0,0,0,1,0,1,1
train_075,7,10,3,1,28,70,8,7,1,1,-3.0,0.48,0.48,-0.42000000000000004,-0.5,1,1,0,0,0,0,0,1,0,1,0,0,0,0,0,0,0,0,0,0,1,0,1,1,1
train_075,8,10,4,1,32,78,11,8,0,0,0.48,0.48,0.48,-0.42000000000000004,-0.5,1,0,0,0,0,0,1,0,1,0,0,0,0,0,1,0,0,0,0,0,0,1,1,1,0
train_075,9,9,4,0,37,94,12,9,0,4,0.48,-3.0,-0.42000000000000004,-3.0,10.0,2,0,0,0,0,1,0,0,0,0,0,1,0,1,0,0,0,0,0,1,0,0,0,0,0
train_075,10,8,4,0,40,102,12,10,0,4,0.48,0.48,-0.42000000000000004,0.48,10.0,1,0,0,1,0,2,0,0,0,0,1,0,0,0,0,0,1,0,1,0,0,0,0,0,1
train_075,11,7,4,0,45,116,14,11,3,4,0.48,0.48,-0.42000000000000004,0.48,10.0,0,0,0,0,0,1,0,0,1,0,2,0,0,0,0,1,0,0,0,0,0,1,0,1,0
train_075,12,7,3,3,48,124,15,12,3,3,0.48,-0.42000000000000004,0.48,10.48,10.0,0,0,0,0,0,0,1,0,0,1,0,2,0,0,0,1,1,0,0,0,0,0,1,0,1
train_076,0,14,0,4,7,12,3,0,0,0,0.48,0.48,-3.0,-3.0,-0.5,-1,-1,0,0,0,-1,-1,0,1,0,-1,-1,0,0,1,-1,-1,-1,-1,-1,-1,-1,-1,-1,-1
train_076,1,13,0,0,8,14,3,1,0,0,0.48,-3.0,-0.42000000000000004,-3.0,-0.5,-1,-1,1,0,1,-1,-1,0,0,0,-1,-1,0,1,0,-1,-1,0,0,1,-1,-1,-1,-1,-1
train_076,2,12,0,0,11,20,6,2,1,1,-3.0,0.48,-0.42000000000000004,-3.0,-0.5,-1,-1,0,0,0,-1,-1,1,0,1,-1,-1,0,0,0,-1,-1,0,1,0,-1,-1,0,0,1
train_076,3,12,1,1,16,34,8,3,1,0,0.48,0.48,-3.0,-0.42000000000000004,-0.5,-1,0,0,0,0,-1,1,0,1,0,-1,0,0,0,0,-1,0,1,0,0,-1,0,0,1,0
train_076,4,12,2,1,20,48,6,4,1,1,-3.0,0.48,0.48,-0.42000000000000004,-0.5,0,0,0,0,0,1,0,1,0,0,0,0,0,0,0,0,1,0,0,0,0,0,1,0,1
train_076,5,12,3,1,22,50,7,5,1,0,0.48,0.48,0.48,-0.42000000000000004,-0.5,0,0,0,0,1,0,1,0,0,1,0,0,0,0,0,1,0,0,0,1,0,1,0,1,0
train_076,6,12,4,1,26,58,10,6,1,4,0.48,0.48,0.48,-0.42000000000000004,10.0,0,0,0,1,0,1,0,0,1,1,0,0,0,0,0,0,0,0,1,0,1,0,1,0,2
train_076,7,12,5,1,31,74,12,7,1,4,-3.0,0.48,-3.0,-0.42000000000000004,10.0,0,0,1,0,0,0,0,1,1,0,0,0,0,0,0,0,0,1,0,0,0,1,0,2,0
train_076,8,12,6,1,36,92,12,8,2,4,-3.0,0.48,0.48,-0.42000000000000004,10.0,0,1,0,0,0,0,1,1,0,0,0,0,0,0,0,0,1,0,0,0,1,0,2,0,0
train_076,9,13,6,2,36,92,12,9,2,2,-0.42000000000000004,0.48,10.48,-3.0,10.0,0,1,1,0,0,0,0,0,0,0,0,1,0,0,0,1,0,2,0,0,-1,-1,-1,-1,-1
train_077,0,14,0,4,7,12,3,0,1,1,-3.0,0.48,-3.0,-3.0,-0.5,-1,-1,0,0,0,-1,-1,1,0,1,-1,-1,0,0,0,-1,-1,-1,-1,-1,-1,-1,-1,-1,-1
train_077,1,14,1,1,8,14,3,1,0,0,0.48,0.48,-3.0,-0.42000000000000004,-0.5,-1,0,0,0,0,-1,1,0,1,1,-1,0,0,0,1,-1,-1,-1,-1,-1,-1,-1,-1,-1,-1
train_077,2,13,1,0,10,20,2,2,0,0,0.48,-3.0,-0.42000000000000004,-3.0,-0.5,-1,1,0,0,1,-1,0,0,0,0,-1,1,0,1,1,-1,0,0,0,1,-1,-1,-1,-1,-1
train_077,3,12,1,0,13,24,5,3,1,0,0.48,0.48,-0.42000000000000004,0.48,-0.5,-1,0,1,0,0,-1,1,0,0,1,-1,0,0,0,0,-1,1,0,1,1,-1,0,0,0,1
train_077,4,12,2,1,18,36,6,4,1,0,0.48,0.48,-3.0,-0.42000000000000004,-0.5,0,1,0,0,0,1,0,0,1,0,0,0,0,0,0,1,0,1,1,0,0,0,0,1,0
train_077,5,12,3,1,20,40,6,5,1,1,-3.0,0.48,-3.0,-0.42000000000000004,-0.5,1,0,0,0,1,0,0,1,0,1,0,0,0,0,0,0,1,1,0,1,0,0,1,0,0
train_077,6,12,4,1,24,48,7,6,1,0,0.48,0.48,0.48,-0.42000000000000004,-0.5,0,0,0,1,0,0,1,0,1,0,0,0,0,0,0,1,1,0,1,1,0,1,0,0,0
train_077,7,12,5,1,26,52,7,7,1,1,-3.0,0.48,-3.0,-0.42000000000000004,-0.5,0,0,1,0,1,1,0,1,0,1,0,0,0,0,0,1,0,1,1,1,1,0,0,0,0
train_077,8,12,6,1,31,64,11,8,1,0,0.48,0.48,-3.0,-0.42000000000000004,-0.5,0,1,0,1,0,0,1,0,1,0,0,0,0,0,0,0,1,1,1,0,0,0,0,0,0
train_077,9,12,7,1,36,82,10,9,1,1,-3.0,0.48,-3.0,-0.42000000000000004,-0.5,1,0,1,0,0,1,0,1,0,0,0,0,0,0,0,1,1,1,0,0,0,0,0,0,0
train_077,10,12,8,1,40,94,9,10,1,4,0.48,0.48,0.48,-0.42000000000000004,10.0,0,1,0,0,0,0,1,0,0,0,0,0,0,0,2,1,1,0,0,1,0,0,0,0,0
train_077,11,12,9,1,44,106,8,11,1,1,0.48,10.48,0.48,-0.42000000000000004,10.0,1,0,0,0,1,1,0,0,0,0,0,0,0,2,0,1,0,0,1,0,0,0,0,0,0
train_078,0,14,0,4,8,20,4,0,0,0,0.48,0.48,-3.0,-3.0,-0.5,-1,-1,0,0,0,-1,-1,0,0,0,-1,-1,0,0,1,-1,-1,-1,-1,-1,-1,-1,-1,-1,-1
train_078,1,13,0,0,10,24,4,1,1,0,0.48,0.48,-0.42000000000000004,-3.0,-0.5,-1,-1,0,1,0,-1,-1,0,0,0,-1,-1,0,0,0,-1,-1,0,0,1,-1,-1,-1,-1,-1
train_078,2,13,1,1,13,32,4,2,1,4,0.48,0.48,0.48,-0.42000000000000004,10.0,-1,0,1,0,1,-1,0,0,0,0,-1,0,0,0,2,-1,0,0,1,0,-1,-1,-1,-1,-1
train_078,3,13,2,1,16,38,4,3,1,1,0.48,10.48,-3.0,-0.42000000000000004,10.0,0,1,0,1,0,0,0,0,0,0,0,0,0,2,1,0,0,1,0,0,-1,-1,-1,-1,-1
train_079,0,14,0,4,9,24,6,0,0,0,0.48,0.48,-3.0,-3.0,-0.5,-1,-1,0,0,0,-1,-1,0,0,0,-1,-1,0,0,0,-1,-1,-1,-1,-1,-1,-1,-1,-1,-1
train_079,1,13,0,0,12,34,5,1,0,0,0.48,0.48,-0.42000000000000004,-3.0,-0.5,-1,-1,0,0,0,-1,-1,0,0,0,-1,-1,0,0,0,-1,-1,0,0,0,-1,-1,-1,-1,-1
train_079,2,12,0,0,13,36,6,2,0,0,0.48,0.48,-0.42000000000000004,-3.0,-0.5,-1,-1,1,1,0,-1,-1,0,0,0,-1,-1,0,0,0,-1,-1,0,0,0,-1,-1,0,0,0
train_079,3,11,0,0,16,42,6,3,1,1,-3.0,0.48,-0.42000000000000004,-3.0,-0.5,-1,-1,0,0,0,-1,-1,1,1,0,-1,-1,0,0,0,-1,-1,0,0,0,-1,-1,0,0,0
train_079,4,11,1,1,20,56,7,4,1,1,-3.0,0.48,0.48,-0.42000000000000004,-0.5,-1,0,0,0,1,-1,1,1,0,0,-1,0,0,0,0,-1,0,0,0,0,-1,0,0,0,0
train_079,5,11,2,1,25,72,9,5,0,0,0.48,0.48,0.48,-0.42000000000000004,-0.5,0,0,0,1,0,1,1,0,0,0,0,0,0,0,0,0,0,0,0,0,0,0,0,0,0
train_079,6,10,2,0,28,80,10,6,0,0,0.48,0.48,-0.42000000000000004,-3.0,-0.5,1,1,0,0,0,0,0,0,1,0,1,1,0,0,0,0,0,0,0,0,0,0,0,0,0
train_079,7,9,2,0,31,88,10,7,0,0,0.48,-3.0,-0.42000000000000004,0.48,-0.5,1,0,0,0,1,1,1,0,0,0,0,0,0,1,0,1,1,0,0,0,0,0,0,0,0
train_079,8,8,2,0,33,94,10,8,0,0,0.48,0.48,-0.42000000000000004,-3.0,-0.5,1,1,0,0,1,1,0,0,0,1,1,1,0,0,0,0,0,0,1,0,1,1,0,0,0
train_079,9,7,2,0,38,106,12,9,0,0,0.48,0.48,-0.42000000000000004,0.48,-0.5,0,0,0,0,0,1,1,0,0,1,1,0,0,0,1,1,1,0,0,0,0,0,0,1,0
train_079,10,6,2,0,41,116,12,10,0,0,0.48,0.48,-0.42000000000000004,-3.0,-0.5,1,0,0,0,1,0,0,0,0,0,1,1,0,0,1,1,0,0,0,1,1,1,0,0,0
train_079,11,5,2,0,45,128,13,11,1,0,0.48,0.48,-0.42000000000000004,0.48,-0.5,0,0,0,0,1,1,0,0,0,1,0,0,0,0,0,1,1,0,0,1,1,0,0,0,1
train_079,12,5,3,1,48,134,16,12,1,0,0.48,0.48,0.48,-0.42000000000000004,-0.5,0,0,0,1,0,0,0,0,1,0,0,0,0,0,0,1,0,0,1,1,0,0,0,1,1
train_079,13,5,4,1,52,146,17,13,1,1,-3.0,0.48,-3.0,-0.42000000000000004,-0.5,0,0,1,0,0,0,0,1,0,0,0,0,0,0,0,0,0,1,1,0,0,0,1,1,1
train_079,14,5,5,1,56,158,18,14,0,0,0.48,0.48,-3.0,-0.42000000000000004,-0.5,0,1,0,0,1,0,1,0,0,0,0,0,0,0,0,0,1,1,0,0,0,1,1,1,0
train_079,15,4,5,0,60,168,20,15,0,4,0.48,0.48,-0.42000000000000004,-3.0,10.0,0,1,2,0,0,0,1,0,0,1,0,1,0,0,0,0,0,0,0,0,0,1,1,0,0
train_079,16,3,5,0,63,176,19,16,0,0,10.48,0.48,-0.42000000000000004,-3.0,10.0,0,1,0,0,1,0,1,2,0,0,0,1,0,0,1,0,1,0,0,0,0,0,0,0,0
train_080,0,14,0,4,8,20,4,0,0,0,0.48,0.48,-3.0,-3.0,-0.5,-1,-1,1,0,0,-1,-1,0,0,0,-1,-1,0,0,0,-1,-1,-1,-1,-1,-1,-1,-1,-1,-1
train_080,1,13,0,0,10,22,5,1,1,1,-3.0,0.48,-0.42000000000000004,-3.0,-0.5,-1,-1,0,1,0,-1,-1,1,0,0,-1,-1,0,0,0,-1,-1,0,0,0,-1,-1,-1,-1,-1
train_080,2,13,1,1,14,36,5,2,0,0,0.48,0.48,0.48,-0.42000000000000004,-0.5,-1,0,1,0,0,-1,1,0,0,0,-1,0,0,0,0,-1,0,0,0,0,-1,-1,-1,-1,-1
train_080,3,12,1,0,17,44,7,3,1,1,-3.0,0.48,-0.42000000000000004,-3.0,-0.5,-1,1,0,0,0,-1,0,1,0,0,-1,1,0,0,0,-1,0,0,0,0,-1,0,0,0,0
train_080,4,12,2,1,21,56,8,4,0,0,0.48,0.48,0.48,-0.42000000000000004,-0.5,1,0,0,0,0,0,1,0,0,0,1,0,0,0,1,0,0,0,0,0,0,0,0,0,0
train_080,5,11,2,0,26,72,10,5,0,0,0.48,0.48,-0.42000000000000004,-3.0,-0.5,0,0,0,0,0,1,0,0,0,0,0,1,0,0,0,1,0,0,0,1,0,0,0,0,0
train_080,6,10,2,0,31,90,9,6,0,0,0.48,0.48,-0.42000000000000004,0.48,-0.5,0,0,0,0,0,0,0,0,0,0,1,0,0,0,0,0,1,0,0,0,1,0,0,0,1
train_080,7,9,2,0,35,102,10,7,0,0,0.48,0.48,-0.42000000000000004,0.48,-0.5,0,0,0,1,0,0,0,0,0,0,0,0,0,0,0,1,0,0,0,0,0,1,0,0,0
train_080,8,8,2,0,40,118,10,8,0,0,0.48,0.48,-0.42000000000000004,0.48,-0.5,0,0,0,0,0,0,0,0,1,0,0,0,0,0,0,0,0,0,0,0,1,0,0,0,0
train_080,9,7,2,0,43,124,9,9,0,0,0.48,-3.0,-0.42000000000000004,0.48,-0.5,0,1,0,1,0,0,0,0,0,0,0,0,0,1,0,0,0,0,0,0,0,0,0,0,0
train_080,10,6,2,0,46,128,11,10,1,0,0.48,0.48,-0.42000000000000004,0.48,-0.5,1,0,1,0,0,0,1,0,1,0,0,0,0,0,0,0,0,0,1,0,0,0,0,0,0
train_080,11,6,3,1,50,142,10,11,1,1,-3.0,0.48,-3.0,-0.42000000000000004,-0.5,0,1,0,0,0,1,0,1,0,0,0,0,0,0,0,0,0,1,0,0,0,0,0,0,1
train_080,12,6,4,1,53,148,9,12,0,0,0.48,0.48,0.48,-0.42000000000000004,-0.5,1,0,0,0,0,0,1,0,0,1,0,0,0,0,1,0,1,0,0,0,0,0,0,1,0
train_080,13,5,4,0,58,164,9,13,0,0,0.48,0.48,-0.42000000000000004,-3.0,-0.5,0,0,0,0,0,1,0,0,0,0,0,1,0,0,1,0,0,0,0,1,0,1,0,0,0
train_080,14,4,4,0,62,176,11,14,0,0,0.48,0.48,-0.42000000000000004,0.48,-0.5,0,0,1,0,0,0,0,0,0,0,1,0,0,0,0,0,1,0,0,1,0,0,0,0,1
train_080,15,3,4,0,66,188,12,15,1,1,-3.0,0.48,-0.42000000000000004,0.48,-0.5,0,0,1,0,0,0,0,1,0,0,0,0,0,0,0,1,0,0,0,0,0,1,0,0,1
train_080,16,3,5,1,69,194,15,16,0,0,0.48,0.48,0.48,-0.42000000000000004,-0.5,0,1,0,0,0,0,1,0,0,0,0,0,0,0,1,0,0,0,0,1,1,0,0,1,0
train_080,17,2,5,0,73,204,14,17,1,0,0.48,0.48,-0.42000000000000004,-3.0,-0.5,0,0,1,0,0,0,1,0,0,0,0,1,0,0,0,0,0,0,0,1,0,0,0,0,1
train_080,18,2,6,1,78,218,15,18,1,0,0.48,0.48,0.48,-0.42000000000000004,-0.5,0,1,0,0,0,1,0,0,0,0,1,0,0,0,0,0,0,0,1,0,0,0,0,1,0
train_080,19,2,7,1,81,226,16,19,1,0,0.48,0.48,-3.0,-0.42000000000000004,-0.5,1,0,0,0,1,0,0,0,0,0,0,0,0,0,0,0,0,1,0,1,0,0,1,0,0
train_080,20,2,8,1,86,240,18,20,1,0,0.48,0.48,0.48,-0.42000000000000004,-0.5,0,0,0,1,0,0,0,0,0,0,0,0,0,0,0,0,1,0,1,0,0,1,0,0,0
train_080,21,2,9,1,90,252,18,21,1,0,0.48,0.48,-3.0,-0.42000000000000004,-0.5,0,0,1,0,0,0,0,0,0,0,0,0,0,0,1,1,0,1,0,0,1,0,0,0,0
train_080,22,2,10,1,94,262,19,22,2,0,0.48,-3.0,0.48,-0.42000000000000004,-0.5,0,1,0,0,0,0,0,0,0,0,0,0,0,1,0,0,1,0,0,1,0,0,0,0,0
train_080,23,3,10,2,99,282,19,23,1,1,-0.42000000000000004,0.48,0.48,-3.0,-0.5,0,0,0,0,0,0,0,0,1,0,0,1,0,0,1,0,0,0,0,0,0,0,0,0,0
train_080,24,3,11,1,103,294,21,24,2,2,-3.0,-3.0,0.48,-0.42000000000000004,-0.5,0,0,0,0,1,0,0,1,0,0,1,0,0,1,0,0,0,0,0,0,0,0,0,0,0
train_080,25,4,11,2,108,312,20,25,1,1,-0.42000000000000004,0.48,0.48,0.48,-0.5,0,0,1,0,0,1,0,0,1,0,0,0,0,0,0,0,0,0,0,0,0,0,0,0,0
train_080,26,4,12,1,113,330,17,26,1,1,-3.0,0.48,0.48,-0.42000000000000004,-0.5,0,1,0,0,0,0,0,1,0,0,0,0,0,0,0,0,0,0,0,0,0,0,0,0,0
train_080,27,4,13,1,113,330,17,27,1,0,0.48,0.48,0.48,-0.42000000000000004,-0.5,1,0,0,0,-1,0,1,0,0,-1,0,0,0,0,-1,0,0,0,0,-1,0,0,0,0,-1
train_080,28,4,14,1,113,330,17,28,2,0,0.48,-3.0,0.48,-0.42000000000000004,-0.5,0,0,0,-1,-1,1,0,0,-1,-1,0,0,0,-1,-1,0,0,0,-1,-1,0,0,0,-1,-1
train_080,29,5,14,2,115,336,17,29,2,2,-0.42000000000000004,-3.0,0.48,0.48,-0.5,1,0,0,-1,-1,0,0,0,-1,-1,0,0,0,-1,-1,0,0,0,-1,-1,1,0,0,-1,-1
train_080,30,6,14,2,118,344,19,30,2,2,-0.42000000000000004,-3.0,0.48,0.48,-0.5,0,0,0,-1,-1,0,0,0,-1,-1,0,0,0,-1,-1,1,0,0,-1,-1,0,0,0,-1,-1
train_080,31,7,14,2,121,354,18,31,2,2,-0.42000000000000004,-3.0,0.48,0.48,-0.5,0,0,0,-1,-1,0,0,0,-1,-1,1,0,0,-1,-1,0,0,0,-1,-1,0,0,0,-1,-1
train_080,32,8,14,2,122,356,18,32,2,2,-0.42000000000000004,-3.0,0.48,0.48,-0.5,0,0,0,-1,-1,1,0,0,-1,-1,0,0,0,-1,-1,0,0,0,-1,-1,1,1,0,-1,-1
train_080,33,9,14,2,124,358,19,33,2,4,-0.42000000000000004,-3.0,0.48,0.48,10.0,1,0,0,-1,-1,0,0,0,-1,-1,0,0,0,-1,-1,1,1,0,-1,-1,2,1,0,-1,-1
train_080,34,10,14,2,126,362,20,34,2,4,-0.42000000000000004,-3.0,0.48,-3.0,10.0,0,0,0,-1,-1,0,0,0,-1,-1,1,1,0,-1,-1,2,1,0,-1,-1,0,1,0,-1,-1
train_080,35,11,14,2,129,370,22,35,2,4,-0.42000000000000004,-3.0,0.48,-3.0,10.0,0,0,0,-1,-1,1,1,0,-1,-1,2,1,0,-1,-1,0,1,0,-1,-1,0,0,0,-1,-1
train_080,36,12,14,2,132,380,20,36,2,4,-0.42000000000000004,-3.0,0.48,-3.0,10.0,1,1,0,-1,-1,2,1,0,-1,-1,0,1,0,-1,-1,0,0,0,-1,-1,0,0,0,-1,-1
train_080,37,13,14,2,132,380,20,37,3,4,-0.42000000000000004,-3.0,0.48,0.48,10.0,2,1,0,-1,-1,0,1,0,-1,-1,0,0,0,-1,-1,0,0,0,-1,-1,-1,-1,-1,-1,-1
train_080,38,13,13,3,135,390,18,38,3,4,-3.0,-0.42000000000000004,0.48,0.48,10.0,1,2,1,0,-1,0,0,1,0,-1,0,0,0,0,-1,0,0,0,0,-1,-1,-1,-1,-1,-1
train_080,39,13,12,3,136,392,18,39,0,4,0.48,-0.42000000000000004,0.48,0.48,10.0,1,1,2,1,0,1,0,0,1,0,0,0,0,0,0,1,0,0,0,0,-1,-1,-1,-1,-1
train_080,40,12,12,0,137,392,19,40,0,0,10.48,-3.0,-0.42000000000000004,0.48,10.0,1,0,1,1,0,1,1,2,1,0,1,0,0,1,0,0,0,0,0,0,1,0,0,0,0
train_081,0,14,0,4,8,20,4,0,0,0,0.48,0.48,-3.0,-3.0,-0.5,-1,-1,1,0,0,-1,-1,0,0,0,-1,-1,0,0,0,-1,-1,-1,-1,-1,-1,-1,-1,-1,-1
train_081,1,13,0,0,11,28,6,1,1,1,-3.0,0.48,-0.42000000000000004,-3.0,-0.5,-1,-1,0,0,0,-1,-1,1,0,0,-1,-1,0,0,0,-1,-1,0,0,0,-1,-1,-1,-1,-1
train_081,2,13,1,1,14,36,6,2,0,0,0.48,0.48,0.48,-0.42000000000000004,-0.5,-1,0,0,0,0,-1,1,0,0,0,-1,0,0,0,1,-1,0,0,0,0,-1,-1,-1,-1,-1
train_081,3,12,1,0,18,50,5,3,0,0,0.48,0.48,-0.42000000000000004,-3.0,-0.5,-1,0,0,0,0,-1,0,0,0,0,-1,1,0,0,0,-1,0,0,0,1,-1,0,0,0,0
train_081,4,11,1,0,21,58,4,4,0,0,0.48,0.48,-0.42000000000000004,0.48,-0.5,-1,0,0,1,0,-1,0,0,0,0,-1,0,0,0,0,-1,1,0,0,0,-1,0,0,0,1
train_081,5,10,1,0,24,66,4,5,0,0,0.48,0.48,-0.42000000000000004,0.48,-0.5,-1,1,0,0,0,-1,0,0,1,0,-1,0,0,0,0,-1,0,0,0,0,-1,1,0,0,0
train_081,6,9,1,0,25,68,4,6,0,0,0.48,-3.0,-0.42000000000000004,0.48,-0.5,-1,1,0,1,1,-1,1,0,0,0,-1,0,0,1,0,-1,0,0,0,0,-1,0,0,0,0
train_081,7,8,1,0,26,70,4,7,1,0,0.48,0.48,-0.42000000000000004,-3.0,-0.5,-1,1,0,1,1,-1,1,0,1,1,-1,1,0,0,0,-1,0,0,1,0,-1,0,0,0,0
train_081,8,8,2,1,29,76,5,8,1,1,-3.0,0.48,-3.0,-0.42000000000000004,-0.5,1,0,1,1,0,1,0,1,1,0,1,0,0,0,0,0,0,1,0,1,0,0,0,0,1
train_081,9,8,3,1,31,80,6,9,1,1,-3.0,0.48,0.48,-0.42000000000000004,-0.5,0,1,1,0,1,0,1,1,0,1,0,0,0,0,0,0,1,0,1,0,0,0,0,1,1
train_081,10,8,4,1,36,92,9,10,0,0,0.48,0.48,-3.0,-0.42000000000000004,-0.5,1,1,0,1,0,1,1,0,1,0,0,0,0,0,0,1,0,1,0,0,0,0,1,1,0
train_081,11,7,4,0,40,102,12,11,0,0,0.48,-3.0,-0.42000000000000004,-3.0,-0.5,1,0,0,0,0,1,1,0,1,0,1,1,0,1,0,0,0,0,0,0,1,0,1,0,0
train_081,12,6,4,0,45,118,13,12,0,0,0.48,-3.0,-0.42000000000000004,-3.0,-0.5,0,0,0,0,0,1,0,0,0,0,1,1,0,1,0,1,1,0,1,0,0,0,0,0,0
train_081,13,5,4,0,49,130,15,13,1,0,0.48,0.48,-0.42000000000000004,0.48,-0.5,0,0,0,1,0,0,0,0,0,0,1,0,0,0,0,1,1,0,1,0,1,1,0,1,0
train_081,14,5,5,1,53,142,15,14,1,0,0.48,0.48,-3.0,-0.42000000000000004,-0.5,0,0,1,0,0,0,0,0,0,1,0,0,0,0,0,1,0,1,0,0,1,0,1,0,0
train_081,15,5,6,1,58,158,16,15,1,0,0.48,0.48,0.48,-0.42000000000000004,-0.5,0,1,0,0,0,0,0,0,1,0,0,0,0,0,0,0,1,0,0,0,0,1,0,0,0
train_081,16,5,7,1,62,172,15,16,1,1,-3.0,0.48,0.48,-0.42000000000000004,-0.5,1,0,0,0,1,0,0,1,0,0,0,0,0,0,0,1,0,0,0,0,1,0,0,0,0
train_081,17,5,8,1,65,180,17,17,0,0,0.48,0.48,0.48,-0.42000000000000004,-0.5,0,0,0,1,0,0,1,0,0,0,0,0,0,0,0,0,0,0,0,1,0,0,0,0,1
train_081,18,4,8,0,69,190,19,18,1,0,0.48,0.48,-0.42000000000000004,-3.0,-0.5,0,1,0,0,0,0,0,0,1,0,0,1,0,0,0,0,0,0,0,0,0,0,0,0,1
train_081,19,4,9,1,72,200,18,19,1,4,-3.0,0.48,0.48,-0.42000000000000004,10.0,1,0,0,0,1,0,0,1,0,0,1,0,0,0,2,0,0,0,0,0,0,0,0,1,1
train_081,20,4,10,1,75,208,19,20,1,1,0.48,10.48,0.48,-0.42000000000000004,10.0,0,0,0,1,0,0,1,0,0,0,0,0,0,2,0,0,0,0,0,1,0,0,1,1,1
train_082,0,14,0,4,7,12,4,0,1,0,0.48,0.48,-3.0,-3.0,-0.5,-1,-1,1,0,0,-1,-1,0,1,0,-1,-1,0,0,0,-1,-1,-1,-1,-1,-1,-1,-1,-1,-1
train_082,1,14,1,1,9,18,3,1,1,1,-3.0,0.48,-3.0,-0.42000000000000004,-0.5,-1,1,0,0,1,-1,0,1,0,0,-1,0,0,0,0,-1,-1,-1,-1,-1,-1,-1,-1,-1,-1
train_082,2,14,2,1,10,20,3,2,0,0,0.48,0.48,-3.0,-0.42000000000000004,-0.5,1,0,0,1,1,0,1,0,0,1,0,0,0,0,0,-1,-1,-1,-1,-1,-1,-1,-1,-1,-1
train_082,3,13,2,0,15,32,6,3,0,4,0.48,0.48,-0.42000000000000004,-3.0,10.0,0,0,0,0,2,1,0,0,1,1,0,1,0,0,1,0,0,0,0,0,-1,-1,-1,-1,-1
train_082,4,12,2,0,19,44,6,4,0,4,0.48,-3.0,-0.42000000000000004,0.48,10.0,0,0,0,1,0,0,0,0,0,2,1,0,0,1,1,0,1,0,0,1,0,0,0,0,0
train_082,5,11,2,0,24,60,8,5,1,4,0.48,0.48,-0.42000000000000004,0.48,10.0,0,0,0,0,0,0,0,0,1,0,0,0,0,0,2,1,0,0,1,1,0,1,0,0,1
train_082,6,11,3,1,28,68,11,6,1,1,-3.0,10.48,-3.0,-0.42000000000000004,10.0,0,0,0,0,0,0,0,1,0,1,0,0,0,2,0,0,0,1,1,0,1,0,0,1,0
train_083,0,14,0,4,6,10,2,0,1,1,-3.0,0.48,-3.0,-3.0,-0.5,-1,-1,0,1,1,-1,-1,1,0,0,-1,-1,0,0,0,-1,-1,-1,-1,-1,-1,-1,-1,-1,-1
train_083,1,14,1,1,7,12,2,1,0,0,0.48,0.48,-3.0,-0.42000000000000004,-0.5,-1,0,1,1,1,-1,1,0,0,0,-1,0,0,0,1,-1,-1,-1,-1,-1,-1,-1,-1,-1,-1
train_083,2,13,1,0,10,16,5,2,1,1,-3.0,0.48,-0.42000000000000004,-3.0,-0.5,-1,0,1,0,0,-1,0,1,1,1,-1,1,0,0,0,-1,0,0,0,1,-1,-1,-1,-1,-1
train_083,3,13,2,1,14,26,6,3,1,1,-3.0,0.48,0.48,-0.42000000000000004,-0.5,0,1,0,0,0,0,1,1,1,0,1,0,0,0,0,0,0,0,1,0,-1,-1,-1,-1,-1
train_083,4,13,3,1,17,34,6,4,1,1,-3.0,0.48,-3.0,-0.42000000000000004,-0.5,1,0,0,0,0,1,1,1,0,0,0,0,0,0,1,0,0,1,0,0,-1,-1,-1,-1,-1
train_083,5,13,4,1,19,40,7,5,0,0,0.48,-3.0,0.48,-0.42000000000000004,-0.5,0,0,0,0,0,1,1,0,0,0,0,0,0,1,1,0,1,0,0,1,-1,-1,-1,-1,-1
train_083,6,12,4,0,23,52,7,6,0,0,0.48,0.48,-0.42000000000000004,-3.0,-0.5,0,0,1,0,0,0,0,0,0,0,1,1,0,0,0,0,0,0,1,1,0,1,0,0,1
train_083,7,11,4,0,27,62,10,7,1,1,-3.0,0.48,-0.42000000000000004,0.48,-0.5,0,1,0,0,0,0,0,1,0,0,0,0,0,0,0,1,1,0,0,0,0,0,0,1,1
train_083,8,11,5,1,31,72,13,8,0,0,0.48,0.48,0.48,-0.42000000000000004,-0.5,1,0,0,0,0,0,1,0,0,1,0,0,0,0,0,1,0,0,0,0,0,0,1,1,0
train_083,9,10,5,0,36,88,15,9,0,0,0.48,0.48,-0.42000000000000004,-3.0,-0.5,0,0,0,0,0,1,0,0,0,0,0,1,0,0,1,0,0,0,0,0,1,0,0,0,0
train_083,10,9,5,0,40,102,15,10,0,0,0.48,0.48,-0.42000000000000004,0.48,-0.5,1,0,0,0,0,0,0,0,0,0,1,0,0,0,0,0,1,0,0,1,0,0,0,0,0
train_083,11,8,5,0,43,110,15,11,0,0,0.48,0.48,-0.42000000000000004,0.48,-0.5,1,0,1,0,0,1,0,0,0,0,0,0,0,0,0,1,0,0,0,0,0,1,0,0,1
train_083,12,7,5,0,47,120,17,12,1,1,-3.0,0.48,-0.42000000000000004,0.48,-0.5,0,0,0,0,1,1,0,1,0,0,1,0,0,0,0,0,0,0,0,0,1,0,0,0,0
train_083,13,7,6,1,52,136,20,13,0,0,0.48,0.48,0.48,-0.42000000000000004,-0.5,0,0,0,1,0,0,1,0,0,0,0,0,0,0,0,0,0,0,0,0,0,0,0,0,0
train_083,14,6,6,0,56,146,20,14,0,4,0.48,0.48,-0.42000000000000004,-3.0,10.0,0,1,0,2,0,0,0,0,1,0,0,1,0,0,0,0,0,0,0,0,0,0,0,0,0
train_083,15,5,6,0,59,154,22,15,0,4,0.48,-3.0,-0.42000000000000004,0.48,10.0,0,0,0,1,1,0,1,0,2,0,0,0,0,1,0,0,1,0,0,0,0,0,0,0,0
train_083,16,4,6,0,64,168,24,16,1,1,0.48,10.48,-0.42000000000000004,-3.0,10.0,0,0,0,0,0,0,0,0,1,1,0,1,0,2,0,0,0,0,1,0,0,1,0,0,0
train_084,0,14,0,4,6,12,3,0,0,0,0.48,-3.0,-3.0,-3.0,-0.5,-1,-1,0,0,0,-1,-1,0,0,1,-1,-1,0,1,1,-1,-1,-1,-1,-1,-1,-1,-1,-1,-1
train_084,1,13,0,0,8,16,2,1,0,0,0.48,0.48,-0.42000000000000004,-3.0,-0.5,-1,-1,0,1,0,-1,-1,0,0,0,-1,-1,0,0,1,-1,-1,0,1,1,-1,-1,-1,-1,-1
train_084,2,12,0,0,9,16,3,2,1,0,0.48,0.48,-0.42000000000000004,-3.0,-0.5,-1,-1,1,0,1,-1,-1,0,1,0,-1,-1,0,0,0,-1,-1,0,0,1,-1,-1,0,1,1
train_084,3,12,1,1,13,26,6,3,1,1,-3.0,0.48,0.48,-0.42000000000000004,-0.5,-1,1,0,1,0,-1,0,1,0,0,-1,0,0,0,0,-1,0,0,1,0,-1,0,1,1,1
train_084,4,12,2,1,18,42,5,4,0,0,0.48,0.48,-3.0,-0.42000000000000004,-0.5,1,0,1,0,0,0,1,0,0,0,0,0,0,0,0,0,0,1,0,0,0,1,1,1,0
train_084,5,11,2,0,22,52,6,5,1,1,-3.0,0.48,-0.42000000000000004,-3.0,-0.5,0,0,0,0,1,1,0,1,0,0,0,1,0,0,0,0,0,0,0,0,0,0,1,0,0
train_084,6,11,3,1,26,62,8,6,1,0,0.48,0.48,0.48,-0.42000000000000004,-0.5,0,0,0,1,0,0,1,0,0,1,1,0,0,0,0,0,0,0,0,0,0,1,0,0,0
train_084,7,11,4,1,30,74,9,7,1,0,0.48,0.48,0.48,-0.42000000000000004,-0.5,0,0,1,0,0,1,0,0,1,1,0,0,0,0,0,0,0,0,0,0,1,0,0,0,0
train_084,8,11,5,1,34,84,9,8,1,1,-3.0,0.48,0.48,-0.42000000000000004,-0.5,0,1,0,0,0,0,0,1,1,0,0,0,0,0,0,0,0,0,0,1,0,0,0,0,0
train_084,9,11,6,1,37,90,11,9,1,4,-3.0,0.48,0.48,-0.42000000000000004,10.0,1,0,0,0,0,0,1,1,0,0,0,0,0,0,1,0,0,0,1,2,0,0,0,0,1
train_084,10,11,7,1,42,104,14,10,0,4,0.48,-3.0,-3.0,-0.42000000000000004,10.0,0,0,0,0,0,1,1,0,0,0,0,0,0,1,0,0,0,1,2,0,0,0,0,1,0
train_084,11,10,7,0,47,122,14,11,1,4,0.48,0.48,-0.42000000000000004,-3.0,10.0,0,0,0,0,0,0,0,0,0,0,1,1,0,0,0,0,0,0,1,0,0,0,1,2,0
train_084,12,10,8,1,51,134,15,12,1,4,0.48,0.48,-3.0,-0.42000000000000004,10.0,0,0,0,0,0,0,0,0,0,0,1,0,0,0,1,0,0,1,0,0,0,1,2,0,0
train_084,13,10,9,1,55,146,15,13,2,4,0.48,-3.0,0.48,-0.42000000000000004,10.0,0,0,0,0,1,0,0,0,0,0,0,0,0,1,0,0,1,0,0,0,1,2,0,0,0
train_084,14,11,9,2,57,154,15,14,2,4,-0.42000000000000004,0.48,0.48,-3.0,10.0,0,0,0,0,0,0,0,0,1,0,0,1,0,0,0,1,2,0,0,0,0,1,0,0,0
train_084,15,12,9,2,61,166,13,15,3,3,-0.42000000000000004,0.48,0.48,10.48,10.0,0,0,0,1,0,0,1,0,0,0,1,2,0,0,0,0,1,0,0,0,1,0,0,0,0
train_085,0,14,0,4,9,24,6,0,0,0,0.48,0.48,-3.0,-3.0,-0.5,-1,-1,0,0,0,-1,-1,0,0,0,-1,-1,0,0,0,-1,-1,-1,-1,-1,-1,-1,-1,-1,-1
train_085,1,13,0,0,12,34,6,1,0,0,0.48,0.48,-0.42000000000000004,-3.0,-0.5,-1,-1,0,0,0,-1,-1,0,0,0,-1,-1,0,0,0,-1,-1,0,0,0,-1,-1,-1,-1,-1
train_085,2,12,0,0,14,38,7,2,0,0,0.48,0.48,-0.42000000000000004,-3.0,-0.5,-1,-1,0,1,0,-1,-1,0,0,0,-1,-1,0,0,0,-1,-1,0,0,0,-1,-1,0,0,0
train_085,3,11,0,0,17,46,6,3,1,0,0.48,0.48,-0.42000000000000004,-3.0,-0.5,-1,-1,0,0,0,-1,-1,0,1,0,-1,-1,0,0,0,-1,-1,0,0,0,-1,-1,0,0,0
train_085,4,11,1,1,21,60,7,4,1,1,-3.0,0.48,0.48,-0.42000000000000004,-0.5,-1,0,0,0,1,-1,0,1,0,0,-1,0,0,0,0,-1,0,0,0,0,-1,0,0,0,0
train_085,5,11,2,1,26,76,10,5,0,0,0.48,0.48,0.48,-0.42000000000000004,-0.5,0,0,0,1,0,0,1,0,0,0,0,0,0,0,0,0,0,0,0,0,0,0,0,0,0
train_085,6,10,2,0,29,82,10,6,1,0,0.48,0.48,-0.42000000000000004,-3.0,-0.5,1,0,1,0,0,0,0,0,1,0,0,1,0,0,0,0,0,0,0,0,0,0,0,0,0
train_085,7,10,3,1,34,100,10,7,1,1,-3.0,0.48,0.48,-0.42000000000000004,-0.5,0,1,0,0,0,0,0,1,0,0,1,0,0,0,0,0,0,0,0,0,0,0,0,0,0
train_085,8,10,4,1,38,114,10,8,1,0,0.48,0.48,0.48,-0.42000000000000004,-0.5,1,0,0,0,1,0,1,0,0,0,0,0,0,0,0,0,0,0,0,0,0,0,0,0,0
train_085,9,10,5,1,41,122,10,9,1,0,0.48,0.48,0.48,-0.42000000000000004,-0.5,0,0,0,1,1,1,0,0,0,0,0,0,0,0,0,0,0,0,0,1,0,0,0,0,0
train_085,10,10,6,1,45,130,14,10,1,0,0.48,0.48,0.48,-0.42000000000000004,-0.5,0,0,1,1,0,0,0,0,0,1,0,0,0,0,0,0,0,0,1,0,0,0,0,0,0
train_085,11,10,7,1,50,146,17,11,1,0,0.48,0.48,-3.0,-0.42000000000000004,-0.5,0,1,1,0,0,0,0,0,1,0,0,0,0,0,0,0,0,1,0,0,0,0,0,0,0
train_085,12,10,8,1,55,164,18,12,1,1,-3.0,0.48,0.48,-0.42000000000000004,-0.5,1,1,0,0,0,0,0,1,0,0,0,0,0,0,0,0,1,0,0,0,0,0,0,0,0
train_085,13,10,9,1,59,178,18,13,0,0,0.48,0.48,0.48,-0.42000000000000004,-0.5,1,0,0,0,1,0,1,0,0,0,0,0,0,0,0,1,0,0,0,0,0,0,0,0,0
train_085,14,9,9,0,63,190,19,14,0,4,0.48,0.48,-0.42000000000000004,-3.0,10.0,0,2,0,0,1,1,0,0,0,1,0,1,0,0,0,0,0,0,0,0,1,0,0,0,0
train_085,15,8,9,0,67,200,21,15,0,4,0.48,0.48,-0.42000000000000004,0.48,10.0,0,0,0,1,0,0,2,0,0,1,1,0,0,0,1,0,1,0,0,0,0,0,0,0,0
train_085,16,7,9,0,72,216,22,16,3,3,0.48,0.48,-0.42000000000000004,10.48,10.0,0,0,0,0,0,0,0,0,1,0,0,2,0,0,1,1,0,0,0,1,0,1,0,0,0
train_086,0,14,0,4,8,18,5,0,0,0,0.48,0.48,-3.0,-3.0,-0.5,-1,-1,0,1,0,-1,-1,0,0,0,-1,-1,0,0,0,-1,-1,-1,-1,-1,-1,-1,-1,-1,-1
train_086,1,13,0,0,11,26,6,1,0,0,0.48,0.48,-0.42000000000000004,-3.0,-0.5,-1,-1,0,0,0,-1,-1,0,1,0,-1,-1,0,0,0,-1,-1,0,0,0,-1,-1,-1,-1,-1
train_086,2,12,0,0,13,32,6,2,0,0,0.48,-3.0,-0.42000000000000004,-3.0,-0.5,-1,-1,1,0,0,-1,-1,0,0,0,-1,-1,0,1,0,-1,-1,0,0,0,-1,-1,0,0,0
train_086,3,11,0,0,15,34,8,3,1,1,-3.0,0.48,-0.42000000000000004,-3.0,-0.5,-1,-1,0,1,0,-1,-1,1,0,0,-1,-1,0,0,0,-1,-1,0,1,0,-1,-1,0,0,0
train_086,4,11,1,1,20,52,8,4,1,0,0.48,0.48,-3.0,-0.42000000000000004,-0.5,-1,0,1,0,0,-1,1,0,0,0,-1,0,0,0,0,-1,0,1,0,0,-1,0,0,0,0
train_086,5,11,2,1,23,62,8,5,1,0,0.48,0.48,0.48,-0.42000000000000004,-0.5,0,1,0,0,1,1,0,0,0,1,0,0,0,0,0,0,1,0,0,0,0,0,0,0,0
train_086,6,11,3,1,27,70,11,6,1,0,0.48,0.48,0.48,-0.42000000000000004,-0.5,1,0,0,1,0,0,0,0,1,0,0,0,0,0,0,1,0,0,0,1,0,0,0,0,0
train_086,7,11,4,1,31,82,13,7,1,1,-3.0,0.48,0.48,-0.42000000000000004,-0.5,0,0,1,0,1,0,0,1,0,0,0,0,0,0,0,0,0,0,1,0,0,0,0,0,0
train_086,8,11,5,1,35,96,14,8,1,0,0.48,0.48,-3.0,-0.42000000000000004,-0.5,0,1,0,1,1,0,1,0,0,0,0,0,0,0,0,0,0,1,0,0,0,0,0,0,0
train_086,9,11,6,1,40,112,15,9,1,0,0.48,0.48,0.48,-0.42000000000000004,-0.5,1,0,1,1,0,1,0,0,0,0,0,0,0,0,0,0,1,0,0,0,0,0,0,0,0
train_086,10,11,7,1,44,124,16,10,1,0,0.48,0.48,0.48,-0.42000000000000004,-0.5,0,1,1,0,0,0,0,0,0,0,0,0,0,0,0,1,0,0,0,1,0,0,0,0,0
train_086,11,11,8,1,48,136,17,11,1,4,0.48,0.48,0.48,-0.42000000000000004,10.0,1,1,0,0,0,0,0,0,0,0,0,0,0,0,2,0,0,0,1,0,0,0,0,0,1
train_086,12,11,9,1,53,152,19,12,1,1,0.48,10.48,-3.0,-0.42000000000000004,10.0,1,0,0,0,0,0,0,0,0,0,0,0,0,2,0,0,0,1,0,0,0,0,0,1,0
train_087,0,14,0,4,7,12,5,0,0,0,0.48,-3.0,-3.0,-3.0,-0.5,-1,-1,0,0,0,-1,-1,0,1,0,-1,-1,0,1,0,-1,-1,-1,-1,-1,-1,-1,-1,-1,-1
train_087,1,13,0,0,10,22,6,1,0,0,0.48,-3.0,-0.42000000000000004,-3.0,-0.5,-1,-1,0,0,0,-1,-1,0,0,0,-1,-1,0,1,0,-1,-1,0,1,0,-1,-1,-1,-1,-1
train_087,2,12,0,0,13,32,4,2,0,0,0.48,0.48,-0.42000000000000004,-3.0,-0.5,-1,-1,0,0,0,-1,-1,0,0,0,-1,-1,0,0,0,-1,-1,0,1,0,-1,-1,0,1,0
train_087,3,11,0,0,14,34,4,3,1,0,0.48,0.48,-0.42000000000000004,-3.0,-0.5,-1,-1,0,1,1,-1,-1,0,0,0,-1,-1,0,0,0,-1,-1,0,0,0,-1,-1,0,1,0
train_087,4,11,1,1,17,40,6,4,1,0,0.48,0.48,0.48,-0.42000000000000004,-0.5,-1,0,1,1,0,-1,0,0,0,1,-1,0,0,0,0,-1,0,0,0,0,-1,0,1,0,1
train_087,5,11,2,1,22,54,8,5,1,4,0.48,0.48,0.48,-0.42000000000000004,10.0,0,1,1,0,2,0,0,0,1,0,0,0,0,0,0,0,0,0,0,0,0,1,0,1,0
train_087,6,11,3,1,26,66,8,6,1,4,-3.0,0.48,0.48,-0.42000000000000004,10.0,1,1,0,2,0,0,0,1,0,0,0,0,0,0,1,0,0,0,0,0,1,0,1,0,0
train_087,7,11,4,1,29,74,9,7,0,4,0.48,-3.0,0.48,-0.42000000000000004,10.0,1,0,2,0,1,0,1,0,0,0,0,0,0,1,0,0,0,0,0,0,0,1,0,0,1
train_087,8,10,4,0,33,82,11,8,0,0,10.48,0.48,-0.42000000000000004,-3.0,10.0,0,0,1,0,0,1,0,2,0,1,0,1,0,0,0,0,0,0,1,0,0,0,0,0,0
train_088,0,14,0,4,8,20,5,0,0,0,0.48,0.48,-3.0,-3.0,-0.5,-1,-1,0,0,0,-1,-1,0,0,0,-1,-1,0,0,1,-1,-1,-1,-1,-1,-1,-1,-1,-1,-1
train_088,1,13,0,0,11,30,3,1,0,0,0.48,0.48,-0.42000000000000004,-3.0,-0.5,-1,-1,0,0,0,-1,-1,0,0,0,-1,-1,0,0,0,-1,-1,0,0,1,-1,-1,-1,-1,-1
train_088,2,12,0,0,12,32,3,2,0,0,0.48,0.48,-0.42000000000000004,-3.0,-0.5,-1,-1,1,1,0,-1,-1,0,0,0,-1,-1,0,0,0,-1,-1,0,0,0,-1,-1,0,0,1
train_088,3,11,0,0,15,38,6,3,1,1,-3.0,0.48,-0.42000000000000004,-3.0,-0.5,-1,-1,0,0,0,-1,-1,1,1,0,-1,-1,0,0,0,-1,-1,0,0,0,-1,-1,0,0,0
train_088,4,11,1,1,18,46,6,4,1,1,-3.0,0.48,0.48,-0.42000000000000004,-0.5,-1,0,0,0,0,-1,1,1,0,1,-1,0,0,0,1,-1,0,0,0,0,-1,0,0,0,0
train_088,5,11,2,1,21,52,7,5,0,0,0.48,-3.0,0.48,-0.42000000000000004,-0.5,0,0,0,0,0,1,1,0,1,0,0,0,0,1,1,0,0,0,0,0,0,0,0,0,1
train_088,6,10,2,0,26,70,7,6,0,0,0.48,-3.0,-0.42000000000000004,-3.0,-0.5,0,0,0,0,0,0,0,0,0,0,1,1,0,1,0,0,0,0,1,1,0,0,0,0,0
train_088,7,9,2,0,30,82,7,7,0,0,0.48,0.48,-0.42000000000000004,0.48,-0.5,0,1,0,0,0,0,0,0,0,0,0,0,0,0,0,1,1,0,1,0,0,0,0,1,1
train_088,8,8,2,0,34,92,7,8,0,0,0.48,0.48,-0.42000000000000004,0.48,-0.5,0,0,1,0,0,0,1,0,0,0,0,0,0,0,0,0,0,0,0,0,1,1,0,1,0
train_088,9,7,2,0,36,96,7,9,1,1,-3.0,0.48,-0.42000000000000004,-3.0,-0.5,0,1,1,0,1,0,0,1,0,0,0,1,0,0,0,0,0,0,0,0,0,0,0,0,0
train_088,10,7,3,1,41,112,9,10,0,0,0.48,0.48,0.48,-0.42000000000000004,-0.5,1,1,0,1,0,0,1,0,0,0,1,0,0,0,0,0,0,0,0,0,0,0,0,0,0
train_088,11,6,3,0,46,124,12,11,0,0,0.48,0.48,-0.42000000000000004,-3.0,-0.5,0,0,0,0,0,1,1,0,1,0,0,1,0,0,0,1,0,0,0,0,0,0,0,0,0
train_088,12,5,3,0,50,136,13,12,0,0,0.48,-3.0,-0.42000000000000004,-3.0,-0.5,0,0,1,0,0,0,0,0,0,0,1,1,0,1,0,0,1,0,0,0,1,0,0,0,0
train_088,13,4,3,0,54,148,14,13,1,1,-3.0,0.48,-0.42000000000000004,0.48,-0.5,1,0,0,0,0,0,0,1,0,0,0,0,0,0,0,1,1,0,1,0,0,1,0,0,0
train_088,14,4,4,1,58,160,14,14,0,0,0.48,0.48,-3.0,-0.42000000000000004,-0.5,0,0,0,0,0,0,1,0,0,0,0,0,0,0,1,1,0,1,0,0,1,0,0,0,0
train_088,15,3,4,0,62,172,14,15,0,0,0.48,0.48,-0.42000000000000004,-3.0,-0.5,0,0,1,0,0,0,0,0,0,0,0,1,0,0,0,0,0,0,0,1,1,0,1,0,0
train_088,16,2,4,0,65,180,13,16,1,1,-3.0,0.48,-0.42000000000000004,0.48,-0.5,0,0,0,1,1,0,0,1,0,0,0,0,0,0,0,0,1,0,0,0,0,0,0,0,1
train_088,17,2,5,1,68,186,14,17,1,0,0.48,0.48,0.48,-0.42000000000000004,-0.5,0,0,1,1,1,0,1,0,0,0,0,0,0,0,0,1,0,0,0,1,0,0,0,1,0
train_088,18,2,6,1,72,194,16,18,1,0,0.48,0.48,0.48,-0.42000000000000004,-0.5,0,1,1,1,0,1,0,0,0,1,0,0,0,0,0,0,0,0,1,0,0,0,1,0,0
train_088,19,2,7,1,76,206,17,19,1,0,0.48,0.48,-3.0,-0.42000000000000004,-0.5,1,1,1,0,1,0,0,0,1,0,0,0,0,0,0,0,0,1,0,0,0,1,0,0,0
train_088,20,2,8,1,80,220,17,20,1,1,-3.0,0.48,0.48,-0.42000000000000004,-0.5,1,1,0,1,1,0,0,1,0,0,0,0,0,0,0,0,1,0,0,0,1,0,0,0,0
train_088,21,2,9,1,83,230,17,21,0,0,0.48,0.48,0.48,-0.42000000000000004,-0.5,1,0,1,1,1,0,1,0,0,0,0,0,0,0,0,1,0,0,0,0,0,0,0,0,1
train_088,22,1,9,0,83,230,17,22,1,1,-3.0,0.48,-0.42000000000000004,-3.0,-0.5,-1,-1,-1,-1,-1,1,0,1,1,1,0,1,0,0,0,0,0,0,0,0,1,0,0,0,0
train_088,23,1,10,1,87,242,18,23,1,1,-3.0,0.48,0.48,-0.42000000000000004,-0.5,-1,-1,-1,-1,-1,0,1,1,1,0,1,0,0,0,0,0,0,0,0,0,0,0,0,0,0
train_088,24,1,11,1,90,252,18,24,1,1,-3.0,0.48,0.48,-0.42000000000000004,-0.5,-1,-1,-1,-1,-1,1,1,1,0,1,0,0,0,0,0,0,0,0,0,0,0,0,0,0,0
train_088,25,1,12,1,93,260,16,25,1,4,0.48,0.48,0.48,-0.42000000000000004,10.0,-1,-1,-1,-1,-1,1,1,0,1,2,0,0,0,0,0,0,0,0,0,0,0,0,0,0,1
train_088,26,1,13,1,93,260,16,26,1,4,-3.0,0.48,0.48,-0.42000000000000004,10.0,-1,-1,-1,-1,-1,1,0,1,2,-1,0,0,0,0,-1,0,0,0,0,-1,0,0,0,1,-1
train_088,27,1,14,1,93,260,16,27,0,0,10.48,-3.0,0.48,-0.42000000000000004,10.0,-1,-1,-1,-1,-1,0,1,2,-1,-1,0,0,0,-1,-1,0,0,0,-1,-1,0,0,1,-1,-1
train_089,0,14,0,4,8,18,5,0,0,0,0.48,0.48,-3.0,-3.0,-0.5,-1,-1,0,1,0,-1,-1,0,0,0,-1,-1,0,0,0,-1,-1,-1,-1,-1,-1,-1,-1,-1,-1
train_089,1,13,0,0,11,26,6,1,0,0,0.48,0.48,-0.42000000000000004,-3.0,-0.5,-1,-1,0,0,0,-1,-1,0,1,0,-1,-1,0,0,0,-1,-1,0,0,0,-1,-1,-1,-1,-1
train_089,2,12,0,0,14,36,5,2,0,0,0.48,-3.0,-0.42000000000000004,-3.0,-0.5,-1,-1,0,0,0,-1,-1,0,0,0,-1,-1,0,1,0,-1,-1,0,0,0,-1,-1,0,0,0
train_089,3,11,0,0,15,38,5,3,0,0,0.48,0.48,-0.42000000000000004,-3.0,-0.5,-1,-1,0,1,1,-1,-1,0,0,0,-1,-1,0,0,0,-1,-1,0,1,0,-1,-1,0,0,0
train_089,4,10,0,0,17,40,6,4,1,0,0.48,0.48,-0.42000000000000004,-3.0,-0.5,-1,-1,0,1,0,-1,-1,0,1,1,-1,-1,0,0,0,-1,-1,0,0,0,-1,-1,0,1,0
train_089,5,10,1,1,20,46,7,5,1,1,-3.0,0.48,0.48,-0.42000000000000004,-0.5,-1,0,1,0,1,-1,0,1,1,0,-1,0,0,0,0,-1,0,0,0,1,-1,0,1,0,0
train_089,6,10,2,1,24,56,10,6,1,1,-3.0,0.48,0.48,-0.42000000000000004,-0.5,0,1,0,1,0,0,1,1,0,0,0,0,0,0,0,0,0,0,1,0,0,1,0,0,1
train_089,7,10,3,1,29,72,10,7,0,0,0.48,0.48,-3.0,-0.42000000000000004,-0.5,1,0,1,0,0,1,1,0,0,0,0,0,0,0,0,0,0,1,0,0,1,0,0,1,0
train_089,8,9,3,0,33,82,13,8,1,1,-3.0,0.48,-0.42000000000000004,-3.0,-0.5,0,0,1,0,0,1,0,1,0,0,1,1,0,0,0,0,0,0,0,0,0,0,1,0,0
train_089,9,9,4,1,37,94,13,9,0,0,0.48,0.48,0.48,-0.42000000000000004,-0.5,0,1,0,0,0,0,1,0,0,1,1,0,0,0,0,0,0,0,0,0,0,1,0,0,0
train_089,10,8,4,0,42,110,14,10,0,0,0.48,0.48,-0.42000000000000004,-3.0,-0.5,0,0,0,0,0,0,1,0,0,0,0,1,0,0,1,1,0,0,0,0,0,0,0,0,0
train_089,11,7,4,0,45,118,14,11,1,0,0.48,0.48,-0.42000000000000004,-3.0,-0.5,0,1,0,0,1,0,0,0,0,0,0,1,0,0,0,0,1,0,0,1,1,0,0,0,0
train_089,12,7,5,1,50,132,16,12,1,0,0.48,0.48,0.48,-0.42000000000000004,-0.5,1,0,0,1,0,0,0,0,0,0,1,0,0,0,0,1,0,0,1,0,0,0,0,0,0
train_089,13,7,6,1,54,144,17,13,1,0,0.48,0.48,-3.0,-0.42000000000000004,-0.5,0,0,1,0,0,0,0,0,0,1,0,0,0,0,0,0,0,1,0,0,0,0,0,0,0
train_089,14,7,7,1,58,156,16,14,1,0,0.48,0.48,0.48,-0.42000000000000004,-0.5,0,1,0,0,0,0,0,0,1,1,0,0,0,0,0,0,1,0,0,0,0,0,0,0,0
train_089,15,7,8,1,60,160,17,15,1,1,-3.0,0.48,0.48,-0.42000000000000004,-0.5,1,0,0,0,1,0,0,1,1,1,0,0,0,0,0,1,0,0,0,1,0,0,0,0,0
train_089,16,7,9,1,63,168,19,16,1,1,-3.0,0.48,0.48,-0.42000000000000004,-0.5,0,0,0,1,1,0,1,1,1,1,0,0,0,0,0,0,0,0,1,0,0,0,0,0,0
train_089,17,7,10,1,67,180,20,17,1,1,-3.0,0.48,-3.0,-0.42000000000000004,-0.5,0,0,1,1,1,1,1,1,1,0,0,0,0,0,0,0,0,1,0,0,0,0,0,0,0
train_089,18,7,11,1,71,190,20,18,1,4,-3.0,0.48,0.48,-0.42000000000000004,10.0,0,1,1,1,2,1,1,1,0,0,0,0,0,0,0,0,1,0,0,1,0,0,0,0,0
train_089,19,7,12,1,74,198,18,19,0,4,0.48,0.48,0.48,-0.42000000000000004,10.0,1,1,1,2,1,1,1,0,0,0,0,0,0,0,0,1,0,0,1,0,0,0,0,0,1
train_089,20,6,12,0,78,202,23,20,1,4,-3.0,0.48,-0.42000000000000004,-3.0,10.0,0,0,0,1,0,1,1,1,2,1,1,1,0,0,0,0,0,0,0,0,1,0,0,1,0
train_089,21,6,13,1,78,202,23,21,0,0,10.48,0.48,0.48,-0.42000000000000004,10.0,0,0,1,0,-1,1,1,2,1,-1,1,0,0,0,-1,0,0,0,0,-1,0,0,1,0,-1
train_090,0,14,0,4,9,24,4,0,0,0,0.48,0.48,-3.0,-3.0,-0.5,-1,-1,0,0,0,-1,-1,0,0,0,-1,-1,0,0,0,-1,-1,-1,-1,-1,-1,-1,-1,-1,-1
train_090,1,13,0,0,11,30,4,1,0,0,0.48,0.48,-0.42000000000000004,-3.0,-0.5,-1,-1,1,0,0,-1,-1,0,0,0,-1,-1,0,0,0,-1,-1,0,0,0,-1,-1,-1,-1,-1
train_090,2,12,0,0,12,32,4,2,1,1,-3.0,0.48,-0.42000000000000004,-3.0,-0.5,-1,-1,1,0,1,-1,-1,1,0,0,-1,-1,0,0,0,-1,-1,0,0,0,-1,-1,0,0,0
train_090,3,12,1,1,16,42,5,3,0,0,0.48,0.48,0.48,-0.42000000000000004,-0.5,-1,1,0,1,0,-1,1,0,0,0,-1,0,0,0,1,-1,0,0,0,0,-1,0,0,0,0
train_090,4,11,1,0,20,52,7,4,1,0,0.48,0.48,-0.42000000000000004,-3.0,-0.5,-1,0,0,0,0,-1,1,0,1,0,-1,1,0,0,0,-1,0,0,0,1,-1,0,0,0,0
train_090,5,11,2,1,25,68,7,5,1,1,-3.0,0.48,0.48,-0.42000000000000004,-0.5,0,0,0,0,0,1,0,1,0,0,1,0,0,0,0,0,0,0,1,0,0,0,0,0,0
train_090,6,11,3,1,29,80,8,6,1,0,0.48,0.48,-3.0,-0.42000000000000004,-0.5,0,0,0,0,0,0,1,0,0,0,0,0,0,0,0,0,0,1,0,1,0,0,0,0,0
train_090,7,11,4,1,33,92,10,7,1,0,0.48,0.48,0.48,-0.42000000000000004,-0.5,0,0,0,0,0,1,0,0,0,0,0,0,0,0,0,0,1,0,1,0,0,0,0,0,1
train_090,8,11,5,1,37,106,8,8,1,4,0.48,0.48,-3.0,-0.42000000000000004,10.0,0,0,0,0,0,0,0,0,0,0,0,0,0,0,0,1,0,1,0,2,0,0,0,1,1
train_090,9,11,6,1,39,110,9,9,1,4,0.48,0.48,0.48,-0.42000000000000004,10.0,0,0,0,0,1,0,0,0,0,1,0,0,0,0,1,0,1,0,2,0,0,0,1,1,0
train_090,10,11,7,1,43,118,12,10,2,2,0.48,-3.0,10.48,-0.42000000000000004,10.0,0,0,0,1,0,0,0,0,1,0,0,0,0,1,0,1,0,2,0,0,0,1,1,0,1
train_091,0,14,0,4,8,18,5,0,0,4,0.48,-3.0,-3.0,-3.0,10.0,-1,-1,0,2,0,-1,-1,0,0,0,-1,-1,0,1,0,-1,-1,-1,-1,-1,-1,-1,-1,-1,-1
train_091,1,13,0,0,10,22,5,1,0,4,0.48,0.48,-0.42000000000000004,-3.0,10.0,-1,-1,0,1,0,-1,-1,0,2,0,-1,-1,0,0,0,-1,-1,0,1,0,-1,-1,-1,-1,-1
train_091,2,12,0,0,13,30,7,2,1,1,0.48,10.48,-0.42000000000000004,-3.0,10.0,-1,-1,0,0,0,-1,-1,0,1,0,-1,-1,0,2,0,-1,-1,0,0,0,-1,-1,0,1,0
train_092,0,14,0,4,8,20,1,0,0,0,0.48,0.48,-3.0,-3.0,-0.5,-1,-1,0,0,1,-1,-1,0,0,0,-1,-1,0,0,0,-1,-1,-1,-1,-1,-1,-1,-1,-1,-1
train_092,1,13,0,0,8,20,1,1,1,0,0.48,0.48,-0.42000000000000004,-3.0,-0.5,-1,-1,1,1,1,-1,-1,0,0,1,-1,-1,0,0,0,-1,-1,0,0,0,-1,-1,-1,-1,-1
train_092,2,13,1,1,11,26,4,2,1,0,0.48,0.48,0.48,-0.42000000000000004,-0.5,-1,1,1,1,0,-1,0,0,1,0,-1,0,0,0,0,-1,0,0,0,1,-1,-1,-1,-1,-1
train_092,3,13,2,1,15,38,5,3,1,1,-3.0,0.48,0.48,-0.42000000000000004,-0.5,1,1,1,0,0,0,0,1,0,0,0,0,0,0,0,0,0,0,1,0,-1,-1,-1,-1,-1
train_092,4,13,3,1,18,48,5,4,0,0,0.48,0.48,-3.0,-0.42000000000000004,-0.5,1,1,0,0,1,0,1,0,0,0,0,0,0,0,0,0,0,1,0,0,-1,-1,-1,-1,-1
train_092,5,12,3,0,23,60,10,5,0,0,0.48,0.48,-0.42000000000000004,-3.0,-0.5,0,0,0,0,0,1,1,0,0,1,0,1,0,0,0,0,0,0,0,0,0,0,1,0,0
train_092,6,11,3,0,28,78,9,6,0,0,0.48,0.48,-0.42000000000000004,-3.0,-0.5,0,0,0,0,0,0,0,0,0,0,1,1,0,0,1,0,1,0,0,0,0,0,0,0,0
train_092,7,10,3,0,31,86,9,7,0,0,0.48,0.48,-0.42000000000000004,0.48,-0.5,0,1,1,0,0,0,0,0,0,0,0,0,0,0,0,1,1,0,0,1,0,1,0,0,0
train_092,8,9,3,0,34,92,12,8,3,1,-3.0,0.48,-0.42000000000000004,0.48,-0.5,0,0,0,1,1,0,1,1,0,0,0,0,0,0,0,0,0,0,0,0,1,1,0,0,1
train_092,9,9,2,3,38,106,9,9,3,2,-3.0,-0.42000000000000004,0.48,0.48,-0.5,0,0,0,0,1,0,0,1,1,0,0,0,0,0,0,0,0,0,0,0,1,1,1,0,0
train_092,10,9,1,3,38,106,9,10,0,0,0.48,-0.42000000000000004,0.48,0.48,-0.5,-1,0,0,0,0,-1,0,0,1,1,-1,0,0,0,0,-1,0,0,0,0,-1,1,1,1,0
train_092,11,8,1,0,42,120,9,11,0,4,0.48,-3.0,-0.42000000000000004,0.48,10.0,-1,0,0,2,0,-1,0,0,0,0,-1,0,0,1,1,-1,0,0,0,0,-1,0,0,0,0
train_092,12,7,1,0,45,130,10,12,0,4,0.48,0.48,-0.42000000000000004,0.48,10.0,-1,1,0,0,0,-1,0,0,2,0,-1,0,0,0,0,-1,0,0,1,1,-1,0,0,0,0
train_092,13,6,1,0,49,142,12,13,1,1,0.48,10.48,-0.42000000000000004,0.48,10.0,-1,0,0,0,0,-1,1,0,0,0,-1,0,0,2,0,-1,0,0,0,0,-1,0,0,1,1
train_093,0,14,0,4,8,20,1,0,0,0,0.48,0.48,-3.0,-3.0,-0.5,-1,-1,0,0,1,-1,-1,0,0,0,-1,-1,0,0,0,-1,-1,-1,-1,-1,-1,-1,-1,-1,-1
train_093,1,13,0,0,9,20,3,1,1,0,0.48,0.48,-0.42000000000000004,-3.0,-0.5,-1,-1,1,1,0,-1,-1,0,0,1,-1,-1,0,0,0,-1,-1,0,0,0,-1,-1,-1,-1,-1
train_093,2,13,1,1,12,28,4,2,1,0,0.48,0.48,0.48,-0.42000000000000004,-0.5,-1,1,1,0,0,-1,0,0,1,0,-1,0,0,0,0,-1,0,0,0,1,-1,-1,-1,-1,-1
train_093,3,13,2,1,15,34,3,3,1,1,-3.0,0.48,0.48,-0.42000000000000004,-0.5,1,1,0,0,0,0,0,1,0,0,0,0,0,0,1,0,0,0,1,0,-1,-1,-1,-1,-1
train_093,4,13,3,1,16,34,4,4,0,0,0.48,-3.0,-3.0,-0.42000000000000004,-0.5,1,0,0,0,1,0,1,0,0,1,0,0,0,1,0,0,0,1,0,1,-1,-1,-1,-1,-1
train_093,5,12,3,0,21,48,6,5,0,0,0.48,0.48,-0.42000000000000004,-3.0,-0.5,0,0,0,0,0,1,0,0,0,1,0,1,0,0,1,0,0,0,1,0,0,0,1,0,1
train_093,6,11,3,0,24,56,7,6,0,0,0.48,0.48,-0.42000000000000004,0.48,-0.5,0,0,1,0,1,0,0,0,0,0,1,0,0,0,1,0,1,0,0,1,0,0,0,1,0
train_093,7,10,3,0,29,70,10,7,1,1,-3.0,0.48,-0.42000000000000004,0.48,-0.5,0,0,0,0,0,0,0,1,0,1,0,0,0,0,0,1,0,0,0,1,0,1,0,0,1
train_093,8,10,4,1,34,82,14,8,1,0,0.48,0.48,0.48,-0.42000000000000004,-0.5,0,0,0,0,0,0,1,0,1,0,0,0,0,0,0,0,0,0,1,0,1,0,0,1,0
train_093,9,10,5,1,38,96,15,9,1,1,-3.0,0.48,-3.0,-0.42000000000000004,-0.5,0,0,0,0,0,1,0,1,0,0,0,0,0,0,0,0,0,1,0,0,0,0,1,0,1
train_093,10,10,6,1,43,112,16,10,1,0,0.48,0.48,0.48,-0.42000000000000004,-0.5,0,0,0,0,0,0,1,0,0,0,0,0,0,0,0,0,1,0,0,0,0,1,0,1,0
train_093,11,10,7,1,47,126,15,11,1,0,0.48,0.48,0.48,-0.42000000000000004,-0.5,0,0,0,0,0,1,0,0,0,0,0,0,0,0,0,1,0,0,0,0,1,0,1,0,1
train_093,12,10,8,1,51,136,14,12,1,0,0.48,0.48,0.48,-0.42000000000000004,-0.5,0,0,0,0,0,0,0,0,0,1,0,0,0,0,0,0,0,0,0,0,0,1,0,1,0
train_093,13,10,9,1,53,138,15,13,1,0,0.48,0.48,0.48,-0.42000000000000004,-0.5,0,0,0,0,1,0,0,0,1,0,0,0,0,0,1,0,0,0,0,1,1,0,1,0,0
train_093,14,10,10,1,55,140,17,14,2,2,-3.0,-3.0,0.48,-0.42000000000000004,-0.5,0,0,0,1,1,0,0,1,0,1,0,0,0,1,0,0,0,0,1,1,0,1,0,0,0
train_093,15,11,10,2,59,150,20,15,2,2,-0.42000000000000004,-3.0,0.48,0.48,-0.5,0,0,1,0,1,0,0,0,1,0,0,0,0,1,1,0,1,0,0,0,0,0,1,0,0
train_093,16,12,10,2,64,166,16,16,1,4,-0.42000000000000004,0.48,-3.0,-3.0,10.0,0,0,0,1,0,0,0,0,1,1,0,1,0,0,0,0,0,1,0,0,0,0,0,2,0
train_093,17,12,11,1,68,178,18,17,2,4,-3.0,0.48,0.48,-0.42000000000000004,10.0,0,0,1,0,0,0,0,1,1,0,1,0,0,0,0,0,1,0,0,0,0,0,2,0,1
train_093,18,13,11,2,68,178,18,18,2,2,-0.42000000000000004,0.48,10.48,-3.0,10.0,0,0,1,1,0,1,0,0,0,0,0,1,0,0,0,0,0,2,0,1,-1,-1,-1,-1,-1
train_094,0,14,0,4,7,12,2,0,1,0,0.48,0.48,-3.0,-3.0,-0.5,-1,-1,0,0,1,-1,-1,0,1,0,-1,-1,0,0,0,-1,-1,-1,-1,-1,-1,-1,-1,-1,-1
train_094,1,14,1,1,8,14,2,1,1,1,-3.0,0.48,-3.0,-0.42000000000000004,-0.5,-1,0,0,1,1,-1,0,1,0,0,-1,0,0,0,1,-1,-1,-1,-1,-1,-1,-1,-1,-1,-1
train_094,2,14,2,1,11,20,4,2,0,0,0.48,-3.0,-3.0,-0.42000000000000004,-0.5,0,0,1,1,0,0,1,0,0,0,0,0,0,1,0,-1,-1,-1,-1,-1,-1,-1,-1,-1,-1
train_094,3,13,2,0,14,24,6,3,1,1,-3.0,0.48,-0.42000000000000004,-3.0,-0.5,0,1,0,0,1,0,0,1,1,0,0,1,0,0,0,0,0,0,1,0,-1,-1,-1,-1,-1
train_094,4,13,3,1,17,34,6,4,1,4,-3.0,0.48,-3.0,-0.42000000000000004,10.0,1,0,0,1,1,0,1,1,0,0,1,0,0,0,0,0,0,1,0,2,-1,-1,-1,-1,-1
train_094,5,13,4,1,21,46,7,5,1,4,0.48,0.48,0.48,-0.42000000000000004,10.0,0,0,1,1,0,1,1,0,0,0,0,0,0,0,0,0,1,0,2,0,-1,-1,-1,-1,-1
train_094,6,13,5,1,24,56,7,6,2,2,0.48,0.48,10.48,-0.42000000000000004,10.0,0,1,1,0,0,1,0,0,0,0,0,0,0,0,0,1,0,2,0,1,-1,-1,-1,-1,-1
train_095,0,14,0,4,6,10,1,0,1,1,-3.0,0.48,-3.0,-3.0,-0.5,-1,-1,0,0,1,-1,-1,1,0,1,-1,-1,0,0,0,-1,-1,-1,-1,-1,-1,-1,-1,-1,-1
train_095,1,14,1,1,8,12,4,1,0,0,0.48,0.48,-3.0,-0.42000000000000004,-0.5,-1,0,0,1,0,-1,1,0,1,0,-1,0,0,0,1,-1,-1,-1,-1,-1,-1,-1,-1,-1,-1
train_095,2,13,1,0,11,18,5,2,0,0,0.48,-3.0,-0.42000000000000004,-3.0,-0.5,-1,0,1,0,0,-1,0,0,1,0,-1,1,0,1,0,-1,0,0,0,1,-1,-1,-1,-1,-1
train_095,3,12,1,0,15,30,5,3,3,4,-3.0,-3.0,-0.42000000000000004,0.48,10.0,-1,0,0,2,0,-1,0,1,0,0,-1,0,0,1,0,-1,1,0,1,0,-1,0,0,0,1
train_095,4,12,0,3,15,30,5,4,0,4,0.48,-0.42000000000000004,-3.0,-3.0,10.0,-1,-1,0,0,2,-1,-1,0,1,0,-1,-1,0,0,1,-1,-1,1,0,1,-1,-1,0,0,0
train_095,5,11,0,0,17,36,5,5,0,4,0.48,-3.0,-0.42000000000000004,-3.0,10.0,-1,-1,1,0,0,-1,-1,0,0,2,-1,-1,0,1,0,-1,-1,0,0,1,-1,-1,1,0,1
train_095,6,10,0,0,19,38,6,6,1,4,-3.0,0.48,-0.42000000000000004,-3.0,10.0,-1,-1,0,1,0,-1,-1,1,0,0,-1,-1,0,0,2,-1,-1,0,1,0,-1,-1,0,0,1
train_095,7,10,1,1,21,46,6,7,1,1,0.48,10.48,-3.0,-0.42000000000000004,10.0,-1,0,1,0,0,-1,1,0,0,0,-1,0,0,2,0,-1,0,1,0,0,-1,0,0,1,0
train_096,0,14,0,4,8,20,4,0,0,0,0.48,0.48,-3.0,-3.0,-0.5,-1,-1,0,0,0,-1,-1,0,0,0,-1,-1,0,0,1,-1,-1,-1,-1,-1,-1,-1,-1,-1,-1
train_096,1,13,0,0,10,26,4,1,0,0,0.48,0.48,-0.42000000000000004,-3.0,-0.5,-1,-1,0,0,1,-1,-1,0,0,0,-1,-1,0,0,0,-1,-1,0,0,1,-1,-1,-1,-1,-1
train_096,2,12,0,0,12,32,4,2,0,0,0.48,0.48,-0.42000000000000004,-3.0,-0.5,-1,-1,0,0,1,-1,-1,0,0,1,-1,-1,0,0,0,-1,-1,0,0,0,-1,-1,0,0,1
train_096,3,11,0,0,15,40,6,3,0,0,0.48,0.48,-0.42000000000000004,-3.0,-0.5,-1,-1,0,0,0,-1,-1,0,0,1,-1,-1,0,0,1,-1,-1,0,0,0,-1,-1,0,0,0
train_096,4,10,0,0,18,50,7,4,0,4,0.48,0.48,-0.42000000000000004,-3.0,10.0,-1,-1,0,0,2,-1,-1,0,0,0,-1,-1,0,0,1,-1,-1,0,0,1,-1,-1,0,0,0
train_096,5,9,0,0,21,60,8,5,0,4,0.48,0.48,-0.42000000000000004,-3.0,10.0,-1,-1,0,0,0,-1,-1,0,0,2,-1,-1,0,0,0,-1,-1,0,0,1,-1,-1,0,0,1
train_096,6,8,0,0,24,70,8,6,1,4,0.48,0.48,-0.42000000000000004,-3.0,10.0,-1,-1,0,0,0,-1,-1,0,0,0,-1,-1,0,0,2,-1,-1,0,0,0,-1,-1,0,0,1
train_096,7,8,1,1,28,82,9,7,1,1,0.48,10.48,0.48,-0.42000000000000004,10.0,-1,0,0,0,1,-1,0,0,0,0,-1,0,0,2,0,-1,0,0,0,0,-1,0,0,1,0
train_097,0,14,0,4,8,20,3,0,0,0,0.48,0.48,-3.0,-3.0,-0.5,-1,-1,0,0,0,-1,-1,0,0,0,-1,-1,0,0,1,-1,-1,-1,-1,-1,-1,-1,-1,-1,-1
train_097,1,13,0,0,10,26,3,1,0,0,0.48,0.48,-0.42000000000000004,-3.0,-0.5,-1,-1,1,0,0,-1,-1,0,0,0,-1,-1,0,0,0,-1,-1,0,0,1,-1,-1,-1,-1,-1
train_097,2,12,0,0,12,28,5,2,1,1,-3.0,0.48,-0.42000000000000004,-3.0,-0.5,-1,-1,0,1,0,-1,-1,1,0,0,-1,-1,0,0,0,-1,-1,0,0,0,-1,-1,0,0,1
train_097,3,12,1,1,16,38,7,3,0,0,0.48,0.48,0.48,-0.42000000000000004,-0.5,-1,0,1,0,0,-1,1,0,0,0,-1,0,0,0,0,-1,0,0,0,1,-1,0,0,1,0
train_097,4,11,1,0,20,50,9,4,1,1,-3.0,0.48,-0.42000000000000004,-3.0,-0.5,-1,0,0,0,0,-1,0,1,0,0,-1,1,0,0,0,-1,0,0,0,0,-1,0,0,0,1
train_097,5,11,2,1,24,64,9,5,0,0,0.48,0.48,0.48,-0.42000000000000004,-0.5,0,0,0,0,0,0,1,0,0,0,1,0,0,0,0,0,0,0,0,0,0,0,0,1,1
train_097,6,10,2,0,29,82,5,6,0,0,0.48,0.48,-0.42000000000000004,-3.0,-0.5,0,0,0,0,0,0,0,0,0,0,0,1,0,0,0,1,0,0,0,0,0,0,0,0,0
train_097,7,9,2,0,30,84,6,7,0,0,0.48,0.48,-0.42000000000000004,0.48,-0.5,1,1,1,1,0,0,0,0,0,0,0,0,0,0,0,0,1,0,0,0,1,0,0,0,0
train_097,8,8,2,0,35,94,10,8,1,1,-3.0,0.48,-0.42000000000000004,0.48,-0.5,0,0,0,0,0,1,1,1,1,0,0,0,0,0,0,0,0,0,0,0,0,1,0,0,0
train_097,9,8,3,1,37,98,10,9,1,1,-3.0,0.48,0.48,-0.42000000000000004,-0.5,0,0,0,0,1,1,1,1,0,0,0,0,0,0,1,0,0,0,0,0,1,0,0,0,1
train_097,10,8,4,1,41,108,13,10,0,0,0.48,-3.0,0.48,-0.42000000000000004,-0.5,0,0,0,1,1,1,1,0,0,0,0,0,0,1,0,0,0,0,0,0,0,0,0,1,0
train_097,11,7,4,0,45,120,15,11,0,0,0.48,0.48,-0.42000000000000004,-3.0,-0.5,0,0,0,0,1,0,0,0,1,1,1,1,0,0,0,0,0,0,1,0,0,0,0,0,0
train_097,12,6,4,0,50,136,15,12,0,0,0.48,-3.0,-0.42000000000000004,0.48,-0.5,0,0,0,0,0,0,0,0,0,1,0,0,0,1,1,1,1,0,0,0,0,0,0,1,0
train_097,13,5,4,0,53,144,16,13,0,0,0.48,0.48,-0.42000000000000004,0.48,-0.5,0,0,1,1,0,0,0,0,0,0,0,0,0,0,1,0,0,0,1,1,1,1,0,0,0
train_097,14,4,4,0,57,154,18,14,1,1,-3.0,0.48,-0.42000000000000004,0.48,-0.5,1,0,0,0,0,0,0,1,1,0,0,0,0,0,0,0,0,0,0,1,0,0,0,1,1
train_097,15,4,5,1,60,160,19,15,1,1,-3.0,0.48,0.48,-0.42000000000000004,-0.5,0,0,0,0,0,0,1,1,0,0,0,0,0,0,1,0,0,0,1,1,0,0,1,1,0
train_097,16,4,6,1,62,164,20,16,0,0,0.48,-3.0,-3.0,-0.42000000000000004,-0.5,0,0,0,0,1,1,1,0,0,0,0,0,0,1,0,0,0,1,1,1,0,1,1,0,1
train_097,17,3,6,0,66,176,22,17,0,0,0.48,0.48,-0.42000000000000004,-3.0,-0.5,1,0,0,0,0,0,0,0,0,1,1,1,0,0,0,0,0,0,1,0,0,0,1,1,1
train_097,18,2,6,0,71,192,20,18,0,4,0.48,0.48,-0.42000000000000004,0.48,10.0,0,0,2,0,0,1,0,0,0,0,0,0,0,0,1,1,1,0,0,0,0,0,0,1,0
train_097,19,1,6,0,71,192,20,19,0,0,10.48,0.48,-0.42000000000000004,0.48,10.0,-1,-1,-1,-1,-1,0,0,2,0,0,1,0,0,0,0,0,0,0,0,1,1,1,0,0,0
train_098,0,14,0,4,8,20,4,0,0,0,0.48,0.48,-3.0,-3.0,-0.5,-1,-1,0,0,1,-1,-1,0,0,0,-1,-1,0,0,0,-1,-1,-1,-1,-1,-1,-1,-1,-1,-1
train_098,1,13,0,0,10,26,3,1,0,0,0.48,0.48,-0.42000000000000004,-3.0,-0.5,-1,-1,0,0,1,-1,-1,0,0,1,-1,-1,0,0,0,-1,-1,0,0,0,-1,-1,-1,-1,-1
train_098,2,12,0,0,12,28,5,2,0,0,0.48,0.48,-0.42000000000000004,-3.0,-0.5,-1,-1,0,1,0,-1,-1,0,0,1,-1,-1,0,0,1,-1,-1,0,0,0,-1,-1,0,0,0
train_098,3,11,0,0,15,36,6,3,0,0,0.48,0.48,-0.42000000000000004,-3.0,-0.5,-1,-1,0,0,0,-1,-1,0,1,0,-1,-1,0,0,1,-1,-1,0,0,1,-1,-1,0,0,0
train_098,4,10,0,0,17,42,5,4,0,0,0.48,-3.0,-0.42000000000000004,-3.0,-0.5,-1,-1,0,0,1,-1,-1,0,0,0,-1,-1,0,1,0,-1,-1,0,0,1,-1,-1,0,0,1
train_098,5,9,0,0,18,44,5,5,1,0,0.48,0.48,-0.42000000000000004,-3.0,-0.5,-1,-1,0,1,1,-1,-1,0,0,1,-1,-1,0,0,0,-1,-1,0,1,0,-1,-1,0,0,1
train_098,6,9,1,1,21,52,6,6,1,0,0.48,0.48,-3.0,-0.42000000000000004,-0.5,-1,0,1,1,1,-1,0,0,1,0,-1,0,0,0,0,-1,0,1,0,0,-1,0,0,1,1
train_098,7,9,2,1,25,64,8,7,1,1,-3.0,0.48,0.48,-0.42000000000000004,-0.5,0,1,1,1,0,0,0,1,0,0,0,0,0,0,0,0,1,0,0,0,0,0,1,1,1
train_098,8,9,3,1,30,80,9,8,0,0,0.48,0.48,0.48,-0.42000000000000004,-0.5,1,1,1,0,0,0,1,0,0,0,0,0,0,0,0,1,0,0,0,0,0,1,1,1,0
train_098,9,8,3,0,34,88,13,9,1,1,-3.0,0.48,-0.42000000000000004,-3.0,-0.5,0,0,1,0,0,1,1,1,0,0,0,1,0,0,0,0,0,0,0,0,1,0,0,0,0
train_098,10,8,4,1,38,100,14,10,0,0,0.48,0.48,0.48,-0.42000000000000004,-0.5,0,1,0,0,0,1,1,0,0,1,1,0,0,0,0,0,0,0,0,0,0,0,0,0,0
train_098,11,7,4,0,42,112,15,11,0,0,0.48,0.48,-0.42000000000000004,-3.0,-0.5,0,1,0,0,0,0,1,0,0,0,1,1,0,0,1,1,0,0,0,0,0,0,0,0,0
train_098,12,6,4,0,46,124,16,12,0,0,0.48,0.48,-0.42000000000000004,-3.0,-0.5,0,0,0,0,1,0,1,0,0,0,0,1,0,0,0,1,1,0,0,1,1,0,0,0,0
train_098,13,5,4,0,50,134,18,13,1,0,0.48,0.48,-0.42000000000000004,-3.0,-0.5,0,1,0,0,0,0,0,0,0,1,0,1,0,0,0,0,1,0,0,0,1,1,0,0,1
train_098,14,5,5,1,53,138,21,14,1,0,0.48,0.48,0.48,-0.42000000000000004,-0.5,1,0,0,0,0,0,0,0,1,1,1,0,0,0,0,1,0,0,0,1,1,0,0,1,0
train_098,15,5,6,1,57,148,24,15,1,1,-3.0,0.48,0.48,-0.42000000000000004,-0.5,0,0,0,0,0,0,0,1,1,1,0,0,0,0,0,0,0,0,1,0,0,0,1,0,0
train_098,16,5,7,1,62,164,26,16,1,4,-3.0,0.48,-3.0,-0.42000000000000004,10.0,0,0,0,0,0,0,1,1,1,0,0,0,0,0,2,0,0,1,0,0,0,1,0,0,0
train_098,17,5,8,1,66,176,26,17,1,1,-3.0,10.48,0.48,-0.42000000000000004,10.0,0,0,0,0,0,1,1,1,0,0,0,0,0,2,0,0,1,0,0,1,1,0,0,0,0
train_099,0,14,0,4,6,10,3,0,1,1,-3.0,0.48,-3.0,-3.0,-0.5,-1,-1,0,0,1,-1,-1,1,0,1,-1,-1,0,0,0,-1,-1,-1,-1,-1,-1,-1,-1,-1,-1
train_099,1,14,1,1,9,16,6,1,0,0,0.48,0.48,-3.0,-0.42000000000000004,-0.5,-1,0,0,1,0,-1,1,0,1,0,-1,0,0,0,0,-1,-1,-1,-1,-1,-1,-1,-1,-1,-1
train_099,2,13,1,0,13,28,6,2,0,0,0.48,-3.0,-0.42000000000000004,-3.0,-0.5,-1,0,0,0,0,-1,0,0,1,0,-1,1,0,1,0,-1,0,0,0,0,-1,-1,-1,-1,-1
train_099,3,12,1,0,16,36,6,3,0,0,0.48,-3.0,-0.42000000000000004,0.48,-0.5,-1,0,0,1,0,-1,0,0,0,0,-1,0,0,1,0,-1,1,0,1,0,-1,0,0,0,0
train_099,4,11,1,0,18,40,6,4,0,0,0.48,0.48,-0.42000000000000004,0.48,-0.5,-1,1,0,1,0,-1,0,0,1,0,-1,0,0,0,0,-1,0,0,1,0,-1,1,0,1,0
train_099,5,10,1,0,22,50,7,5,0,4,0.48,-3.0,-0.42000000000000004,0.48,10.0,-1,2,0,0,0,-1,1,0,1,0,-1,0,0,1,0,-1,0,0,0,0,-1,0,0,1,0
train_099,6,9,1,0,24,56,7,6,0,4,0.48,-3.0,-0.42000000000000004,-3.0,10.0,-1,1,1,0,0,-1,2,0,0,0,-1,1,0,1,0,-1,0,0,1,0,-1,0,0,0,0
train_099,7,8,1,0,27,60,9,7,3,3,-3.0,0.48,-0.42000000000000004,10.48,10.0,-1,0,0,1,0,-1,1,1,0,0,-1,2,0,0,0,-1,1,0,1,0,-1,0,0,1,0
train_100,0,14,0,4,9,24,5,0,0,0,0.48,0.48,-3.0,-3.0,-0.5,-1,-1,0,0,0,-1,-1,0,0,0,-1,-1,0,0,0,-1,-1,-1,-1,-1,-1,-1,-1,-1,-1
train_100,1,13,0,0,12,34,5,1,0,0,0.48,0.48,-0.42000000000000004,-3.0,-0.5,-1,-1,0,0,0,-1,-1,0,0,0,-1,-1,0,0,0,-1,-1,0,0,0,-1,-1,-1,-1,-1
train_100,2,12,0,0,14,40,5,2,0,0,0.48,0.48,-0.42000000000000004,-3.0,-0.5,-1,-1,1,0,0,-1,-1,0,0,0,-1,-1,0,0,0,-1,-1,0,0,0,-1,-1,0,0,0
train_100,3,11,0,0,16,46,4,3,1,1,-3.0,0.48,-0.42000000000000004,-3.0,-0.5,-1,-1,1,0,0,-1,-1,1,0,0,-1,-1,0,0,0,-1,-1,0,0,0,-1,-1,0,0,0
train_100,4,11,1,1,19,54,5,4,0,0,0.48,0.48,0.48,-0.42000000000000004,-0.5,-1,1,0,0,0,-1,1,0,0,1,-1,0,0,0,0,-1,0,0,0,0,-1,0,0,0,1
train_100,5,10,1,0,21,56,7,5,0,0,0.48,0.48,-0.42000000000000004,-3.0,-0.5,-1,0,1,1,0,-1,1,0,0,0,-1,1,0,0,1,-1,0,0,0,0,-1,0,0,0,0
train_100,6,9,1,0,24,62,8,6,1,1,-3.0,0.48,-0.42000000000000004,-3.0,-0.5,-1,0,1,0,0,-1,0,1,1,0,-1,1,0,0,0,-1,1,0,0,1,-1,0,0,0,0
train_100,7,9,2,1,29,78,10,7,1,1,-3.0,0.48,0.48,-0.42000000000000004,-0.5,0,1,0,0,0,0,1,1,0,0,1,0,0,0,0,1,0,0,1,0,0,0,0,0,0
train_100,8,9,3,1,33,90,11,8,0,0,0.48,0.48,-3.0,-0.42000000000000004,-0.5,1,0,0,0,0,1,1,0,0,0,0,0,0,0,1,0,0,1,0,0,0,0,0,0,0
train_100,9,8,3,0,38,106,12,9,0,0,0.48,0.48,-0.42000000000000004,-3.0,-0.5,0,0,0,0,0,1,0,0,0,0,1,1,0,0,0,0,0,0,0,1,0,0,1,0,0
train_100,10,7,3,0,42,120,13,10,0,0,0.48,0.48,-0.42000000000000004,0.48,-0.5,1,0,0,0,0,0,0,0,0,0,1,0,0,0,0,1,1,0,0,0,0,0,0,0,1
train_100,11,6,3,0,47,136,15,11,0,0,0.48,0.48,-0.42000000000000004,0.48,-0.5,0,0,0,0,0,1,0,0,0,0,0,0,0,0,0,1,0,0,0,0,1,1,0,0,0
train_100,12,5,3,0,51,148,14,12,0,4,0.48,0.48,-0.42000000000000004,0.48,10.0,2,0,1,0,0,0,0,0,0,0,1,0,0,0,0,0,0,0,0,0,1,0,0,0,0
train_100,13,4,3,0,54,156,15,13,3,4,-3.0,0.48,-0.42000000000000004,0.48,10.0,1,1,0,0,0,2,0,1,0,0,0,0,0,0,0,1,0,0,0,0,0,0,0,0,0
train_100,14,4,2,3,58,166,14,14,0,4,0.48,-0.42000000000000004,0.48,0.48,10.0,0,1,1,0,0,0,2,0,1,0,0,0,0,0,0,0,1,0,0,0,1,0,0,0,0
train_100,15,3,2,0,62,174,16,15,3,3,-3.0,-3.0,-0.42000000000000004,10.48,10.0,0,0,0,1,0,0,1,1,0,0,0,2,0,1,0,0,0,0,0,0,0,1,0,0,0
train_101,0,14,0,4,7,12,3,0,0,0,0.48,0.48,-3.0,-3.0,-0.5,-1,-1,0,1,0,-1,-1,0,1,0,-1,-1,0,0,0,-1,-1,-1,-1,-1,-1,-1,-1,-1,-1
train_101,1,13,0,0,10,20,4,1,0,0,0.48,-3.0,-0.42000000000000004,-3.0,-0.5,-1,-1,0,0,0,-1,-1,0,1,0,-1,-1,0,1,0,-1,-1,0,0,0,-1,-1,-1,-1,-1
train_101,2,12,0,0,12,26,4,2,0,0,0.48,-3.0,-0.42000000000000004,-3.0,-0.5,-1,-1,0,0,1,-1,-1,0,0,0,-1,-1,0,1,0,-1,-1,0,1,0,-1,-1,0,0,0
train_101,3,11,0,0,14,32,4,3,0,0,0.48,0.48,-0.42000000000000004,-3.0,-0.5,-1,-1,0,0,1,-1,-1,0,0,1,-1,-1,0,0,0,-1,-1,0,1,0,-1,-1,0,1,0
train_101,4,10,0,0,17,40,6,4,0,0,0.48,0.48,-0.42000000000000004,-3.0,-0.5,-1,-1,0,0,0,-1,-1,0,0,1,-1,-1,0,0,1,-1,-1,0,0,0,-1,-1,0,1,0
train_101,5,9,0,0,20,50,6,5,0,0,0.48,0.48,-0.42000000000000004,-3.0,-0.5,-1,-1,0,0,0,-1,-1,0,0,0,-1,-1,0,0,1,-1,-1,0,0,1,-1,-1,0,0,0
train_101,6,8,0,0,22,56,6,6,0,0,0.48,0.48,-0.42000000000000004,-3.0,-0.5,-1,-1,0,0,1,-1,-1,0,0,0,-1,-1,0,0,0,-1,-1,0,0,1,-1,-1,0,0,1
train_101,7,7,0,0,25,64,8,7,0,0,0.48,0.48,-0.42000000000000004,-3.0,-0.5,-1,-1,0,0,0,-1,-1,0,0,1,-1,-1,0,0,0,-1,-1,0,0,0,-1,-1,0,0,1
train_101,8,6,0,0,28,74,8,8,0,0,0.48,0.48,-0.42000000000000004,-3.0,-0.5,-1,-1,0,0,0,-1,-1,0,0,0,-1,-1,0,0,1,-1,-1,0,0,0,-1,-1,0,0,0
train_101,9,5,0,0,30,78,8,9,0,0,0.48,0.48,-0.42000000000000004,-3.0,-0.5,-1,-1,0,1,0,-1,-1,0,0,0,-1,-1,0,0,0,-1,-1,0,0,1,-1,-1,0,0,0
train_101,10,4,0,0,33,86,9,10,0,0,0.48,0.48,-0.42000000000000004,-3.0,-0.5,-1,-1,0,0,0,-1,-1,0,1,0,-1,-1,0,0,0,-1,-1,0,0,0,-1,-1,0,0,1
train_101,11,3,0,0,35,90,9,11,0,0,0.48,-3.0,-0.42000000000000004,-3.0,-0.5,-1,-1,0,1,0,-1,-1,0,0,0,-1,-1,0,1,0,-1,-1,0,0,0,-1,-1,0,0,0
train_101,12,2,0,0,36,92,9,12,1,0,0.48,0.48,-0.42000000000000004,-3.0,-0.5,-1,-1,1,1,0,-1,-1,0,1,0,-1,-1,0,0,0,-1,-1,0,1,0,-1,-1,0,0,0
train_101,13,2,1,1,40,104,9,13,1,4,-3.0,0.48,-3.0,-0.42000000000000004,10.0,-1,1,1,0,0,-1,0,1,0,2,-1,0,0,0,0,-1,0,1,0,1,-1,0,0,0,0
train_101,14,2,2,1,43,112,9,14,0,4,0.48,0.48,0.48,-0.42000000000000004,10.0,1,1,0,0,1,0,1,0,2,0,0,0,0,0,0,0,1,0,1,1,0,0,0,0,0
train_101,15,1,2,0,43,112,9,15,1,1,0.48,10.48,-0.42000000000000004,-3.0,10.0,-1,-1,-1,-1,-1,1,1,0,0,1,0,1,0,2,0,0,0,0,0,0,0,1,0,1,1
train_102,0,14,0,4,8,18,6,0,1,1,-3.0,0.48,-3.0,-3.0,-0.5,-1,-1,0,0,0,-1,-1,1,0,0,-1,-1,0,0,0,-1,-1,-1,-1,-1,-1,-1,-1,-1,-1
train_102,1,14,1,1,11,28,5,1,0,0,0.48,0.48,-3.0,-0.42000000000000004,-0.5,-1,0,0,0,0,-1,1,0,0,0,-1,0,0,0,0,-1,-1,-1,-1,-1,-1,-1,-1,-1,-1
train_102,2,13,1,0,15,42,4,2,0,0,0.48,0.48,-0.42000000000000004,-3.0,-0.5,-1,0,0,0,0,-1,0,0,0,0,-1,1,0,0,0,-1,0,0,0,0,-1,-1,-1,-1,-1
train_102,3,12,1,0,18,50,4,3,0,0,0.48,0.48,-0.42000000000000004,0.48,-0.5,-1,0,1,0,0,-1,0,0,0,0,-1,0,0,0,0,-1,1,0,0,0,-1,0,0,0,0
train_102,4,11,1,0,22,62,6,4,1,1,-3.0,0.48,-0.42000000000000004,0.48,-0.5,-1,0,0,0,0,-1,0,1,0,0,-1,0,0,0,0,-1,0,0,0,0,-1,1,0,0,0
train_102,5,11,2,1,24,66,6,5,0,0,0.48,0.48,0.48,-0.42000000000000004,-0.5,0,0,0,0,0,0,1,0,0,1,0,0,0,0,1,0,0,0,0,1,1,0,0,0,0
train_102,6,10,2,0,29,84,5,6,0,0,0.48,0.48,-0.42000000000000004,-3.0,-0.5,0,0,0,0,0,0,0,0,0,0,0,1,0,0,1,0,0,0,0,1,0,0,0,0,1
train_102,7,9,2,0,33,98,3,7,0,4,0.48,0.48,-0.42000000000000004,0.48,10.0,0,0,0,2,1,0,0,0,0,0,0,0,0,0,0,0,1,0,0,1,0,0,0,0,1
train_102,8,8,2,0,36,104,5,8,0,4,0.48,0.48,-0.42000000000000004,0.48,10.0,1,0,1,0,0,0,0,0,2,1,0,0,0,0,0,0,0,0,0,0,0,1,0,0,1
train_102,9,7,2,0,40,116,7,9,1,1,-3.0,10.48,-0.42000000000000004,0.48,10.0,1,0,0,0,0,1,0,1,0,0,0,0,0,2,1,0,0,0,0,0,0,0,0,0,0
train_103,0,14,0,4,9,24,6,0,0,0,0.48,0.48,-3.0,-3.0,-0.5,-1,-1,0,0,0,-1,-1,0,0,0,-1,-1,0,0,0,-1,-1,-1,-1,-1,-1,-1,-1,-1,-1
train_103,1,13,0,0,12,34,5,1,0,0,0.48,0.48,-0.42000000000000004,-3.0,-0.5,-1,-1,0,0,0,-1,-1,0,0,0,-1,-1,0,0,0,-1,-1,0,0,0,-1,-1,-1,-1,-1
train_103,2,12,0,0,13,36,5,2,1,0,0.48,0.48,-0.42000000000000004,-3.0,-0.5,-1,-1,0,1,1,-1,-1,0,0,0,-1,-1,0,0,0,-1,-1,0,0,0,-1,-1,0,0,0
train_103,3,12,1,1,18,52,6,3,1,0,0.48,0.48,0.48,-0.42000000000000004,-0.5,-1,0,1,1,0,-1,0,0,0,0,-1,0,0,0,0,-1,0,0,0,0,-1,0,0,0,0
train_103,4,12,2,1,22,64,6,4,1,0,0.48,0.48,0.48,-0.42000000000000004,-0.5,0,1,1,0,0,0,0,0,0,1,0,0,0,0,0,0,0,0,0,0,0,0,0,0,0
train_103,5,12,3,1,26,76,7,5,1,0,0.48,0.48,0.48,-0.42000000000000004,-0.5,1,1,0,0,1,0,0,0,1,0,0,0,0,0,0,0,0,0,0,0,0,0,0,0,0
train_103,6,12,4,1,31,92,8,6,1,4,-3.0,0.48,0.48,-0.42000000000000004,10.0,1,0,0,1,0,0,0,1,0,2,0,0,0,0,0,0,0,0,0,0,0,0,0,0,0
train_103,7,12,5,1,36,110,9,7,0,4,0.48,0.48,0.48,-0.42000000000000004,10.0,0,0,1,0,0,0,1,0,2,0,0,0,0,0,0,0,0,0,0,0,0,0,0,0,0
train_103,8,11,5,0,40,120,11,8,1,1,-3.0,10.48,-0.42000000000000004,-3.0,10.0,0,0,0,1,0,0,0,1,0,0,0,1,0,2,0,0,0,0,0,0,0,0,0,0,0
train_104,0,14,0,4,9,24,4,0,1,0,0.48,0.48,-3.0,-3.0,-0.5,-1,-1,0,0,0,-1,-1,0,0,0,-1,-1,0,0,0,-1,-1,-1,-1,-1,-1,-1,-1,-1,-1
train_104,1,14,1,1,10,26,4,1,1,0,0.48,0.48,-3.0,-0.42000000000000004,-0.5,-1,0,0,0,1,-1,0,0,0,1,-1,0,0,0,0,-1,-1,-1,-1,-1,-1,-1,-1,-1,-1
train_104,2,14,2,1,13,32,6,2,1,0,0.48,0.48,-3.0,-0.42000000000000004,-0.5,0,0,0,1,0,0,0,0,1,0,0,0,0,0,0,-1,-1,-1,-1,-1,-1,-1,-1,-1,-1
train_104,3,14,3,1,15,38,4,3,1,1,-3.0,0.48,-3.0,-0.42000000000000004,-0.5,0,0,1,0,1,0,0,1,0,0,0,0,0,0,0,-1,-1,-1,-1,-1,-1,-1,-1,-1,-1
train_104,4,14,4,1,16,38,4,4,0,0,0.48,0.48,-3.0,-0.42000000000000004,-0.5,0,1,0,1,0,0,1,0,0,1,0,0,0,0,1,-1,-1,-1,-1,-1,-1,-1,-1,-1,-1
train_104,5,13,4,0,19,44,5,5,0,0,0.48,0.48,-0.42000000000000004,-3.0,-0.5,0,1,0,0,1,0,1,0,1,0,0,1,0,0,1,0,0,0,0,1,-1,-1,-1,-1,-1
train_104,6,12,4,0,23,54,7,6,0,0,0.48,-3.0,-0.42000000000000004,-3.0,-0.5,1,0,0,0,0,0,1,0,0,1,0,1,0,1,0,0,1,0,0,1,0,0,0,0,1
train_104,7,11,4,0,27,64,9,7,0,0,0.48,0.48,-0.42000000000000004,-3.0,-0.5,0,1,0,0,0,1,0,0,0,0,0,1,0,0,1,0,1,0,1,0,0,1,0,0,1
train_104,8,10,4,0,31,74,9,8,1,0,0.48,0.48,-0.42000000000000004,0.48,-0.5,0,0,1,0,0,0,1,0,0,0,1,0,0,0,0,0,1,0,0,1,0,1,0,1,0
train_104,9,10,5,1,35,86,9,9,1,0,0.48,0.48,0.48,-0.42000000000000004,-0.5,0,1,0,0,0,1,0,0,0,0,0,0,0,0,0,1,0,0,1,0,1,0,1,0,1
train_104,10,10,6,1,37,90,9,10,1,0,0.48,0.48,-3.0,-0.42000000000000004,-0.5,1,0,0,0,0,0,0,0,0,1,0,0,0,0,0,0,0,1,0,1,0,1,0,1,1
train_104,11,10,7,1,40,96,11,11,1,0,0.48,0.48,0.48,-0.42000000000000004,-0.5,0,0,0,0,0,0,0,0,1,1,0,0,0,0,0,0,1,0,1,0,1,0,1,1,1
train_104,12,10,8,1,45,110,14,12,1,1,-3.0,0.48,-3.0,-0.42000000000000004,-0.5,0,0,0,0,0,0,0,1,1,0,0,0,0,0,0,1,0,1,0,0,0,1,1,1,0
train_104,13,10,9,1,50,128,15,13,1,4,-3.0,0.48,0.48,-0.42000000000000004,10.0,0,0,0,0,0,0,1,1,0,0,0,0,0,0,2,0,1,0,0,0,1,1,1,0,0
train_104,14,10,10,1,54,140,16,14,1,1,0.48,10.48,0.48,-0.42000000000000004,10.0,0,0,0,0,0,1,1,0,0,0,0,0,0,2,0,1,0,0,0,1,1,1,0,0,0
train_105,0,14,0,4,6,10,3,0,0,0,0.48,-3.0,-3.0,-3.0,-0.5,-1,-1,1,0,1,-1,-1,0,0,0,-1,-1,0,1,0,-1,-1,-1,-1,-1,-1,-1,-1,-1,-1
train_105,1,13,0,0,9,16,5,1,1,1,-3.0,0.48,-0.42000000000000004,-3.0,-0.5,-1,-1,0,0,0,-1,-1,1,0,1,-1,-1,0,0,0,-1,-1,0,1,0,-1,-1,-1,-1,-1
train_105,2,13,1,1,13,28,6,2,1,0,0.48,0.48,-3.0,-0.42000000000000004,-0.5,-1,0,0,0,0,-1,1,0,1,0,-1,0,0,0,0,-1,0,1,0,0,-1,-1,-1,-1,-1
train_105,3,13,2,1,16,36,6,3,1,1,-3.0,0.48,0.48,-0.42000000000000004,-0.5,0,0,0,0,0,1,0,1,0,0,0,0,0,0,1,0,1,0,0,0,-1,-1,-1,-1,-1
train_105,4,13,3,1,20,48,7,4,0,0,0.48,-3.0,0.48,-0.42000000000000004,-0.5,0,0,0,0,0,0,1,0,0,0,0,0,0,1,0,1,0,0,0,0,-1,-1,-1,-1,-1
train_105,5,12,3,0,23,58,7,5,1,0,0.48,0.48,-0.42000000000000004,-3.0,-0.5,0,0,0,1,1,0,0,0,0,0,0,1,0,0,0,0,0,0,1,0,1,0,0,0,0
train_105,6,12,4,1,28,74,8,6,1,0,0.48,0.48,-3.0,-0.42000000000000004,-0.5,0,0,1,1,0,0,0,0,0,0,1,0,0,0,0,0,0,1,0,0,0,0,0,0,0
train_105,7,12,5,1,32,88,8,7,1,0,0.48,0.48,0.48,-0.42000000000000004,-0.5,0,1,1,0,1,0,0,0,0,0,0,0,0,0,0,0,1,0,0,0,0,0,0,0,0
train_105,8,12,6,1,37,104,8,8,1,0,0.48,0.48,0.48,-0.42000000000000004,-0.5,1,1,0,1,0,0,0,0,0,0,0,0,0,0,0,1,0,0,0,0,0,0,0,0,0
train_105,9,12,7,1,40,112,8,9,1,4,0.48,0.48,0.48,-0.42000000000000004,10.0,1,0,1,0,0,0,0,0,0,0,0,0,0,0,1,0,0,0,0,2,0,0,0,0,1
train_105,10,12,8,1,42,116,9,10,2,4,0.48,-3.0,0.48,-0.42000000000000004,10.0,0,1,0,0,0,0,0,0,0,1,0,0,0,1,1,0,0,0,2,0,0,0,0,1,1
train_105,11,13,8,2,42,116,9,11,1,1,-0.42000000000000004,10.48,0.48,0.48,10.0,0,0,0,0,1,0,0,0,1,1,0,0,0,2,0,0,0,0,1,1,-1,-1,-1,-1,-1
train_106,0,14,0,4,6,12,2,0,0,0,0.48,0.48,-3.0,-3.0,-0.5,-1,-1,0,1,1,-1,-1,0,0,0,-1,-1,0,0,1,-1,-1,-1,-1,-1,-1,-1,-1,-1,-1
train_106,1,13,0,0,9,18,5,1,1,0,0.48,0.48,-0.42000000000000004,-3.0,-0.5,-1,-1,0,0,0,-1,-1,0,1,1,-1,-1,0,0,0,-1,-1,0,0,1,-1,-1,-1,-1,-1
train_106,2,13,1,1,13,28,8,2,1,1,-3.0,0.48,0.48,-0.42000000000000004,-0.5,-1,0,0,0,0,-1,0,1,1,0,-1,0,0,0,0,-1,0,0,1,0,-1,-1,-1,-1,-1
train_106,3,13,2,1,17,42,8,3,1,1,-3.0,0.48,-3.0,-0.42000000000000004,-0.5,0,0,0,0,0,0,1,1,0,0,0,0,0,0,0,0,0,1,0,0,-1,-1,-1,-1,-1
train_106,4,13,3,1,20,52,7,4,1,4,0.48,0.48,0.48,-0.42000000000000004,10.0,0,0,0,0,0,1,1,0,0,0,0,0,0,0,2,0,1,0,0,1,-1,-1,-1,-1,-1
train_106,5,13,4,1,21,54,8,5,1,1,0.48,10.48,0.48,-0.42000000000000004,10.0,0,0,0,0,0,1,0,0,0,1,0,0,0,2,1,1,0,0,1,1,-1,-1,-1,-1,-1
train_107,0,14,0,4,9,24,5,0,1,0,0.48,0.48,-3.0,-3.0,-0.5,-1,-1,0,0,0,-1,-1,0,0,0,-1,-1,0,0,0,-1,-1,-1,-1,-1,-1,-1,-1,-1,-1
train_107,1,14,1,1,11,28,6,1,1,0,0.48,0.48,-3.0,-0.42000000000000004,-0.5,-1,0,0,0,0,-1,0,0,0,1,-1,0,0,0,0,-1,-1,-1,-1,-1,-1,-1,-1,-1,-1
train_107,2,14,2,1,13,32,7,2,1,0,0.48,0.48,-3.0,-0.42000000000000004,-0.5,0,0,0,0,0,0,0,0,1,1,0,0,0,0,0,-1,-1,-1,-1,-1,-1,-1,-1,-1,-1
train_107,3,14,3,1,16,40,8,3,1,1,-3.0,0.48,-3.0,-0.42000000000000004,-0.5,0,0,0,0,0,0,0,1,1,0,0,0,0,0,0,-1,-1,-1,-1,-1,-1,-1,-1,-1,-1
train_107,4,14,4,1,19,50,7,4,1,1,-3.0,0.48,-3.0,-0.42000000000000004,-0.5,0,0,0,0,0,0,1,1,0,0,0,0,0,0,0,-1,-1,-1,-1,-1,-1,-1,-1,-1,-1
train_107,5,14,5,1,21,54,8,5,1,0,0.48,0.48,-3.0,-0.42000000000000004,-0.5,0,0,0,0,0,1,1,0,0,1,0,0,0,0,0,-1,-1,-1,-1,-1,-1,-1,-1,-1,-1
train_107,6,14,6,1,24,62,10,6,1,0,0.48,0.48,-3.0,-0.42000000000000004,-0.5,0,0,0,0,0,1,0,0,1,0,0,0,0,0,0,-1,-1,-1,-1,-1,-1,-1,-1,-1,-1
train_107,7,14,7,1,27,72,11,7,1,1,-3.0,0.48,-3.0,-0.42000000000000004,-0.5,0,0,0,0,0,0,0,1,0,0,0,0,0,0,0,-1,-1,-1,-1,-1,-1,-1,-1,-1,-1
train_107,8,14,8,1,30,82,11,8,1,4,0.48,0.48,-3.0,-0.42000000000000004,10.0,0,0,0,0,0,0,1,0,0,0,0,0,0,0,2,-1,-1,-1,-1,-1,-1,-1,-1,-1,-1
train_107,9,14,9,1,33,92,11,9,1,1,0.48,10.48,-3.0,-0.42000000000000004,10.0,0,0,0,0,0,1,0,0,0,0,0,0,0,2,0,-1,-1,-1,-1,-1,-1,-1,-1,-1,-1
train_108,0,14,0,4,9,24,4,0,1,1,0.48,10.48,-3.0,-3.0,10.0,-1,-1,0,0,0,-1,-1,0,0,0,-1,-1,0,2,0,-1,-1,-1,-1,-1,-1,-1,-1,-1,-1
train_109,0,14,0,4,7,16,3,0,1,1,-3.0,0.48,-3.0,-3.0,-0.5,-1,-1,1,0,0,-1,-1,1,0,0,-1,-1,0,0,0,-1,-1,-1,-1,-1,-1,-1,-1,-1,-1
train_109,1,14,1,1,10,26,4,1,1,0,0.48,0.48,-3.0,-0.42000000000000004,-0.5,-1,1,0,0,0,-1,1,0,0,0,-1,0,0,0,0,-1,-1,-1,-1,-1,-1,-1,-1,-1,-1
train_109,2,14,2,1,13,36,4,2,1,0,0.48,0.48,-3.0,-0.42000000000000004,-0.5,1,0,0,0,0,1,0,0,0,0,0,0,0,0,0,-1,-1,-1,-1,-1,-1,-1,-1,-1,-1
train_109,3,14,3,1,15,42,4,3,1,0,0.48,0.48,-3.0,-0.42000000000000004,-0.5,0,0,0,0,1,0,0,0,0,0,0,0,0,0,0,-1,-1,-1,-1,-1,-1,-1,-1,-1,-1
train_109,4,14,4,1,18,50,4,4,1,0,0.48,0.48,-3.0,-0.42000000000000004,-0.5,0,0,0,1,0,0,0,0,0,0,0,0,0,0,0,-1,-1,-1,-1,-1,-1,-1,-1,-1,-1
train_109,5,14,5,1,19,52,4,5,1,0,0.48,0.48,-3.0,-0.42000000000000004,-0.5,0,0,1,0,1,0,0,0,0,1,0,0,0,0,0,-1,-1,-1,-1,-1,-1,-1,-1,-1,-1
train_109,6,14,6,1,22,58,6,6,1,4,0.48,0.48,-3.0,-0.42000000000000004,10.0,0,1,0,1,0,0,0,0,1,0,0,0,0,0,2,-1,-1,-1,-1,-1,-1,-1,-1,-1,-1
train_109,7,14,7,1,25,68,5,7,1,1,-3.0,10.48,-3.0,-0.42000000000000004,10.0,1,0,1,0,0,0,0,1,0,0,0,0,0,2,0,-1,-1,-1,-1,-1,-1,-1,-1,-1,-1
train_110,0,14,0,4,6,12,4,0,1,1,-3.0,0.48,-3.0,-3.0,-0.5,-1,-1,1,0,0,-1,-1,1,0,0,-1,-1,0,0,1,-1,-1,-1,-1,-1,-1,-1,-1,-1,-1
train_110,1,14,1,1,9,20,6,1,0,0,0.48,-3.0,-3.0,-0.42000000000000004,-0.5,-1,1,0,0,0,-1,1,0,0,0,-1,0,0,1,0,-1,-1,-1,-1,-1,-1,-1,-1,-1,-1
train_110,2,13,1,0,13,32,7,2,1,0,0.48,0.48,-0.42000000000000004,-3.0,-0.5,-1,0,0,0,0,-1,1,0,0,0,-1,1,0,0,0,-1,0,0,1,0,-1,-1,-1,-1,-1
train_110,3,13,2,1,16,42,6,3,1,0,0.48,0.48,-3.0,-0.42000000000000004,-0.5,0,0,0,0,1,1,0,0,0,0,1,0,0,0,0,0,0,1,0,0,-1,-1,-1,-1,-1
train_110,4,13,3,1,19,48,5,4,1,0,0.48,0.48,0.48,-0.42000000000000004,-0.5,0,0,0,1,0,0,0,0,0,1,0,0,0,0,0,0,1,0,0,0,-1,-1,-1,-1,-1
train_110,5,13,4,1,21,52,6,5,1,0,0.48,0.48,0.48,-0.42000000000000004,-0.5,0,0,1,0,1,0,0,0,1,0,0,0,0,0,0,1,0,0,0,1,-1,-1,-1,-1,-1
train_110,6,13,5,1,25,62,9,6,1,1,-3.0,0.48,0.48,-0.42000000000000004,-0.5,0,1,0,1,0,0,0,1,0,0,0,0,0,0,0,0,0,0,1,0,-1,-1,-1,-1,-1
train_110,7,13,6,1,29,76,9,7,0,0,0.48,0.48,-3.0,-0.42000000000000004,-0.5,1,0,1,0,0,0,1,0,0,0,0,0,0,0,0,0,0,1,0,0,-1,-1,-1,-1,-1
train_110,8,12,6,0,32,80,11,8,1,1,-3.0,0.48,-0.42000000000000004,-3.0,-0.5,0,1,0,0,1,1,0,1,0,0,0,1,0,0,0,0,0,0,0,0,0,0,1,0,0
train_110,9,12,7,1,37,96,12,9,0,0,0.48,0.48,0.48,-0.42000000000000004,-0.5,1,0,0,1,0,0,1,0,0,0,1,0,0,0,0,0,0,0,0,0,0,1,0,0,0
train_110,10,11,7,0,41,104,16,10,1,0,0.48,0.48,-0.42000000000000004,-3.0,-0.5,0,1,0,0,0,1,0,0,1,0,0,1,0,0,0,1,0,0,0,0,0,0,0,0,0
train_110,11,11,8,1,45,116,16,11,1,1,-3.0,0.48,0.48,-0.42000000000000004,-0.5,1,0,0,0,0,0,0,1,0,0,1,0,0,0,0,0,0,0,0,1,0,0,0,0,0
train_110,12,11,9,1,48,124,16,12,1,0,0.48,0.48,0.48,-0.42000000000000004,-0.5,0,0,0,0,1,0,1,0,0,0,0,0,0,0,0,0,0,0,1,0,0,0,0,0,1
train_110,13,11,10,1,52,132,20,13,1,0,0.48,0.48,-3.0,-0.42000000000000004,-0.5,0,0,0,1,0,1,0,0,0,0,0,0,0,0,1,0,0,1,0,0,0,0,0,1,0
train_110,14,11,11,1,57,148,23,14,2,0,0.48,-3.0,0.48,-0.42000000000000004,-0.5,0,0,1,0,0,0,0,0,0,0,0,0,0,1,0,0,1,0,0,0,0,0,1,0,0
train_110,15,12,11,2,61,162,20,15,1,1,-0.42000000000000004,0.48,-3.0,-3.0,-0.5,0,0,0,0,0,0,0,0,1,0,0,1,0,0,0,0,0,1,0,0,0,0,0,0,0
train_110,16,12,12,1,66,180,16,16,1,4,-3.0,0.48,0.48,-0.42000000000000004,10.0,0,0,0,0,0,0,0,1,0,0,1,0,0,0,2,0,1,0,0,0,0,0,0,0,0
train_110,17,12,13,1,66,180,16,17,1,1,0.48,10.48,0.48,-0.42000000000000004,10.0,0,0,0,0,-1,0,1,0,0,-1,0,0,0,2,-1,1,0,0,0,-1,0,0,0,0,-1
train_111,0,14,0,4,7,12,4,0,0,0,0.48,0.48,-3.0,-3.0,-0.5,-1,-1,0,0,0,-1,-1,0,1,0,-1,-1,0,0,1,-1,-1,-1,-1,-1,-1,-1,-1,-1,-1
train_111,1,13,0,0,9,16,5,1,0,0,0.48,-3.0,-0.42000000000000004,-3.0,-0.5,-1,-1,0,1,0,-1,-1,0,0,0,-1,-1,0,1,0,-1,-1,0,0,1,-1,-1,-1,-1,-1
train_111,2,12,0,0,11,20,5,2,1,0,0.48,0.48,-0.42000000000000004,-3.0,-0.5,-1,-1,0,1,0,-1,-1,0,1,0,-1,-1,0,0,0,-1,-1,0,1,0,-1,-1,0,0,1
train_111,3,12,1,1,14,30,4,3,1,1,-3.0,0.48,-3.0,-0.42000000000000004,-0.5,-1,0,1,0,1,-1,0,1,0,0,-1,0,0,0,0,-1,0,1,0,0,-1,0,0,1,1
train_111,4,12,2,1,18,38,5,4,1,0,0.48,0.48,0.48,-0.42000000000000004,-0.5,0,1,0,1,0,0,1,0,0,0,0,0,0,0,1,0,1,0,0,0,0,0,1,1,0
train_111,5,12,3,1,22,48,6,5,2,0,0.48,-3.0,0.48,-0.42000000000000004,-0.5,1,0,1,0,0,1,0,0,0,0,0,0,0,1,0,1,0,0,0,1,0,1,1,0,0
train_111,6,13,3,2,22,48,6,6,1,1,-0.42000000000000004,0.48,-3.0,0.48,-0.5,1,0,0,0,0,0,0,0,1,0,1,0,0,0,1,0,1,1,0,0,-1,-1,-1,-1,-1
train_111,7,13,4,1,25,54,6,7,2,2,-3.0,-3.0,0.48,-0.42000000000000004,-0.5,0,0,0,0,0,0,0,1,0,1,0,0,0,1,0,1,1,0,0,0,-1,-1,-1,-1,-1
train_111,8,14,4,2,25,54,6,8,1,1,-0.42000000000000004,0.48,-3.0,-3.0,-0.5,0,0,1,0,1,0,0,0,1,0,1,1,0,0,0,-1,-1,-1,-1,-1,-1,-1,-1,-1,-1
train_111,9,14,5,1,27,58,6,9,1,1,-3.0,0.48,-3.0,-0.42000000000000004,-0.5,0,1,0,1,0,0,0,1,0,0,1,0,0,0,1,-1,-1,-1,-1,-1,-1,-1,-1,-1,-1
train_111,10,14,6,1,29,60,8,10,0,0,0.48,-3.0,-3.0,-0.42000000000000004,-0.5,1,0,1,0,0,0,1,0,0,1,0,0,0,1,0,-1,-1,-1,-1,-1,-1,-1,-1,-1,-1
train_111,11,13,6,0,30,62,7,11,1,1,-3.0,0.48,-0.42000000000000004,-3.0,-0.5,0,0,0,1,0,1,0,1,0,0,0,1,0,0,1,0,0,0,1,0,-1,-1,-1,-1,-1
train_111,12,13,7,1,33,70,7,12,0,0,0.48,-3.0,-3.0,-0.42000000000000004,-0.5,0,0,1,0,1,0,1,0,0,0,1,0,0,1,0,0,0,1,0,0,-1,-1,-1,-1,-1
train_111,13,12,7,0,36,76,7,13,1,1,-3.0,0.48,-0.42000000000000004,-3.0,-0.5,0,0,0,1,0,0,0,1,0,1,0,1,0,0,0,1,0,0,1,0,0,0,1,0,0
train_111,14,12,8,1,39,84,7,14,1,0,0.48,0.48,-3.0,-0.42000000000000004,-0.5,0,0,1,0,0,0,1,0,1,1,1,0,0,0,0,0,0,1,0,0,0,1,0,0,1
train_111,15,12,9,1,43,94,9,15,1,1,-3.0,0.48,0.48,-0.42000000000000004,-0.5,0,1,0,0,1,1,0,1,1,0,0,0,0,0,0,0,1,0,0,0,1,0,0,1,0
train_111,16,12,10,1,48,110,11,16,1,1,-3.0,0.48,0.48,-0.42000000000000004,-0.5,1,0,0,1,0,0,1,1,0,0,0,0,0,0,0,1,0,0,0,0,0,0,1,0,0
train_111,17,12,11,1,53,128,11,17,1,4,0.48,0.48,0.48,-0.42000000000000004,10.0,0,0,1,0,0,1,1,0,0,0,0,0,0,0,2,0,0,0,0,0,0,1,0,0,0
train_111,18,12,12,1,57,140,8,18,1,1,0.48,10.48,0.48,-0.42000000000000004,10.0,0,1,0,0,0,1,0,0,0,0,0,0,0,2,0,0,0,0,0,1,1,0,0,0,0
train_112,0,14,0,4,8,20,4,0,0,0,0.48,0.48,-3.0,-3.0,-0.5,-1,-1,0,0,1,-1,-1,0,0,0,-1,-1,0,0,0,-1,-1,-1,-1,-1,-1,-1,-1,-1,-1
train_112,1,13,0,0,10,26,3,1,1,0,0.48,0.48,-0.42000000000000004,-3.0,-0.5,-1,-1,0,0,1,-1,-1,0,0,1,-1,-1,0,0,0,-1,-1,0,0,0,-1,-1,-1,-1,-1
train_112,2,13,1,1,13,34,4,2,1,0,0.48,0.48,0.48,-0.42000000000000004,-0.5,-1,0,0,1,1,-1,0,0,1,0,-1,0,0,0,0,-1,0,0,0,0,-1,-1,-1,-1,-1
train_112,3,13,2,1,17,46,5,3,1,1,-3.0,0.48,0.48,-0.42000000000000004,-0.5,0,0,1,1,0,0,0,1,0,0,0,0,0,0,0,0,0,0,0,0,-1,-1,-1,-1,-1
train_112,4,13,3,1,20,54,6,4,0,0,0.48,0.48,0.48,-0.42000000000000004,-0.5,0,1,1,0,0,0,1,0,0,1,0,0,0,0,0,0,0,0,0,0,-1,-1,-1,-1,-1
train_112,5,12,3,0,23,60,7,5,1,1,-3.0,0.48,-0.42000000000000004,-3.0,-0.5,1,0,1,0,0,0,1,1,0,0,0,1,0,0,1,0,0,0,0,0,0,0,0,0,0
train_112,6,12,4,1,27,72,5,6,0,0,0.48,-3.0,0.48,-0.42000000000000004,-0.5,0,1,0,0,0,1,1,0,0,0,1,0,0,1,1,0,0,0,0,0,0,0,0,0,0
train_112,7,11,4,0,30,78,7,7,0,0,0.48,0.48,-0.42000000000000004,-3.0,-0.5,0,0,1,0,1,0,1,0,0,0,1,1,0,0,0,1,0,0,1,1,0,0,0,0,0
train_112,8,10,4,0,35,92,10,8,1,1,-3.0,0.48,-0.42000000000000004,-3.0,-0.5,0,0,0,0,0,0,0,1,0,1,0,1,0,0,0,1,1,0,0,0,1,0,0,1,1
train_112,9,10,5,1,39,100,14,9,0,0,0.48,0.48,0.48,-0.42000000000000004,-0.5,0,0,0,0,0,0,1,0,1,0,1,0,0,0,1,1,0,0,0,0,0,0,1,1,0
train_112,10,9,5,0,43,112,15,10,0,0,0.48,-3.0,-0.42000000000000004,-3.0,-0.5,0,1,0,0,0,0,0,0,0,0,0,1,0,1,0,1,0,0,0,1,1,0,0,0,0
train_112,11,8,5,0,47,124,15,11,1,0,0.48,0.48,-0.42000000000000004,0.48,-0.5,0,1,0,0,0,0,1,0,0,0,0,0,0,0,0,0,1,0,1,0,1,0,0,0,1
train_112,12,8,6,1,50,132,14,12,1,0,0.48,0.48,-3.0,-0.42000000000000004,-0.5,1,0,0,0,0,1,0,0,0,1,0,0,0,0,0,1,0,1,0,0,0,0,0,1,1
train_112,13,8,7,1,52,136,15,13,1,0,0.48,0.48,0.48,-0.42000000000000004,-0.5,0,0,0,0,1,0,0,0,1,0,0,0,0,0,0,0,1,0,0,1,0,0,1,1,1
train_112,14,8,8,1,57,148,19,14,1,1,-3.0,0.48,0.48,-0.42000000000000004,-0.5,0,0,0,1,0,0,0,1,0,0,0,0,0,0,0,1,0,0,1,0,0,1,1,1,0
train_112,15,8,9,1,61,160,19,15,1,4,0.48,0.48,-3.0,-0.42000000000000004,10.0,0,0,1,0,0,0,1,0,0,0,0,0,0,0,2,0,0,1,0,1,1,1,1,0,0
train_112,16,8,10,1,65,172,18,16,1,1,0.48,10.48,0.48,-0.42000000000000004,10.0,0,1,0,0,0,1,0,0,0,0,0,0,0,2,0,0,1,0,1,0,1,1,0,0,1
train_113,0,14,0,4,8,16,3,0,0,0,0.48,0.48,-3.0,-3.0,-0.5,-1,-1,0,0,0,-1,-1,0,1,0,-1,-1,0,0,0,-1,-1,-1,-1,-1,-1,-1,-1,-1,-1
train_113,1,13,0,0,11,26,3,1,0,0,0.48,-3.0,-0.42000000000000004,-3.0,-0.5,-1,-1,0,0,0,-1,-1,0,0,0,-1,-1,0,1,0,-1,-1,0,0,0,-1,-1,-1,-1,-1
train_113,2,12,0,0,13,32,4,2,0,0,0.48,0.48,-0.42000000000000004,-3.0,-0.5,-1,-1,1,0,0,-1,-1,0,0,0,-1,-1,0,0,0,-1,-1,0,1,0,-1,-1,0,0,0
train_113,3,11,0,0,16,40,6,3,1,4,-3.0,0.48,-0.42000000000000004,-3.0,10.0,-1,-1,2,0,0,-1,-1,1,0,0,-1,-1,0,0,0,-1,-1,0,0,0,-1,-1,0,1,0
train_113,4,11,1,1,19,50,7,4,0,4,0.48,0.48,0.48,-0.42000000000000004,10.0,-1,2,0,0,0,-1,1,0,0,0,-1,0,0,0,0,-1,0,0,0,1,-1,0,1,0,1
train_113,5,10,1,0,23,64,6,5,0,4,0.48,0.48,-0.42000000000000004,-3.0,10.0,-1,0,0,0,0,-1,2,0,0,0,-1,1,0,0,0,-1,0,0,0,0,-1,0,0,0,1
train_113,6,9,1,0,26,74,5,6,3,3,0.48,0.48,-0.42000000000000004,10.48,10.0,-1,0,0,0,1,-1,0,0,0,0,-1,2,0,0,0,-1,1,0,0,0,-1,0,0,0,0
train_114,0,14,0,4,6,8,1,0,1,0,0.48,0.48,-3.0,-3.0,-0.5,-1,-1,1,0,1,-1,-1,0,1,0,-1,-1,0,0,0,-1,-1,-1,-1,-1,-1,-1,-1,-1,-1
train_114,1,14,1,1,7,10,1,1,1,1,-3.0,0.48,-3.0,-0.42000000000000004,-0.5,-1,1,0,1,1,-1,0,1,0,0,-1,0,0,0,1,-1,-1,-1,-1,-1,-1,-1,-1,-1,-1
train_114,2,14,2,1,10,16,3,2,0,0,0.48,-3.0,-3.0,-0.42000000000000004,-0.5,1,0,1,1,0,0,1,0,0,0,0,0,0,1,0,-1,-1,-1,-1,-1,-1,-1,-1,-1,-1
train_114,3,13,2,0,14,22,6,3,1,1,-3.0,0.48,-0.42000000000000004,-3.0,-0.5,0,1,0,0,0,1,0,1,1,0,0,1,0,0,0,0,0,0,1,0,-1,-1,-1,-1,-1
train_114,4,13,3,1,17,30,7,4,1,1,-3.0,0.48,-3.0,-0.42000000000000004,-0.5,1,0,0,0,0,0,1,1,0,1,1,0,0,0,0,0,0,1,0,0,-1,-1,-1,-1,-1
train_114,5,13,4,1,20,38,8,5,0,0,0.48,0.48,0.48,-0.42000000000000004,-0.5,0,0,0,0,0,1,1,0,1,1,0,0,0,0,0,0,1,0,0,0,-1,-1,-1,-1,-1
train_114,6,12,4,0,24,50,8,6,0,0,0.48,-3.0,-0.42000000000000004,-3.0,-0.5,0,1,0,0,0,0,0,0,0,0,1,1,0,1,1,0,0,0,0,0,0,1,0,0,0
train_114,7,11,4,0,27,56,9,7,0,0,0.48,0.48,-0.42000000000000004,0.48,-0.5,1,0,0,1,0,0,1,0,0,0,0,0,0,0,0,1,1,0,1,1,0,0,0,0,0
train_114,8,10,4,0,31,66,11,8,0,0,0.48,0.48,-0.42000000000000004,-3.0,-0.5,0,0,0,1,0,1,0,0,1,0,0,1,0,0,0,0,0,0,0,0,1,1,0,1,1
train_114,9,9,4,0,35,76,12,9,0,0,0.48,-3.0,-0.42000000000000004,0.48,-0.5,0,1,0,0,0,0,0,0,1,0,1,0,0,1,0,0,1,0,0,0,0,0,0,0,0
train_114,10,8,4,0,39,88,13,10,0,0,0.48,-3.0,-0.42000000000000004,0.48,-0.5,0,0,0,0,1,0,1,0,0,0,0,0,0,1,0,1,0,0,1,0,0,1,0,0,0
train_114,11,7,4,0,44,104,14,11,0,0,0.48,0.48,-0.42000000000000004,-3.0,-0.5,0,0,0,0,0,0,0,0,0,1,0,1,0,0,0,0,0,0,1,0,1,0,0,1,0
train_114,12,6,4,0,49,122,12,12,0,0,0.48,0.48,-0.42000000000000004,0.48,-0.5,0,0,0,0,0,0,0,0,0,0,0,0,0,0,1,0,1,0,0,0,0,0,0,1,0
train_114,13,5,4,0,51,126,12,13,0,0,0.48,0.48,-0.42000000000000004,0.48,-0.5,0,1,1,0,1,0,0,0,0,0,0,0,0,0,0,0,0,0,0,1,0,1,0,0,0
train_114,14,4,4,0,54,130,14,14,1,1,-3.0,0.48,-0.42000000000000004,0.48,-0.5,1,0,1,0,0,0,1,1,0,1,0,0,0,0,0,0,0,0,0,0,0,0,0,0,1
train_114,15,4,5,1,57,134,16,15,1,0,0.48,0.48,0.48,-0.42000000000000004,-0.5,0,1,0,0,0,1,1,0,1,1,0,0,0,0,0,0,0,0,0,1,0,0,0,1,0
train_114,16,4,6,1,61,144,17,16,1,1,-3.0,0.48,0.48,-0.42000000000000004,-0.5,1,0,0,0,0,1,0,1,1,1,0,0,0,0,0,0,0,0,1,0,0,0,1,0,0
train_114,17,4,7,1,64,152,18,17,1,4,-3.0,0.48,-3.0,-0.42000000000000004,10.0,0,0,0,0,1,0,1,1,1,0,0,0,0,0,2,0,0,1,0,0,0,1,0,0,1
train_114,18,4,8,1,68,164,20,18,1,1,-3.0,10.48,0.48,-0.42000000000000004,10.0,0,0,0,1,1,1,1,1,0,0,0,0,0,2,0,0,1,0,0,0,1,0,0,1,0
train_115,0,14,0,4,9,24,6,0,0,0,0.48,0.48,-3.0,-3.0,-0.5,-1,-1,0,0,0,-1,-1,0,0,0,-1,-1,0,0,0,-1,-1,-1,-1,-1,-1,-1,-1,-1,-1
train_115,1,13,0,0,12,34,6,1,0,0,0.48,0.48,-0.42000000000000004,-3.0,-0.5,-1,-1,0,0,0,-1,-1,0,0,0,-1,-1,0,0,0,-1,-1,0,0,0,-1,-1,-1,-1,-1
train_115,2,12,0,0,15,44,6,2,0,0,0.48,0.48,-0.42000000000000004,-3.0,-0.5,-1,-1,0,0,0,-1,-1,0,0,0,-1,-1,0,0,0,-1,-1,0,0,0,-1,-1,0,0,0
train_115,3,11,0,0,17,50,6,3,0,0,0.48,0.48,-0.42000000000000004,-3.0,-0.5,-1,-1,1,0,0,-1,-1,0,0,0,-1,-1,0,0,0,-1,-1,0,0,0,-1,-1,0,0,0
train_115,4,10,0,0,19,56,7,4,1,1,-3.0,0.48,-0.42000000000000004,-3.0,-0.5,-1,-1,1,0,0,-1,-1,1,0,0,-1,-1,0,0,0,-1,-1,0,0,0,-1,-1,0,0,0
train_115,5,10,1,1,22,62,7,5,0,0,0.48,0.48,0.48,-0.42000000000000004,-0.5,-1,1,0,0,0,-1,1,0,0,1,-1,0,0,0,0,-1,0,0,0,1,-1,0,0,0,0
train_115,6,9,1,0,24,68,7,6,0,0,0.48,0.48,-0.42000000000000004,-3.0,-0.5,-1,1,0,0,1,-1,1,0,0,0,-1,1,0,0,1,-1,0,0,0,0,-1,0,0,0,1
train_115,7,8,1,0,28,78,8,7,0,0,0.48,0.48,-0.42000000000000004,-3.0,-0.5,-1,0,0,0,0,-1,1,0,0,1,-1,1,0,0,0,-1,1,0,0,1,-1,0,0,0,0
train_115,8,7,1,0,30,84,9,8,0,0,0.48,0.48,-0.42000000000000004,-3.0,-0.5,-1,1,1,0,0,-1,0,0,0,0,-1,1,0,0,1,-1,1,0,0,0,-1,1,0,0,1
train_115,9,6,1,0,34,94,11,9,1,1,-3.0,0.48,-0.42000000000000004,0.48,-0.5,-1,0,0,0,0,-1,1,1,0,0,-1,0,0,0,0,-1,1,0,0,1,-1,1,0,0,0
train_115,10,6,2,1,38,106,12,10,0,0,0.48,0.48,0.48,-0.42000000000000004,-0.5,0,0,0,0,0,1,1,0,0,0,0,0,0,0,0,1,0,0,1,1,1,0,0,0,0
train_115,11,5,2,0,42,118,13,11,1,0,0.48,0.48,-0.42000000000000004,-3.0,-0.5,0,0,0,1,0,0,0,0,0,0,1,1,0,0,0,0,0,0,0,0,1,0,0,1,1
train_115,12,5,3,1,46,128,15,12,1,0,0.48,0.48,0.48,-0.42000000000000004,-0.5,0,0,1,0,0,0,0,0,0,0,1,0,0,0,0,0,0,0,0,1,0,0,1,1,0
train_115,13,5,4,1,50,140,16,13,1,0,0.48,0.48,0.48,-0.42000000000000004,-0.5,0,1,0,0,0,0,0,0,0,0,0,0,0,0,0,0,0,0,1,0,0,1,1,0,1
train_115,14,5,5,1,53,148,17,14,1,0,0.48,0.48,-3.0,-0.42000000000000004,-0.5,1,0,0,0,0,0,0,0,0,1,0,0,0,0,0,0,0,1,0,0,1,1,0,1,1
train_115,15,5,6,1,57,158,20,15,1,0,0.48,0.48,0.48,-0.42000000000000004,-0.5,0,0,0,0,0,0,0,0,1,1,0,0,0,0,0,0,1,0,0,0,1,0,1,1,0
train_115,16,5,7,1,62,174,20,16,1,1,-3.0,0.48,0.48,-0.42000000000000004,-0.5,0,0,0,0,0,0,0,1,1,0,0,0,0,0,0,1,0,0,0,0,0,1,1,0,0
train_115,17,5,8,1,65,180,22,17,1,1,-3.0,0.48,0.48,-0.42000000000000004,-0.5,0,0,0,0,0,0,1,1,0,1,0,0,0,0,0,0,0,0,0,1,1,1,0,0,0
train_115,18,5,9,1,70,194,25,18,1,0,0.48,0.48,0.48,-0.42000000000000004,-0.5,0,0,0,0,0,1,1,0,1,0,0,0,0,0,0,0,0,0,1,0,1,0,0,0,0
train_115,19,5,10,1,75,212,25,19,1,4,-3.0,0.48,-3.0,-0.42000000000000004,10.0,0,0,0,0,0,1,0,1,0,2,0,0,0,0,0,0,0,1,0,0,0,0,0,0,0
train_115,20,5,11,1,79,224,26,20,0,4,0.48,0.48,0.48,-0.42000000000000004,10.0,0,0,0,0,0,0,1,0,2,0,0,0,0,0,1,0,1,0,0,0,0,0,0,0,0
train_115,21,4,11,0,81,228,26,21,1,1,0.48,10.48,-0.42000000000000004,-3.0,10.0,1,0,1,1,0,0,0,0,0,0,0,1,0,2,0,0,0,0,0,1,0,1,0,0,0
train_116,0,14,0,4,7,14,4,0,0,0,0.48,-3.0,-3.0,-3.0,-0.5,-1,-1,1,0,0,-1,-1,0,0,0,-1,-1,0,1,0,-1,-1,-1,-1,-1,-1,-1,-1,-1,-1
train_116,1,13,0,0,10,22,5,1,1,1,-3.0,0.48,-0.42000000000000004,-3.0,-0.5,-1,-1,0,0,0,-1,-1,1,0,0,-1,-1,0,0,0,-1,-1,0,1,0,-1,-1,-1,-1,-1
train_116,2,13,1,1,12,26,3,2,0,0,0.48,0.48,-3.0,-0.42000000000000004,-0.5,-1,0,0,0,1,-1,1,0,0,0,-1,0,0,0,1,-1,0,1,0,0,-1,-1,-1,-1,-1
train_116,3,12,1,0,16,38,4,3,0,0,0.48,0.48,-0.42000000000000004,-3.0,-0.5,-1,0,0,0,0,-1,0,0,0,1,-1,1,0,0,0,-1,0,0,0,1,-1,0,1,0,0
train_116,4,11,1,0,20,52,3,4,0,0,0.48,0.48,-0.42000000000000004,0.48,-0.5,-1,0,0,0,0,-1,0,0,0,0,-1,0,0,0,1,-1,1,0,0,0,-1,0,0,0,1
train_116,5,10,1,0,23,62,3,5,0,0,0.48,0.48,-0.42000000000000004,0.48,-0.5,-1,0,0,0,1,-1,0,0,0,0,-1,0,0,0,0,-1,0,0,0,1,-1,1,0,0,0
train_116,6,9,1,0,27,74,3,6,0,0,0.48,0.48,-0.42000000000000004,0.48,-0.5,-1,0,0,0,0,-1,0,0,0,1,-1,0,0,0,0,-1,0,0,0,0,-1,0,0,0,1
train_116,7,8,1,0,30,84,4,7,0,0,0.48,0.48,-0.42000000000000004,0.48,-0.5,-1,1,0,0,0,-1,0,0,0,0,-1,0,0,0,1,-1,0,0,0,0,-1,0,0,0,0
train_116,8,7,1,0,34,96,4,8,0,0,0.48,0.48,-0.42000000000000004,0.48,-0.5,-1,0,0,0,0,-1,1,0,0,0,-1,0,0,0,0,-1,0,0,0,1,-1,0,0,0,0
train_116,9,6,1,0,36,102,3,9,0,0,0.48,0.48,-0.42000000000000004,-3.0,-0.5,-1,1,0,0,1,-1,0,0,0,0,-1,1,0,0,0,-1,0,0,0,0,-1,0,0,0,1
train_116,10,5,1,0,39,106,6,10,0,0,0.48,0.48,-0.42000000000000004,0.48,-0.5,-1,0,0,1,0,-1,1,0,0,1,-1,0,0,0,0,-1,1,0,0,0,-1,0,0,0,0
train_116,11,4,1,0,43,118,8,11,0,0,0.48,0.48,-0.42000000000000004,-3.0,-0.5,-1,0,0,0,0,-1,0,0,1,0,-1,1,0,0,1,-1,0,0,0,0,-1,1,0,0,0
train_116,12,3,1,0,47,132,7,12,0,0,0.48,-3.0,-0.42000000000000004,0.48,-0.5,-1,0,0,0,0,-1,0,0,0,0,-1,0,0,1,0,-1,1,0,0,1,-1,0,0,0,0
train_116,13,2,1,0,49,136,5,13,1,0,0.48,0.48,-0.42000000000000004,0.48,-0.5,-1,0,1,0,1,-1,0,0,0,0,-1,0,0,0,0,-1,0,0,1,0,-1,1,0,0,1
train_116,14,2,2,1,53,148,6,14,1,0,0.48,0.48,-3.0,-0.42000000000000004,-0.5,0,1,0,1,0,0,0,0,0,0,0,0,0,0,0,0,0,1,0,0,1,0,0,1,1
train_116,15,2,3,1,57,162,5,15,1,0,0.48,0.48,0.48,-0.42000000000000004,-0.5,1,0,1,0,0,0,0,0,0,0,0,0,0,0,0,0,1,0,0,0,0,0,1,1,1
train_116,16,2,4,1,61,172,6,16,1,0,0.48,0.48,0.48,-0.42000000000000004,-0.5,0,1,0,0,0,0,0,0,0,1,0,0,0,0,0,1,0,0,0,0,0,1,1,1,0
train_116,17,2,5,1,65,182,7,17,1,0,0.48,0.48,0.48,-0.42000000000000004,-0.5,1,0,0,0,0,0,0,0,1,0,0,0,0,0,0,0,0,0,0,1,1,1,1,0,0
train_116,18,2,6,1,70,198,8,18,2,1,-3.0,0.48,0.48,-0.42000000000000004,-0.5,0,0,0,0,0,0,0,1,0,0,0,0,0,0,0,0,0,0,1,0,1,1,0,0,0
train_116,19,3,6,2,73,204,8,19,2,2,-0.42000000000000004,-3.0,0.48,0.48,-0.5,0,0,1,0,0,0,0,0,0,0,0,0,0,1,0,1,1,0,0,0,0,1,0,1,0
train_116,20,4,6,2,75,210,6,20,2,1,-0.42000000000000004,0.48,0.48,-3.0,-0.5,0,0,0,0,0,0,0,0,1,0,1,1,0,0,0,0,1,0,1,0,0,1,0,1,1
train_116,21,5,6,2,79,218,9,21,2,2,-0.42000000000000004,-3.0,0.48,-3.0,-0.5,0,0,0,1,0,1,1,0,0,0,0,1,0,1,0,0,1,0,1,1,1,0,0,0,0
train_116,22,6,6,2,83,228,10,22,2,4,-0.42000000000000004,-3.0,0.48,-3.0,10.0,1,1,0,0,0,0,1,0,1,0,0,1,0,1,1,1,0,0,0,0,2,0,0,1,0
train_116,23,7,6,2,87,240,9,23,2,4,-0.42000000000000004,0.48,0.48,0.48,10.0,0,1,0,1,0,0,1,0,1,1,1,0,0,0,0,2,0,0,1,0,1,0,0,0,0
train_116,24,8,6,2,89,246,8,24,3,4,-0.42000000000000004,-3.0,0.48,0.48,10.0,0,1,0,1,1,1,0,0,0,0,2,0,0,1,0,1,0,0,0,0,1,0,0,1,1
train_116,25,8,5,3,89,246,8,25,3,3,0.48,-0.42000000000000004,0.48,10.48,10.0,0,0,1,0,1,0,1,0,0,0,1,2,0,0,1,0,1,0,0,0,0,1,0,0,1
train_117,0,14,0,4,8,18,1,0,1,0,0.48,0.48,-3.0,-3.0,-0.5,-1,-1,0,0,0,-1,-1,0,0,1,-1,-1,0,0,0,-1,-1,-1,-1,-1,-1,-1,-1,-1,-1
train_117,1,14,1,1,9,20,1,1,1,0,0.48,0.48,-3.0,-0.42000000000000004,-0.5,-1,0,0,0,1,-1,0,0,1,1,-1,0,0,0,0,-1,-1,-1,-1,-1,-1,-1,-1,-1,-1
train_117,2,14,2,1,12,26,3,2,1,1,-3.0,0.48,-3.0,-0.42000000000000004,-0.5,0,0,0,1,0,0,0,1,1,0,0,0,0,0,0,-1,-1,-1,-1,-1,-1,-1,-1,-1,-1
train_117,3,14,3,1,14,32,2,3,1,1,-3.0,0.48,-3.0,-0.42000000000000004,-0.5,0,0,1,0,1,0,1,1,0,0,0,0,0,0,0,-1,-1,-1,-1,-1,-1,-1,-1,-1,-1
train_117,4,14,4,1,16,36,4,4,0,0,0.48,0.48,-3.0,-0.42000000000000004,-0.5,0,1,0,1,0,1,1,0,0,0,0,0,0,0,1,-1,-1,-1,-1,-1,-1,-1,-1,-1,-1
train_117,5,13,4,0,19,44,5,5,0,0,0.48,0.48,-0.42000000000000004,-3.0,-0.5,1,1,0,0,0,0,1,0,1,0,1,1,0,0,0,0,0,0,0,1,-1,-1,-1,-1,-1
train_117,6,12,4,0,24,58,8,6,0,0,0.48,-3.0,-0.42000000000000004,-3.0,-0.5,0,0,0,0,0,1,1,0,0,0,0,1,0,1,0,1,1,0,0,0,0,0,0,0,1
train_117,7,11,4,0,28,72,8,7,0,0,0.48,0.48,-0.42000000000000004,-3.0,-0.5,0,0,0,0,1,0,0,0,0,0,1,1,0,0,0,0,1,0,1,0,1,1,0,0,0
train_117,8,10,4,0,32,82,9,8,0,0,0.48,0.48,-0.42000000000000004,0.48,-0.5,0,1,0,0,0,0,0,0,0,1,0,0,0,0,0,1,1,0,0,0,0,1,0,1,0
train_117,9,9,4,0,35,88,11,9,0,0,0.48,0.48,-0.42000000000000004,0.48,-0.5,0,0,1,1,0,0,1,0,0,0,0,0,0,0,1,0,0,0,0,0,1,1,0,0,0
train_117,10,8,4,0,40,102,15,10,1,1,-3.0,0.48,-0.42000000000000004,-3.0,-0.5,0,0,0,0,0,0,0,1,1,0,0,1,0,0,0,0,0,0,0,1,0,0,0,0,0
train_117,11,8,5,1,43,108,15,11,1,1,-3.0,0.48,0.48,-0.42000000000000004,-0.5,0,0,0,0,0,0,1,1,0,1,1,0,0,0,0,0,0,0,1,1,0,0,0,0,0
train_117,12,8,6,1,47,116,17,12,0,0,0.48,0.48,-3.0,-0.42000000000000004,-0.5,0,0,0,0,0,1,1,0,1,0,0,0,0,0,1,0,0,1,1,0,0,0,0,0,0
train_117,13,7,6,0,51,130,17,13,0,0,0.48,-3.0,-0.42000000000000004,-3.0,-0.5,0,0,0,0,1,0,0,0,0,0,1,1,0,1,0,0,0,0,0,1,0,0,1,1,0
train_117,14,6,6,0,55,142,18,14,0,0,0.48,0.48,-0.42000000000000004,0.48,-0.5,1,0,0,0,0,0,0,0,0,1,0,0,0,0,0,1,1,0,1,0,0,0,0,0,1
train_117,15,5,6,0,58,152,17,15,0,0,0.48,0.48,-0.42000000000000004,0.48,-0.5,1,0,0,0,1,1,0,0,0,0,0,0,0,0,1,0,0,0,0,0,1,1,0,1,0
train_117,16,4,6,0,61,158,19,16,0,0,0.48,0.48,-0.42000000000000004,0.48,-0.5,1,0,1,0,0,1,0,0,0,1,1,0,0,0,0,0,0,0,0,1,0,0,0,0,0
train_117,17,3,6,0,66,172,22,17,1,4,-3.0,0.48,-0.42000000000000004,0.48,10.0,0,0,0,0,2,1,0,1,0,0,1,0,0,0,1,1,0,0,0,0,0,0,0,0,1
train_117,18,3,7,1,71,186,25,18,0,4,0.48,-3.0,0.48,-0.42000000000000004,10.0,0,0,0,2,0,0,1,0,0,0,0,0,0,1,0,0,0,0,0,0,0,0,0,1,0
train_117,19,2,7,0,75,198,23,19,0,4,0.48,0.48,-0.42000000000000004,-3.0,10.0,0,1,0,0,0,0,0,0,2,0,0,1,0,0,0,0,0,0,1,0,0,0,0,0,0
train_117,20,1,7,0,75,198,23,20,1,1,0.48,10.48,-0.42000000000000004,0.48,10.0,-1,-1,-1,-1,-1,0,1,0,0,0,0,0,0,2,0,0,1,0,0,0,0,0,0,1,0
train_118,0,14,0,4,7,12,5,0,1,1,-3.0,0.48,-3.0,-3.0,-0.5,-1,-1,0,1,0,-1,-1,1,0,0,-1,-1,0,0,0,-1,-1,-1,-1,-1,-1,-1,-1,-1,-1
train_118,1,14,1,1,10,22,6,1,0,0,0.48,0.48,-3.0,-0.42000000000000004,-0.5,-1,0,1,0,0,-1,1,0,0,0,-1,0,0,0,0,-1,-1,-1,-1,-1,-1,-1,-1,-1,-1
train_118,2,13,1,0,14,34,8,2,1,1,-3.0,0.48,-0.42000000000000004,-3.0,-0.5,-1,0,0,0,0,-1,0,1,0,0,-1,1,0,0,0,-1,0,0,0,0,-1,-1,-1,-1,-1
train_118,3,13,2,1,18,48,8,3,0,0,0.48,0.48,0.48,-0.42000000000000004,-0.5,0,0,0,0,0,0,1,0,0,0,1,0,0,0,0,0,0,0,0,0,-1,-1,-1,-1,-1
train_118,4,12,2,0,23,66,6,4,1,0,0.48,0.48,-0.42000000000000004,-3.0,-0.5,0,0,0,0,0,0,0,0,0,0,0,1,0,0,0,1,0,0,0,0,0,0,0,0,0
train_118,5,12,3,1,26,76,5,5,1,0,0.48,0.48,0.48,-0.42000000000000004,-0.5,0,0,0,0,1,0,0,0,0,1,1,0,0,0,0,0,0,0,0,0,0,0,0,0,0
train_118,6,12,4,1,30,84,8,6,1,0,0.48,0.48,0.48,-0.42000000000000004,-0.5,0,0,0,1,0,0,0,0,1,0,0,0,0,0,0,0,0,0,0,1,0,0,0,0,0
train_118,7,12,5,1,35,100,8,7,1,1,-3.0,0.48,0.48,-0.42000000000000004,-0.5,0,0,1,0,0,0,0,1,0,0,0,0,0,0,0,0,0,0,1,0,0,0,0,0,0
train_118,8,12,6,1,39,112,6,8,1,0,0.48,0.48,-3.0,-0.42000000000000004,-0.5,0,1,0,0,0,0,1,0,0,1,0,0,0,0,0,0,0,1,0,0,0,0,0,0,0
train_118,9,12,7,1,41,116,6,9,1,4,0.48,0.48,0.48,-0.42000000000000004,10.0,1,0,0,0,1,1,0,0,1,0,0,0,0,0,2,0,1,0,0,1,0,0,0,0,1
train_118,10,12,8,1,45,122,9,10,1,1,-3.0,10.48,0.48,-0.42000000000000004,10.0,0,0,0,1,0,0,0,1,0,1,0,0,0,2,0,1,0,0,1,0,0,0,0,1,0
train_119,0,14,0,4,9,24,6,0,0,0,0.48,0.48,-3.0,-3.0,-0.5,-1,-1,0,0,0,-1,-1,0,0,0,-1,-1,0,0,0,-1,-1,-1,-1,-1,-1,-1,-1,-1,-1
train_119,1,13,0,0,12,34,4,1,0,0,0.48,0.48,-0.42000000000000004,-3.0,-0.5,-1,-1,0,0,0,-1,-1,0,0,0,-1,-1,0,0,0,-1,-1,0,0,0,-1,-1,-1,-1,-1
train_119,2,12,0,0,13,36,5,2,0,0,0.48,0.48,-0.42000000000000004,-3.0,-0.5,-1,-1,1,1,0,-1,-1,0,0,0,-1,-1,0,0,0,-1,-1,0,0,0,-1,-1,0,0,0
train_119,3,11,0,0,16,42,7,3,1,1,-3.0,0.48,-0.42000000000000004,-3.0,-0.5,-1,-1,0,0,0,-1,-1,1,1,0,-1,-1,0,0,0,-1,-1,0,0,0,-1,-1,0,0,0
train_119,4,11,1,1,20,54,8,4,1,1,-3.0,0.48,0.48,-0.42000000000000004,-0.5,-1,0,0,0,0,-1,1,1,0,0,-1,0,0,0,1,-1,0,0,0,0,-1,0,0,0,0
train_119,5,11,2,1,24,64,11,5,0,0,0.48,-3.0,0.48,-0.42000000000000004,-0.5,0,0,0,0,0,1,1,0,0,1,0,0,0,1,0,0,0,0,0,0,0,0,0,0,0
train_119,6,10,2,0,28,78,11,6,0,0,0.48,0.48,-0.42000000000000004,-3.0,-0.5,1,0,0,0,0,0,0,0,0,0,1,1,0,0,1,0,0,0,1,0,0,0,0,0,0
train_119,7,9,2,0,32,88,11,7,0,0,0.48,0.48,-0.42000000000000004,0.48,-0.5,0,0,0,1,0,1,0,0,0,0,0,0,0,0,0,1,1,0,0,1,0,0,0,1,0
train_119,8,8,2,0,36,98,13,8,0,0,0.48,0.48,-0.42000000000000004,0.48,-0.5,0,1,0,0,0,0,0,0,1,0,1,0,0,0,0,0,0,0,0,0,1,1,0,0,1
train_119,9,7,2,0,40,110,14,9,0,0,0.48,-3.0,-0.42000000000000004,0.48,-0.5,0,1,0,0,0,0,1,0,0,0,0,0,0,1,0,1,0,0,0,0,0,0,0,0,0
train_119,10,6,2,0,45,126,15,10,0,0,0.48,0.48,-0.42000000000000004,-3.0,-0.5,0,0,0,0,0,0,1,0,0,0,0,1,0,0,0,0,0,0,1,0,1,0,0,0,0
train_119,11,5,2,0,49,140,15,11,0,0,0.48,0.48,-0.42000000000000004,-3.0,-0.5,1,0,0,0,0,0,0,0,0,0,0,1,0,0,0,0,1,0,0,0,0,0,0,1,0
train_119,12,4,2,0,53,150,17,12,1,0,0.48,0.48,-0.42000000000000004,0.48,-0.5,0,0,0,1,0,1,0,0,0,0,0,0,0,0,0,0,1,0,0,0,0,1,0,0,0
train_119,13,4,3,1,58,168,17,13,1,0,0.48,0.48,0.48,-0.42000000000000004,-0.5,0,0,1,0,0,0,0,0,0,0,0,0,0,0,0,1,0,0,0,0,1,0,0,0,0
train_119,14,4,4,1,62,180,18,14,1,0,0.48,0.48,0.48,-0.42000000000000004,-0.5,0,1,0,0,0,0,0,0,0,1,0,0,0,0,0,0,0,0,0,0,0,0,0,0,0
train_119,15,4,5,1,67,196,21,15,1,4,0.48,0.48,0.48,-0.42000000000000004,10.0,1,0,0,0,0,0,0,0,1,2,0,0,0,0,0,0,0,0,0,0,0,0,0,0,0
train_119,16,4,6,1,72,214,21,16,1,4,-3.0,0.48,0.48,-0.42000000000000004,10.0,0,0,0,0,0,0,0,1,2,0,0,0,0,0,0,0,0,0,0,0,0,0,0,0,0
train_119,17,4,7,1,76,228,20,17,0,0,10.48,0.48,0.48,-0.42000000000000004,10.0,0,0,0,0,1,0,1,2,0,0,0,0,0,0,0,0,0,0,0,0,0,0,0,0,0
train_120,0,14,0,4,8,20,4,0,0,0,0.48,0.48,-3.0,-3.0,-0.5,-1,-1,0,0,0,-1,-1,0,0,0,-1,-1,0,0,1,-1,-1,-1,-1,-1,-1,-1,-1,-1,-1
train_120,1,13,0,0,11,30,3,1,0,0,0.48,0.48,-0.42000000000000004,-3.0,-0.5,-1,-1,0,0,0,-1,-1,0,0,0,-1,-1,0,0,0,-1,-1,0,0,1,-1,-1,-1,-1,-1
train_120,2,12,0,0,12,32,3,2,1,0,0.48,0.48,-0.42000000000000004,-3.0,-0.5,-1,-1,0,1,1,-1,-1,0,0,0,-1,-1,0,0,0,-1,-1,0,0,0,-1,-1,0,0,1
train_120,3,12,1,1,15,40,4,3,1,0,0.48,0.48,0.48,-0.42000000000000004,-0.5,-1,0,1,1,0,-1,0,0,0,0,-1,0,0,0,0,-1,0,0,0,1,-1,0,0,1,1
train_120,4,12,2,1,20,54,6,4,1,0,0.48,0.48,0.48,-0.42000000000000004,-0.5,0,1,1,0,0,0,0,0,0,0,0,0,0,0,0,0,0,0,1,0,0,0,1,1,0
train_120,5,12,3,1,24,66,5,5,1,0,0.48,0.48,-3.0,-0.42000000000000004,-0.5,1,1,0,0,0,0,0,0,0,1,0,0,0,0,0,0,0,1,0,0,0,1,1,0,0
train_120,6,12,4,1,28,78,6,6,1,0,0.48,0.48,0.48,-0.42000000000000004,-0.5,1,0,0,0,1,0,0,0,1,0,0,0,0,0,0,0,1,0,0,0,1,1,0,0,0
train_120,7,12,5,1,32,92,6,7,1,1,-3.0,0.48,0.48,-0.42000000000000004,-0.5,0,0,0,1,1,0,0,1,0,0,0,0,0,0,0,1,0,0,0,0,1,0,0,0,0
train_120,8,12,6,1,37,108,8,8,1,4,0.48,0.48,0.48,-0.42000000000000004,10.0,0,0,1,1,0,0,1,0,0,0,0,0,0,0,2,0,0,0,0,0,0,0,0,0,0
train_120,9,12,7,1,42,126,7,9,1,1,0.48,10.48,0.48,-0.42000000000000004,10.0,0,1,1,0,0,1,0,0,0,0,0,0,0,2,0,0,0,0,0,0,0,0,0,0,0
train_121,0,14,0,4,7,12,3,0,0,0,0.48,0.48,-3.0,-3.0,-0.5,-1,-1,0,0,1,-1,-1,0,1,0,-1,-1,0,0,0,-1,-1,-1,-1,-1,-1,-1,-1,-1,-1
train_121,1,13,0,0,10,20,3,1,0,0,0.48,-3.0,-0.42000000000000004,-3.0,-0.5,-1,-1,0,0,0,-1,-1,0,0,1,-1,-1,0,1,0,-1,-1,0,0,0,-1,-1,-1,-1,-1
train_121,2,12,0,0,12,24,4,2,0,0,0.48,0.48,-0.42000000000000004,-3.0,-0.5,-1,-1,0,1,0,-1,-1,0,0,0,-1,-1,0,0,1,-1,-1,0,1,0,-1,-1,0,0,0
train_121,3,11,0,0,14,28,5,3,0,0,0.48,0.48,-0.42000000000000004,-3.0,-0.5,-1,-1,0,1,0,-1,-1,0,1,0,-1,-1,0,0,0,-1,-1,0,0,1,-1,-1,0,1,0
train_121,4,10,0,0,17,36,6,4,0,0,0.48,-3.0,-0.42000000000000004,-3.0,-0.5,-1,-1,0,0,0,-1,-1,0,1,0,-1,-1,0,1,0,-1,-1,0,0,0,-1,-1,0,0,1
train_121,5,9,0,0,19,42,7,5,0,0,0.48,-3.0,-0.42000000000000004,-3.0,-0.5,-1,-1,1,0,0,-1,-1,0,0,0,-1,-1,0,1,0,-1,-1,0,1,0,-1,-1,0,0,0
train_121,6,8,0,0,21,48,8,6,1,1,-3.0,0.48,-0.42000000000000004,-3.0,-0.5,-1,-1,1,0,0,-1,-1,1,0,0,-1,-1,0,0,0,-1,-1,0,1,0,-1,-1,0,1,0
train_121,7,8,1,1,26,66,6,7,0,0,0.48,0.48,-3.0,-0.42000000000000004,-0.5,-1,1,0,0,0,-1,1,0,0,0,-1,0,0,0,0,-1,0,1,0,0,-1,0,1,0,0
train_121,8,7,1,0,30,78,7,8,0,0,0.48,0.48,-0.42000000000000004,-3.0,-0.5,-1,0,0,0,0,-1,1,0,0,0,-1,1,0,0,0,-1,0,0,0,0,-1,0,1,0,0
train_121,9,6,1,0,33,86,8,9,0,0,0.48,0.48,-0.42000000000000004,-3.0,-0.5,-1,0,0,1,0,-1,0,0,0,0,-1,1,0,0,0,-1,1,0,0,0,-1,0,0,0,0
train_121,10,5,1,0,37,98,9,10,1,0,0.48,0.48,-0.42000000000000004,0.48,-0.5,-1,0,0,0,0,-1,0,0,1,0,-1,0,0,0,0,-1,1,0,0,0,-1,1,0,0,0
train_121,11,5,2,1,40,108,10,11,1,1,-3.0,0.48,0.48,-0.42000000000000004,-0.5,0,0,0,0,0,0,0,1,0,0,0,0,0,0,0,1,0,0,0,1,1,0,0,0,1
train_121,12,5,3,1,45,122,13,12,1,4,0.48,0.48,0.48,-0.42000000000000004,10.0,0,0,0,0,0,0,1,0,0,0,0,0,0,0,0,0,0,0,1,2,0,0,0,1,0
train_121,13,5,4,1,50,140,13,13,1,4,0.48,0.48,-3.0,-0.42000000000000004,10.0,0,0,0,0,0,1,0,0,0,0,0,0,0,0,0,0,0,1,2,0,0,0,1,0,0
train_121,14,5,5,1,53,148,12,14,2,2,0.48,0.48,10.48,-0.42000000000000004,10.0,0,0,0,0,1,0,0,0,0,0,0,0,0,0,1,0,1,2,0,0,0,1,0,0,0
train_122,0,14,0,4,8,18,6,0,1,1,-3.0,0.48,-3.0,-3.0,-0.5,-1,-1,0,0,0,-1,-1,1,0,0,-1,-1,0,0,0,-1,-1,-1,-1,-1,-1,-1,-1,-1,-1
train_122,1,14,1,1,11,28,6,1,0,0,0.48,0.48,-3.0,-0.42000000000000004,-0.5,-1,0,0,0,0,-1,1,0,0,0,-1,0,0,0,0,-1,-1,-1,-1,-1,-1,-1,-1,-1,-1
train_122,2,13,1,0,15,42,7,2,1,0,0.48,0.48,-0.42000000000000004,-3.0,-0.5,-1,0,0,0,0,-1,0,0,0,0,-1,1,0,0,0,-1,0,0,0,0,-1,-1,-1,-1,-1
train_122,3,13,2,1,18,50,7,3,1,0,0.48,0.48,0.48,-0.42000000000000004,-0.5,0,0,0,0,0,0,0,0,0,1,1,0,0,0,0,0,0,0,0,0,-1,-1,-1,-1,-1
train_122,4,13,3,1,21,58,8,4,1,4,0.48,0.48,0.48,-0.42000000000000004,10.0,0,0,0,0,0,0,0,0,1,2,0,0,0,0,0,0,0,0,0,1,-1,-1,-1,-1,-1
train_122,5,13,4,1,24,66,8,5,1,4,-3.0,0.48,0.48,-0.42000000000000004,10.0,0,0,0,0,1,0,0,1,2,0,0,0,0,0,0,0,0,0,1,0,-1,-1,-1,-1,-1
train_122,6,13,5,1,27,74,10,6,0,0,10.48,0.48,-3.0,-0.42000000000000004,10.0,0,0,0,1,0,0,1,2,0,0,0,0,0,0,0,0,0,1,0,1,-1,-1,-1,-1,-1
train_123,0,14,0,4,9,24,2,0,0,0,0.48,0.48,-3.0,-3.0,-0.5,-1,-1,0,0,0,-1,-1,0,0,0,-1,-1,0,0,0,-1,-1,-1,-1,-1,-1,-1,-1,-1,-1
train_123,1,13,0,0,10,26,3,1,0,0,0.48,0.48,-0.42000000000000004,-3.0,-0.5,-1,-1,1,1,0,-1,-1,0,0,0,-1,-1,0,0,0,-1,-1,0,0,0,-1,-1,-1,-1,-1
train_123,2,12,0,0,12,28,5,2,1,1,-3.0,0.48,-0.42000000000000004,-3.0,-0.5,-1,-1,0,1,0,-1,-1,1,1,0,-1,-1,0,0,0,-1,-1,0,0,0,-1,-1,0,0,0
train_123,3,12,1,1,15,38,6,3,1,1,-3.0,0.48,0.48,-0.42000000000000004,-0.5,-1,0,1,0,0,-1,1,1,0,0,-1,0,0,0,0,-1,0,0,0,1,-1,0,0,0,1
train_123,4,12,2,1,18,48,7,4,0,0,0.48,0.48,0.48,-0.42000000000000004,-0.5,0,1,0,0,0,1,1,0,0,0,0,0,0,0,0,0,0,0,1,1,0,0,0,1,1
train_123,5,11,2,0,22,60,7,5,0,0,0.48,0.48,-0.42000000000000004,-3.0,-0.5,0,1,0,0,0,0,1,0,0,0,1,1,0,0,0,0,0,0,0,0,0,0,0,1,1
train_123,6,10,2,0,26,72,6,6,0,0,0.48,0.48,-0.42000000000000004,-3.0,-0.5,0,0,0,0,1,0,1,0,0,0,0,1,0,0,0,1,1,0,0,0,0,0,0,0,0
train_123,7,9,2,0,28,76,6,7,0,0,0.48,0.48,-0.42000000000000004,-3.0,-0.5,0,1,1,0,1,0,0,0,0,1,0,1,0,0,0,0,1,0,0,0,1,1,0,0,0
train_123,8,8,2,0,31,82,6,8,1,1,-3.0,0.48,-0.42000000000000004,0.48,-0.5,0,1,0,0,1,0,1,1,0,1,0,0,0,0,1,0,1,0,0,0,0,1,0,0,0
train_123,9,8,3,1,36,94,9,9,0,0,0.48,-3.0,0.48,-0.42000000000000004,-0.5,1,0,0,1,0,1,1,0,1,0,0,0,0,1,0,1,0,0,0,0,1,0,0,0,0
train_123,10,7,3,0,40,104,11,10,0,0,0.48,-3.0,-0.42000000000000004,-3.0,-0.5,0,0,0,1,0,1,0,0,1,0,1,1,0,1,0,0,0,0,1,0,1,0,0,0,0
train_123,11,6,3,0,45,120,13,11,0,0,0.48,-3.0,-0.42000000000000004,0.48,-0.5,0,0,0,0,0,0,0,0,1,0,1,0,0,1,0,1,1,0,1,0,0,0,0,1,0
train_123,12,5,3,0,49,132,14,12,0,0,0.48,-3.0,-0.42000000000000004,0.48,-0.5,0,1,0,0,0,0,0,0,0,0,0,0,0,1,0,1,0,0,1,0,1,1,0,1,0
train_123,13,4,3,0,53,144,15,13,0,0,0.48,0.48,-0.42000000000000004,0.48,-0.5,0,1,0,0,0,0,1,0,0,0,0,0,0,0,0,0,0,0,1,0,1,0,0,1,0
train_123,14,3,3,0,57,156,15,14,0,4,0.48,0.48,-0.42000000000000004,-3.0,10.0,0,2,0,0,1,0,1,0,0,0,0,1,0,0,0,0,0,0,0,0,0,0,0,1,0
train_123,15,2,3,0,61,168,13,15,0,4,0.48,0.48,-0.42000000000000004,-3.0,10.0,1,0,0,0,0,0,2,0,0,1,0,1,0,0,0,0,1,0,0,0,0,0,0,0,0
train_123,16,1,3,0,61,168,13,16,3,3,0.48,0.48,-0.42000000000000004,10.48,10.0,-1,-1,-1,-1,-1,1,0,0,0,0,0,2,0,0,1,0,1,0,0,0,0,1,0,0,0
train_124,0,14,0,4,9,24,5,0,0,0,0.48,0.48,-3.0,-3.0,-0.5,-1,-1,0,0,0,-1,-1,0,0,0,-1,-1,0,0,0,-1,-1,-1,-1,-1,-1,-1,-1,-1,-1
train_124,1,13,0,0,12,34,6,1,0,0,0.48,0.48,-0.42000000000000004,-3.0,-0.5,-1,-1,0,0,0,-1,-1,0,0,0,-1,-1,0,0,0,-1,-1,0,0,0,-1,-1,-1,-1,-1
train_124,2,12,0,0,15,44,7,2,0,0,0.48,0.48,-0.42000000000000004,-3.0,-0.5,-1,-1,0,0,0,-1,-1,0,0,0,-1,-1,0,0,0,-1,-1,0,0,0,-1,-1,0,0,0
train_124,3,11,0,0,18,54,8,3,1,0,0.48,0.48,-0.42000000000000004,-3.0,-0.5,-1,-1,0,0,0,-1,-1,0,0,0,-1,-1,0,0,0,-1,-1,0,0,0,-1,-1,0,0,0
train_124,4,11,1,1,23,72,7,4,1,0,0.48,0.48,0.48,-0.42000000000000004,-0.5,-1,0,0,0,0,-1,0,0,0,0,-1,0,0,0,0,-1,0,0,0,0,-1,0,0,0,0
train_124,5,11,2,1,26,80,7,5,1,0,0.48,0.48,0.48,-0.42000000000000004,-0.5,0,0,0,0,0,0,0,0,0,1,0,0,0,0,0,0,0,0,0,0,0,0,0,0,1
train_124,6,11,3,1,30,88,11,6,1,0,0.48,0.48,0.48,-0.42000000000000004,-0.5,0,0,0,0,0,0,0,0,1,0,0,0,0,0,0,0,0,0,0,1,0,0,0,1,0
train_124,7,11,4,1,35,104,14,7,1,1,-3.0,0.48,0.48,-0.42000000000000004,-0.5,0,0,0,0,0,0,0,1,0,0,0,0,0,0,0,0,0,0,1,0,0,0,1,0,0
train_124,8,11,5,1,40,122,14,8,0,4,0.48,0.48,-3.0,-0.42000000000000004,10.0,0,0,0,0,0,0,1,0,0,2,0,0,0,0,0,0,0,1,0,0,0,1,0,0,0
train_124,9,10,5,0,44,136,14,9,1,4,0.48,0.48,-0.42000000000000004,-3.0,10.0,0,0,0,0,1,0,0,0,0,0,0,1,0,0,2,0,0,0,0,0,0,0,1,0,0
train_124,10,10,6,1,49,152,16,10,1,1,0.48,10.48,0.48,-0.42000000000000004,10.0,0,0,0,1,0,0,0,0,0,0,1,0,0,2,0,0,0,0,0,0,0,1,0,0,0
train_125,0,14,0,4,8,18,5,0,1,1,-3.0,0.48,-3.0,-3.0,-0.5,-1,-1,0,0,0,-1,-1,1,0,0,-1,-1,0,0,0,-1,-1,-1,-1,-1,-1,-1,-1,-1,-1
train_125,1,14,1,1,11,28,4,1,0,0,0.48,0.48,-3.0,-0.42000000000000004,-0.5,-1,0,0,0,0,-1,1,0,0,0,-1,0,0,0,0,-1,-1,-1,-1,-1,-1,-1,-1,-1,-1
train_125,2,13,1,0,14,36,4,2,0,0,0.48,0.48,-0.42000000000000004,-3.0,-0.5,-1,0,1,0,0,-1,0,0,0,0,-1,1,0,0,0,-1,0,0,0,0,-1,-1,-1,-1,-1
train_125,3,12,1,0,16,42,5,3,1,1,-3.0,0.48,-0.42000000000000004,0.48,-0.5,-1,1,1,0,0,-1,0,1,0,0,-1,0,0,0,0,-1,1,0,0,0,-1,0,0,0,0
train_125,4,12,2,1,19,50,6,4,0,0,0.48,0.48,0.48,-0.42000000000000004,-0.5,1,1,0,0,0,0,1,0,0,0,0,0,0,0,1,1,0,0,0,0,0,0,0,0,1
train_125,5,11,2,0,23,62,7,5,0,0,0.48,0.48,-0.42000000000000004,-3.0,-0.5,1,0,0,0,0,1,1,0,0,0,0,1,0,0,0,0,0,0,0,1,1,0,0,0,0
train_125,6,10,2,0,27,74,8,6,0,0,0.48,0.48,-0.42000000000000004,-3.0,-0.5,0,0,0,0,1,1,0,0,0,0,1,1,0,0,0,0,1,0,0,0,0,0,0,0,1
train_125,7,9,2,0,32,90,9,7,1,0,0.48,0.48,-0.42000000000000004,0.48,-0.5,0,0,0,0,0,0,0,0,0,1,1,0,0,0,0,1,1,0,0,0,0,1,0,0,0
train_125,8,9,3,1,37,106,12,8,1,0,0.48,0.48,0.48,-0.42000000000000004,-0.5,0,0,0,0,0,0,0,0,1,0,0,0,0,0,0,1,0,0,0,0,1,0,0,0,0
train_125,9,9,4,1,42,124,13,9,1,1,-3.0,0.48,0.48,-0.42000000000000004,-0.5,0,0,0,0,0,0,0,1,0,0,0,0,0,0,0,0,0,0,0,0,0,0,0,0,0
train_125,10,9,5,1,46,136,15,10,1,0,0.48,0.48,0.48,-0.42000000000000004,-0.5,0,0,0,0,0,0,1,0,0,1,0,0,0,0,0,0,0,0,0,0,0,0,0,0,0
train_125,11,9,6,1,51,152,17,11,1,0,0.48,0.48,0.48,-0.42000000000000004,-0.5,0,0,0,0,0,1,0,0,1,0,0,0,0,0,0,0,0,0,0,0,0,0,0,0,0
train_125,12,9,7,1,55,166,18,12,1,1,-3.0,0.48,0.48,-0.42000000000000004,-0.5,0,0,0,0,1,0,0,1,0,0,0,0,0,0,0,0,0,0,0,0,0,0,0,0,0
train_125,13,9,8,1,59,180,18,13,0,0,0.48,0.48,0.48,-0.42000000000000004,-0.5,0,0,0,1,1,0,1,0,0,0,0,0,0,0,0,0,0,0,0,0,0,0,0,0,0
train_125,14,8,8,0,63,190,19,14,1,4,0.48,0.48,-0.42000000000000004,-3.0,10.0,0,0,0,1,2,0,0,0,1,1,0,1,0,0,0,0,0,0,0,0,0,0,0,0,0
train_125,15,8,9,1,67,202,20,15,1,4,-3.0,0.48,0.48,-0.42000000000000004,10.0,0,0,1,2,0,0,0,1,1,0,1,0,0,0,0,0,0,0,0,0,0,0,0,0,1
train_125,16,8,10,1,71,212,23,16,1,4,-3.0,0.48,0.48,-0.42000000000000004,10.0,0,1,2,0,0,0,1,1,0,0,0,0,0,0,1,0,0,0,0,0,0,0,0,1,0
train_125,17,8,11,1,76,228,26,17,0,4,0.48,-3.0,0.48,-0.42000000000000004,10.0,1,2,0,0,0,1,1,0,0,0,0,0,0,1,0,0,0,0,0,0,0,0,1,0,0
train_125,18,7,11,0,80,242,26,18,0,4,0.48,0.48,-0.42000000000000004,-3.0,10.0,1,0,0,0,0,1,2,0,0,0,1,1,0,0,0,0,0,0,1,0,0,0,0,0,0
train_125,19,6,11,0,85,258,28,19,3,3,0.48,0.48,-0.42000000000000004,10.48,10.0,0,0,0,0,0,1,0,0,0,0,1,2,0,0,0,1,1,0,0,0,0,0,0,1,0
train_126,0,14,0,4,8,20,2,0,0,0,0.48,0.48,-3.0,-3.0,-0.5,-1,-1,0,0,1,-1,-1,0,0,0,-1,-1,0,0,0,-1,-1,-1,-1,-1,-1,-1,-1,-1,-1
train_126,1,13,0,0,10,24,4,1,0,0,0.48,0.48,-0.42000000000000004,-3.0,-0.5,-1,-1,1,0,0,-1,-1,0,0,1,-1,-1,0,0,0,-1,-1,0,0,0,-1,-1,-1,-1,-1
train_126,2,12,0,0,13,32,4,2,1,1,-3.0,0.48,-0.42000000000000004,-3.0,-0.5,-1,-1,0,0,0,-1,-1,1,0,0,-1,-1,0,0,1,-1,-1,0,0,0,-1,-1,0,0,0
train_126,3,12,1,1,16,40,5,3,0,0,0.48,-3.0,0.48,-0.42000000000000004,-0.5,-1,0,0,0,0,-1,1,0,0,0,-1,0,0,1,1,-1,0,0,0,0,-1,0,0,0,1
train_126,4,11,1,0,18,44,4,4,1,0,0.48,0.48,-0.42000000000000004,-3.0,-0.5,-1,1,0,1,0,-1,0,0,0,0,-1,1,0,0,0,-1,0,0,1,1,-1,0,0,0,0
train_126,5,11,2,1,22,56,3,5,1,0,0.48,0.48,-3.0,-0.42000000000000004,-0.5,1,0,1,0,0,0,0,0,0,0,1,0,0,0,0,0,0,1,1,1,0,0,0,0,0
train_126,6,11,3,1,25,64,4,6,1,0,0.48,0.48,-3.0,-0.42000000000000004,-0.5,0,1,0,0,1,0,0,0,0,1,0,0,0,0,0,0,1,1,1,0,0,0,0,0,0
train_126,7,11,4,1,30,78,7,7,1,0,0.48,0.48,-3.0,-0.42000000000000004,-0.5,1,0,0,1,0,0,0,0,1,0,0,0,0,0,0,1,1,1,0,0,0,0,0,0,0
train_126,8,11,5,1,34,90,9,8,1,1,-3.0,0.48,0.48,-0.42000000000000004,-0.5,0,0,1,0,0,0,0,1,0,1,0,0,0,0,0,1,1,0,0,0,0,0,0,0,0
train_126,9,11,6,1,39,106,10,9,0,0,0.48,0.48,0.48,-0.42000000000000004,-0.5,0,1,0,0,0,0,1,0,1,0,0,0,0,0,0,1,0,0,0,0,0,0,0,0,0
train_126,10,10,6,0,43,118,10,10,0,0,0.48,-3.0,-0.42000000000000004,-3.0,-0.5,0,0,0,0,1,0,1,0,0,0,0,1,0,1,0,0,0,0,0,0,1,0,0,0,0
train_126,11,9,6,0,46,126,10,11,1,0,0.48,0.48,-0.42000000000000004,-3.0,-0.5,0,1,0,0,1,0,0,0,0,1,0,1,0,0,0,0,1,0,1,0,0,0,0,0,0
train_126,12,9,7,1,50,134,13,12,1,4,0.48,0.48,-3.0,-0.42000000000000004,10.0,1,0,0,1,0,0,0,0,1,2,1,0,0,0,0,1,0,1,0,1,0,0,0,0,0
train_126,13,9,8,1,55,150,14,13,1,4,-3.0,0.48,0.48,-0.42000000000000004,10.0,0,0,1,0,0,0,0,1,2,0,0,0,0,0,0,0,1,0,1,0,0,0,0,0,0
train_126,14,9,9,1,59,162,14,14,0,0,10.48,0.48,-3.0,-0.42000000000000004,10.0,0,1,0,0,0,0,1,2,0,0,0,0,0,0,0,1,0,1,0,1,0,0,0,0,0
train_127,0,14,0,4,8,20,2,0,0,4,0.48,0.48,-3.0,-3.0,10.0,-1,-1,0,2,0,-1,-1,0,0,0,-1,-1,0,0,1,-1,-1,-1,-1,-1,-1,-1,-1,-1,-1
train_127,1,13,0,0,10,26,3,1,0,4,0.48,0.48,-0.42000000000000004,-3.0,10.0,-1,-1,1,0,0,-1,-1,0,2,0,-1,-1,0,0,0,-1,-1,0,0,1,-1,-1,-1,-1,-1
train_127,2,12,0,0,13,34,4,2,1,1,-3.0,10.48,-0.42000000000000004,-3.0,10.0,-1,-1,0,0,0,-1,-1,1,0,0,-1,-1,0,2,0,-1,-1,0,0,0,-1,-1,0,0,1
train_128,0,14,0,4,6,8,3,0,1,1,-3.0,0.48,-3.0,-3.0,-0.5,-1,-1,0,0,1,-1,-1,1,1,0,-1,-1,0,0,0,-1,-1,-1,-1,-1,-1,-1,-1,-1,-1
train_128,1,14,1,1,9,16,5,1,1,1,-3.0,0.48,-3.0,-0.42000000000000004,-0.5,-1,0,0,1,0,-1,1,1,0,0,-1,0,0,0,0,-1,-1,-1,-1,-1,-1,-1,-1,-1,-1
train_128,2,14,2,1,12,26,6,2,0,0,0.48,0.48,-3.0,-0.42000000000000004,-0.5,0,0,1,0,0,1,1,0,0,0,0,0,0,0,0,-1,-1,-1,-1,-1,-1,-1,-1,-1,-1
train_128,3,13,2,0,16,36,6,3,1,1,-3.0,0.48,-0.42000000000000004,-3.0,-0.5,0,1,0,0,0,0,0,1,0,0,1,1,0,0,0,0,0,0,0,0,-1,-1,-1,-1,-1
train_128,4,13,3,1,20,50,6,4,0,0,0.48,0.48,0.48,-0.42000000000000004,-0.5,1,0,0,0,0,0,1,0,0,0,1,0,0,0,0,0,0,0,0,0,-1,-1,-1,-1,-1
train_128,5,12,3,0,23,56,9,5,0,0,0.48,0.48,-0.42000000000000004,-3.0,-0.5,0,1,1,0,0,1,0,0,0,0,0,1,0,0,0,1,0,0,0,0,0,0,0,0,0
train_128,6,11,3,0,27,66,8,6,1,1,-3.0,0.48,-0.42000000000000004,0.48,-0.5,0,1,0,0,0,0,1,1,0,0,1,0,0,0,0,0,1,0,0,0,1,0,0,0,0
train_128,7,11,4,1,31,80,6,7,0,0,0.48,0.48,0.48,-0.42000000000000004,-0.5,1,0,0,0,1,1,1,0,0,0,0,0,0,0,0,1,0,0,0,0,0,0,0,0,0
train_128,8,10,4,0,33,82,7,8,0,0,0.48,0.48,-0.42000000000000004,-3.0,-0.5,1,0,1,1,0,1,0,0,0,1,1,1,0,0,0,0,0,0,0,0,1,0,0,0,0
train_128,9,9,4,0,38,94,8,9,3,1,-3.0,0.48,-0.42000000000000004,0.48,-0.5,0,0,0,0,0,1,0,1,1,0,1,0,0,0,1,1,1,0,0,0,0,0,0,0,0
train_128,10,9,3,3,39,96,7,10,0,0,0.48,-0.42000000000000004,-3.0,-3.0,-0.5,1,0,0,0,0,0,1,0,1,1,0,1,0,0,0,0,1,1,0,0,1,0,0,0,0
train_128,11,8,3,0,42,102,7,11,0,0,0.48,-3.0,-0.42000000000000004,-3.0,-0.5,0,0,1,0,1,1,0,0,0,0,0,1,0,1,1,0,1,0,0,0,0,1,1,0,0
train_128,12,7,3,0,45,108,9,12,3,1,-3.0,0.48,-0.42000000000000004,0.48,-0.5,0,0,1,1,0,0,0,1,0,1,1,0,0,0,0,0,1,0,1,1,0,1,0,0,0
train_128,13,7,2,3,47,110,9,13,0,0,0.48,-0.42000000000000004,-3.0,-3.0,-0.5,0,0,0,1,1,1,0,0,1,0,0,1,0,0,0,1,0,1,0,1,1,0,1,0,0
train_128,14,6,2,0,50,116,10,14,0,0,0.48,-3.0,-0.42000000000000004,0.48,-0.5,0,0,1,1,0,0,0,0,1,1,1,0,0,1,0,0,1,0,0,0,1,0,1,0,1
train_128,15,5,2,0,53,122,11,15,3,3,-3.0,-3.0,-0.42000000000000004,0.48,-0.5,0,0,1,0,1,0,0,1,1,0,0,0,0,1,1,1,0,0,1,0,0,1,0,0,0
train_128,16,5,1,3,53,122,11,16,0,0,0.48,-0.42000000000000004,0.48,0.48,-0.5,-1,0,0,1,0,-1,0,0,1,1,-1,0,0,0,1,-1,1,0,0,1,-1,0,1,0,0
train_128,17,4,1,0,57,134,12,17,0,4,0.48,-3.0,-0.42000000000000004,0.48,10.0,-1,0,0,0,2,-1,0,0,1,0,-1,0,0,1,1,-1,0,0,0,1,-1,1,0,0,1
train_128,18,3,1,0,60,144,12,18,0,4,0.48,-3.0,-0.42000000000000004,0.48,10.0,-1,0,0,0,1,-1,0,0,0,2,-1,0,0,1,0,-1,0,0,1,1,-1,0,0,0,1
train_128,19,2,1,0,63,154,9,19,1,4,0.48,0.48,-0.42000000000000004,0.48,10.0,-1,0,0,0,1,-1,0,0,0,1,-1,0,0,0,2,-1,0,0,1,0,-1,0,0,1,1
train_128,20,2,2,1,66,160,11,20,1,1,0.48,10.48,-3.0,-0.42000000000000004,10.0,0,0,0,1,0,0,0,0,1,0,0,0,0,2,0,0,0,1,0,1,0,0,1,1,0
train_129,0,14,0,4,6,10,5,0,0,0,0.48,-3.0,-3.0,-3.0,-0.5,-1,-1,0,0,0,-1,-1,0,1,0,-1,-1,0,1,1,-1,-1,-1,-1,-1,-1,-1,-1,-1,-1
train_129,1,13,0,0,9,20,5,1,0,0,0.48,-3.0,-0.42000000000000004,-3.0,-0.5,-1,-1,0,0,0,-1,-1,0,0,0,-1,-1,0,1,0,-1,-1,0,1,1,-1,-1,-1,-1,-1
train_129,2,12,0,0,11,24,6,2,0,0,0.48,0.48,-0.42000000000000004,-3.0,-0.5,-1,-1,0,1,0,-1,-1,0,0,0,-1,-1,0,0,0,-1,-1,0,1,0,-1,-1,0,1,1
train_129,3,11,0,0,14,32,7,3,0,0,0.48,0.48,-0.42000000000000004,-3.0,-0.5,-1,-1,0,0,0,-1,-1,0,1,0,-1,-1,0,0,0,-1,-1,0,0,0,-1,-1,0,1,0
train_129,4,10,0,0,16,36,8,4,0,0,0.48,-3.0,-0.42000000000000004,-3.0,-0.5,-1,-1,0,1,0,-1,-1,0,0,0,-1,-1,0,1,0,-1,-1,0,0,0,-1,-1,0,0,0
train_129,5,9,0,0,19,44,9,5,0,0,0.48,0.48,-0.42000000000000004,-3.0,-0.5,-1,-1,0,0,0,-1,-1,0,1,0,-1,-1,0,0,0,-1,-1,0,1,0,-1,-1,0,0,0
train_129,6,8,0,0,22,54,9,6,0,0,0.48,-3.0,-0.42000000000000004,-3.0,-0.5,-1,-1,0,0,0,-1,-1,0,0,0,-1,-1,0,1,0,-1,-1,0,0,0,-1,-1,0,1,0
train_129,7,7,0,0,24,58,9,7,0,0,0.48,0.48,-0.42000000000000004,-3.0,-0.5,-1,-1,0,1,0,-1,-1,0,0,0,-1,-1,0,0,0,-1,-1,0,1,0,-1,-1,0,0,0
train_129,8,6,0,0,26,62,10,8,1,0,0.48,0.48,-0.42000000000000004,-3.0,-0.5,-1,-1,0,0,1,-1,-1,0,1,0,-1,-1,0,0,0,-1,-1,0,0,0,-1,-1,0,1,0
train_129,9,6,1,1,30,72,11,9,1,1,-3.0,0.48,0.48,-0.42000000000000004,-0.5,-1,0,0,1,0,-1,0,1,0,0,-1,0,0,0,0,-1,0,0,0,1,-1,0,1,0,0
train_129,10,6,2,1,33,78,11,10,1,0,0.48,0.48,0.48,-0.42000000000000004,-0.5,0,0,1,0,0,0,1,0,0,1,0,0,0,0,0,0,0,0,1,1,0,1,0,0,0
train_129,11,6,3,1,37,88,13,11,1,0,0.48,0.48,-3.0,-0.42000000000000004,-0.5,0,1,0,0,1,1,0,0,1,0,0,0,0,0,0,0,0,1,1,0,1,0,0,0,0
train_129,12,6,4,1,41,98,14,12,1,1,-3.0,0.48,-3.0,-0.42000000000000004,-0.5,1,0,0,1,0,0,0,1,0,0,0,0,0,0,1,0,1,1,0,0,0,0,0,0,0
train_129,13,6,5,1,45,110,15,13,0,0,0.48,-3.0,0.48,-0.42000000000000004,-0.5,0,0,1,0,1,0,1,0,0,0,0,0,0,1,0,1,1,0,0,0,0,0,0,0,0
train_129,14,5,5,0,48,114,16,14,1,1,-3.0,0.48,-0.42000000000000004,-3.0,-0.5,1,0,0,1,0,0,0,1,0,1,0,1,0,0,0,0,0,0,1,0,1,1,0,0,0
train_129,15,5,6,1,51,120,16,15,1,0,0.48,0.48,-3.0,-0.42000000000000004,-0.5,0,0,1,0,0,0,1,0,1,1,1,0,0,0,0,0,0,1,0,1,1,0,0,0,0
train_129,16,5,7,1,55,130,19,16,1,4,-3.0,0.48,0.48,-0.42000000000000004,10.0,0,1,0,0,0,1,0,1,1,0,0,0,0,0,2,0,1,0,1,0,0,0,0,0,1
train_129,17,5,8,1,60,146,20,17,1,1,-3.0,10.48,-3.0,-0.42000000000000004,10.0,1,0,0,0,0,0,1,1,0,0,0,0,0,2,0,1,0,1,0,0,0,0,0,1,0
train_130,0,14,0,4,8,20,4,0,0,0,0.48,0.48,-3.0,-3.0,-0.5,-1,-1,0,0,1,-1,-1,0,0,0,-1,-1,0,0,0,-1,-1,-1,-1,-1,-1,-1,-1,-1,-1
train_130,1,13,0,0,11,28,3,1,0,0,0.48,0.48,-0.42000000000000004,-3.0,-0.5,-1,-1,0,0,0,-1,-1,0,0,1,-1,-1,0,0,0,-1,-1,0,0,0,-1,-1,-1,-1,-1
train_130,2,12,0,0,12,30,3,2,0,0,0.48,0.48,-0.42000000000000004,-3.0,-0.5,-1,-1,1,1,0,-1,-1,0,0,0,-1,-1,0,0,1,-1,-1,0,0,0,-1,-1,0,0,0
train_130,3,11,0,0,15,36,4,3,1,1,-3.0,0.48,-0.42000000000000004,-3.0,-0.5,-1,-1,0,0,0,-1,-1,1,1,0,-1,-1,0,0,0,-1,-1,0,0,1,-1,-1,0,0,0
train_130,4,11,1,1,18,42,7,4,1,1,-3.0,0.48,0.48,-0.42000000000000004,-0.5,-1,0,0,0,0,-1,1,1,0,1,-1,0,0,0,1,-1,0,0,1,0,-1,0,0,0,0
train_130,5,11,2,1,23,56,11,5,0,0,0.48,-3.0,-3.0,-0.42000000000000004,-0.5,0,0,0,0,0,1,1,0,1,0,0,0,0,1,0,0,0,1,0,0,0,0,0,0,0
train_130,6,10,2,0,26,64,11,6,0,0,0.48,-3.0,-0.42000000000000004,-3.0,-0.5,1,0,1,0,0,0,0,0,0,0,1,1,0,1,0,0,0,0,1,0,0,0,1,0,0
train_130,7,9,2,0,30,72,13,7,1,1,-3.0,0.48,-0.42000000000000004,0.48,-0.5,0,0,0,1,0,1,0,1,0,0,0,0,0,0,0,1,1,0,1,0,0,0,0,1,0
train_130,8,9,3,1,34,86,14,8,0,0,0.48,0.48,-3.0,-0.42000000000000004,-0.5,0,0,1,0,1,0,1,0,0,0,0,0,0,0,0,1,0,1,0,0,0,0,1,0,0
train_130,9,8,3,0,39,100,16,9,1,1,-3.0,0.48,-0.42000000000000004,-3.0,-0.5,0,0,0,0,0,0,0,1,0,1,0,1,0,0,0,0,0,0,0,0,1,0,1,0,0
train_130,10,8,4,1,43,112,16,10,0,0,0.48,0.48,0.48,-0.42000000000000004,-0.5,0,0,0,0,1,0,1,0,1,0,1,0,0,0,0,0,0,0,0,0,0,1,0,0,0
train_130,11,7,4,0,46,122,16,11,0,0,0.48,-3.0,-0.42000000000000004,-3.0,-0.5,0,0,0,1,1,0,0,0,0,1,0,1,0,1,0,1,0,0,0,0,0,0,0,0,0
train_130,12,6,4,0,50,132,18,12,0,0,0.48,0.48,-0.42000000000000004,0.48,-0.5,1,0,0,0,0,0,0,0,1,1,0,0,0,0,1,0,1,0,1,0,1,0,0,0,0
train_130,13,5,4,0,53,140,18,13,0,0,0.48,-3.0,-0.42000000000000004,0.48,-0.5,1,0,0,1,0,1,0,0,0,0,0,0,0,1,1,0,0,0,0,1,0,1,0,1,0
train_130,14,4,4,0,58,154,20,14,0,0,0.48,0.48,-0.42000000000000004,0.48,-0.5,0,0,0,0,0,1,0,0,1,0,1,0,0,0,0,0,0,0,1,1,0,0,0,0,1
train_130,15,3,4,0,61,162,21,15,0,0,0.48,-3.0,-0.42000000000000004,0.48,-0.5,1,0,1,0,0,0,0,0,0,0,1,0,0,1,0,1,0,0,0,0,0,0,0,1,1
train_130,16,2,4,0,66,176,20,16,1,1,-3.0,0.48,-0.42000000000000004,0.48,-0.5,0,0,0,0,0,1,0,1,0,0,0,0,0,0,0,1,0,0,1,0,1,0,0,0,0
train_130,17,2,5,1,70,188,20,17,1,4,0.48,0.48,-3.0,-0.42000000000000004,10.0,0,0,0,0,0,0,1,0,0,0,0,0,0,0,2,0,0,1,0,1,0,0,0,0,0
train_130,18,2,6,1,74,200,19,18,1,1,0.48,10.48,0.48,-0.42000000000000004,10.0,0,0,0,0,1,1,0,0,0,0,0,0,0,2,0,0,1,0,1,0,0,0,0,0,0
train_131,0,14,0,4,6,8,3,0,0,0,0.48,-3.0,-3.0,-3.0,-0.5,-1,-1,0,0,0,-1,-1,0,1,1,-1,-1,0,1,0,-1,-1,-1,-1,-1,-1,-1,-1,-1,-1
train_131,1,13,0,0,7,10,2,1,0,0,0.48,-3.0,-0.42000000000000004,-3.0,-0.5,-1,-1,1,0,1,-1,-1,0,0,0,-1,-1,0,1,1,-1,-1,0,1,0,-1,-1,-1,-1,-1
train_131,2,12,0,0,8,10,2,2,1,1,-3.0,0.48,-0.42000000000000004,-3.0,-0.5,-1,-1,0,1,1,-1,-1,1,0,1,-1,-1,0,0,0,-1,-1,0,1,1,-1,-1,0,1,0
train_131,3,12,1,1,13,22,5,3,1,0,0.48,0.48,-3.0,-0.42000000000000004,-0.5,-1,0,1,1,0,-1,1,0,1,0,-1,0,0,0,0,-1,0,1,1,0,-1,0,1,0,0
train_131,4,12,2,1,17,36,5,4,1,1,-3.0,0.48,-3.0,-0.42000000000000004,-0.5,0,1,1,0,0,1,0,1,0,0,0,0,0,0,0,0,1,1,0,0,0,1,0,0,1
train_131,5,12,3,1,21,46,6,5,0,0,0.48,0.48,0.48,-0.42000000000000004,-0.5,1,1,0,0,0,0,1,0,0,0,0,0,0,0,1,1,1,0,0,0,1,0,0,1,0
train_131,6,11,3,0,26,60,5,6,0,0,0.48,0.48,-0.42000000000000004,-3.0,-0.5,0,0,0,0,0,1,1,0,0,0,0,1,0,0,0,0,0,0,0,1,1,1,0,0,0
train_131,7,10,3,0,27,62,5,7,0,0,0.48,0.48,-0.42000000000000004,-3.0,-0.5,1,0,1,1,1,0,0,0,0,0,1,1,0,0,0,0,1,0,0,0,0,0,0,0,1
train_131,8,9,3,0,32,72,11,8,3,1,-3.0,0.48,-0.42000000000000004,0.48,-0.5,0,0,0,0,0,1,0,1,1,1,0,0,0,0,0,1,1,0,0,0,0,1,0,0,0
train_131,9,9,2,3,33,74,11,9,0,0,0.48,-0.42000000000000004,-3.0,0.48,-0.5,0,0,0,0,0,1,1,0,1,1,1,0,0,0,0,0,1,1,0,0,1,0,1,0,0
train_131,10,8,2,0,38,92,10,10,0,4,0.48,-3.0,-0.42000000000000004,-3.0,10.0,0,0,0,2,0,0,0,0,0,0,1,1,0,1,1,1,0,0,0,0,0,1,1,0,0
train_131,11,7,2,0,41,100,10,11,0,4,0.48,0.48,-0.42000000000000004,0.48,10.0,0,0,1,0,1,0,0,0,2,0,0,0,0,0,0,1,1,0,1,1,1,0,0,0,0
train_131,12,6,2,0,46,114,11,12,1,1,-3.0,10.48,-0.42000000000000004,0.48,10.0,0,0,0,0,0,0,0,1,0,1,0,0,0,2,0,0,0,0,0,0,1,1,0,1,1
train_132,0,14,0,4,9,24,5,0,1,0,0.48,0.48,-3.0,-3.0,-0.5,-1,-1,0,0,0,-1,-1,0,0,0,-1,-1,0,0,0,-1,-1,-1,-1,-1,-1,-1,-1,-1,-1
train_132,1,14,1,1,12,34,4,1,1,4,0.48,0.48,-3.0,-0.42000000000000004,10.0,-1,0,0,0,0,-1,0,0,0,0,-1,0,0,0,2,-1,-1,-1,-1,-1,-1,-1,-1,-1,-1
train_132,2,14,2,1,13,36,4,2,1,1,0.48,10.48,-3.0,-0.42000000000000004,10.0,0,0,0,0,1,0,0,0,0,1,0,0,0,2,0,-1,-1,-1,-1,-1,-1,-1,-1,-1,-1
train_133,0,14,0,4,8,20,4,0,0,0,0.48,0.48,-3.0,-3.0,-0.5,-1,-1,1,0,0,-1,-1,0,0,0,-1,-1,0,0,0,-1,-1,-1,-1,-1,-1,-1,-1,-1,-1
train_133,1,13,0,0,11,28,5,1,1,1,-3.0,0.48,-0.42000000000000004,-3.0,-0.5,-1,-1,0,0,0,-1,-1,1,0,0,-1,-1,0,0,0,-1,-1,0,0,0,-1,-1,-1,-1,-1
train_133,2,13,1,1,14,36,6,2,0,0,0.48,0.48,0.48,-0.42000000000000004,-0.5,-1,0,0,0,0,-1,1,0,0,1,-1,0,0,0,0,-1,0,0,0,0,-1,-1,-1,-1,-1
train_133,3,12,1,0,17,44,6,3,0,0,0.48,0.48,-0.42000000000000004,-3.0,-0.5,-1,0,0,1,0,-1,0,0,0,0,-1,1,0,0,1,-1,0,0,0,0,-1,0,0,0,0
train_133,4,11,1,0,19,48,6,4,1,0,0.48,0.48,-0.42000000000000004,0.48,-0.5,-1,0,1,1,0,-1,0,0,1,0,-1,0,0,0,0,-1,1,0,0,1,-1,0,0,0,0
train_133,5,11,2,1,23,60,7,5,1,1,-3.0,0.48,0.48,-0.42000000000000004,-0.5,0,1,1,0,0,0,0,1,0,0,0,0,0,0,0,1,0,0,1,1,0,0,0,0,0
train_133,6,11,3,1,26,66,9,6,0,0,0.48,0.48,-3.0,-0.42000000000000004,-0.5,1,1,0,0,0,0,1,0,0,1,0,0,0,0,0,0,0,1,1,1,0,0,0,0,0
train_133,7,10,3,0,30,78,10,7,0,0,0.48,0.48,-0.42000000000000004,-3.0,-0.5,1,0,0,0,0,1,1,0,0,0,0,1,0,0,1,0,0,0,0,0,0,0,1,1,1
train_133,8,9,3,0,34,92,11,8,0,0,0.48,0.48,-0.42000000000000004,-3.0,-0.5,1,0,0,0,0,1,0,0,0,0,1,1,0,0,0,0,1,0,0,1,0,0,0,0,0
train_133,9,8,3,0,39,108,14,9,0,0,0.48,0.48,-0.42000000000000004,0.48,-0.5,0,0,0,0,0,1,0,0,0,0,1,0,0,0,0,1,1,0,0,0,0,1,0,0,1
train_133,10,7,3,0,44,126,15,10,0,0,0.48,0.48,-0.42000000000000004,0.48,-0.5,0,0,0,0,0,0,0,0,0,0,1,0,0,0,0,1,0,0,0,0,1,1,0,0,0
train_133,11,6,3,0,48,138,17,11,0,0,0.48,0.48,-0.42000000000000004,0.48,-0.5,0,0,1,0,0,0,0,0,0,0,0,0,0,0,0,1,0,0,0,0,1,0,0,0,0
train_133,12,5,3,0,53,154,19,12,1,1,-3.0,0.48,-0.42000000000000004,0.48,-0.5,0,0,0,0,0,0,0,1,0,0,0,0,0,0,0,0,0,0,0,0,1,0,0,0,0
train_133,13,5,4,1,58,172,19,13,0,0,0.48,0.48,0.48,-0.42000000000000004,-0.5,0,0,0,0,0,0,1,0,0,0,0,0,0,0,0,0,0,0,0,0,0,0,0,0,0
train_133,14,4,4,0,62,184,20,14,0,0,0.48,0.48,-0.42000000000000004,-3.0,-0.5,0,1,0,0,0,0,0,0,0,0,0,1,0,0,0,0,0,0,0,0,0,0,0,0,0
train_133,15,3,4,0,65,192,20,15,0,0,0.48,0.48,-0.42000000000000004,0.48,-0.5,0,1,1,0,0,0,1,0,0,0,0,0,0,0,0,0,1,0,0,0,0,0,0,0,0
train_133,16,2,4,0,69,202,19,16,1,1,-3.0,0.48,-0.42000000000000004,-3.0,-0.5,0,0,0,0,1,0,1,1,0,0,0,1,0,0,0,0,0,0,0,0,0,1,0,0,0
train_133,17,2,5,1,73,214,19,17,1,0,0.48,0.48,0.48,-0.42000000000000004,-0.5,0,0,0,1,0,1,1,0,0,0,1,0,0,0,0,0,0,0,0,0,1,0,0,0,1
train_133,18,2,6,1,76,224,18,18,1,4,0.48,0.48,0.48,-0.42000000000000004,10.0,0,0,1,0,0,1,0,0,0,0,0,0,0,0,2,0,0,0,0,1,0,0,0,1,1
train_133,19,2,7,1,80,234,21,19,1,1,0.48,10.48,0.48,-0.42000000000000004,10.0,0,1,0,0,1,0,0,0,0,0,0,0,0,2,0,0,0,0,1,0,0,0,1,1,0
train_134,0,14,0,4,6,10,2,0,1,1,-3.0,0.48,-3.0,-3.0,-0.5,-1,-1,0,1,1,-1,-1,1,0,0,-1,-1,0,0,0,-1,-1,-1,-1,-1,-1,-1,-1,-1,-1
train_134,1,14,1,1,8,14,4,1,0,0,0.48,0.48,-3.0,-0.42000000000000004,-0.5,-1,0,1,1,0,-1,1,0,0,0,-1,0,0,0,1,-1,-1,-1,-1,-1,-1,-1,-1,-1,-1
train_134,2,13,1,0,11,20,5,2,1,1,-3.0,0.48,-0.42000000000000004,-3.0,-0.5,-1,0,0,1,0,-1,0,1,1,0,-1,1,0,0,0,-1,0,0,0,1,-1,-1,-1,-1,-1
train_134,3,13,2,1,14,28,6,3,1,1,-3.0,0.48,0.48,-0.42000000000000004,-0.5,0,0,1,0,1,0,1,1,0,0,1,0,0,0,0,0,0,0,1,0,-1,-1,-1,-1,-1
train_134,4,13,3,1,18,40,8,4,0,0,0.48,0.48,-3.0,-0.42000000000000004,-0.5,0,1,0,1,0,1,1,0,0,0,0,0,0,0,0,0,0,1,0,0,-1,-1,-1,-1,-1
train_134,5,12,3,0,23,54,10,5,0,0,0.48,0.48,-0.42000000000000004,-3.0,-0.5,0,0,0,0,0,0,1,0,1,0,1,1,0,0,0,0,0,0,0,0,0,0,1,0,0
train_134,6,11,3,0,27,68,10,6,0,0,0.48,-3.0,-0.42000000000000004,-3.0,-0.5,1,0,0,0,0,0,0,0,0,0,0,1,0,1,0,1,1,0,0,0,0,0,0,0,0
train_134,7,10,3,0,32,84,13,7,0,0,0.48,0.48,-0.42000000000000004,0.48,-0.5,0,0,0,0,0,1,0,0,0,0,0,0,0,0,0,0,1,0,1,0,1,1,0,0,0
train_134,8,9,3,0,37,102,15,8,0,0,0.48,0.48,-0.42000000000000004,0.48,-0.5,0,0,0,0,0,0,0,0,0,0,1,0,0,0,0,0,0,0,0,0,0,1,0,1,0
train_134,9,8,3,0,42,120,16,9,0,0,0.48,0.48,-0.42000000000000004,0.48,-0.5,0,0,0,0,0,0,0,0,0,0,0,0,0,0,0,1,0,0,0,0,0,0,0,0,0
train_134,10,7,3,0,46,132,18,10,0,0,0.48,0.48,-0.42000000000000004,0.48,-0.5,0,0,1,0,0,0,0,0,0,0,0,0,0,0,0,0,0,0,0,0,1,0,0,0,0
train_134,11,6,3,0,51,148,19,11,1,4,-3.0,0.48,-0.42000000000000004,0.48,10.0,0,0,0,2,0,0,0,1,0,0,0,0,0,0,0,0,0,0,0,0,0,0,0,0,0
train_134,12,6,4,1,56,166,19,12,0,4,0.48,0.48,0.48,-0.42000000000000004,10.0,0,0,2,0,0,0,1,0,0,0,0,0,0,0,0,0,0,0,0,0,0,0,0,0,0
train_134,13,5,4,0,58,170,20,13,0,0,10.48,0.48,-0.42000000000000004,-3.0,10.0,0,1,0,1,1,0,0,2,0,0,0,1,0,0,0,0,0,0,0,0,0,0,0,0,0
train_135,0,14,0,4,7,16,2,0,0,0,0.48,0.48,-3.0,-3.0,-0.5,-1,-1,0,0,0,-1,-1,0,0,1,-1,-1,0,0,1,-1,-1,-1,-1,-1,-1,-1,-1,-1,-1
train_135,1,13,0,0,9,20,3,1,0,0,0.48,0.48,-0.42000000000000004,-3.0,-0.5,-1,-1,0,1,0,-1,-1,0,0,0,-1,-1,0,0,1,-1,-1,0,0,1,-1,-1,-1,-1,-1
train_135,2,12,0,0,12,28,5,2,0,0,0.48,0.48,-0.42000000000000004,-3.0,-0.5,-1,-1,0,0,0,-1,-1,0,1,0,-1,-1,0,0,0,-1,-1,0,0,1,-1,-1,0,0,1
train_135,3,11,0,0,15,38,4,3,0,0,0.48,-3.0,-0.42000000000000004,-3.0,-0.5,-1,-1,0,0,0,-1,-1,0,0,0,-1,-1,0,1,0,-1,-1,0,0,0,-1,-1,0,0,1
train_135,4,10,0,0,16,40,3,4,0,4,0.48,0.48,-0.42000000000000004,-3.0,10.0,-1,-1,2,1,1,-1,-1,0,0,0,-1,-1,0,0,0,-1,-1,0,1,0,-1,-1,0,0,0
train_135,5,9,0,0,17,40,5,5,0,0,10.48,0.48,-0.42000000000000004,-3.0,10.0,-1,-1,1,1,0,-1,-1,2,1,1,-1,-1,0,0,0,-1,-1,0,0,0,-1,-1,0,1,0
train_136,0,14,0,4,9,24,5,0,0,0,0.48,0.48,-3.0,-3.0,-0.5,-1,-1,0,0,0,-1,-1,0,0,0,-1,-1,0,0,0,-1,-1,-1,-1,-1,-1,-1,-1,-1,-1
train_136,1,13,0,0,11,30,5,1,0,0,0.48,0.48,-0.42000000000000004,-3.0,-0.5,-1,-1,0,0,1,-1,-1,0,0,0,-1,-1,0,0,0,-1,-1,0,0,0,-1,-1,-1,-1,-1
train_136,2,12,0,0,14,38,6,2,0,0,0.48,0.48,-0.42000000000000004,-3.0,-0.5,-1,-1,0,0,0,-1,-1,0,0,1,-1,-1,0,0,0,-1,-1,0,0,0,-1,-1,0,0,0
train_136,3,11,0,0,16,44,7,3,0,0,0.48,0.48,-0.42000000000000004,-3.0,-0.5,-1,-1,1,0,0,-1,-1,0,0,0,-1,-1,0,0,1,-1,-1,0,0,0,-1,-1,0,0,0
train_136,4,10,0,0,19,52,8,4,1,1,-3.0,0.48,-0.42000000000000004,-3.0,-0.5,-1,-1,0,0,0,-1,-1,1,0,0,-1,-1,0,0,0,-1,-1,0,0,1,-1,-1,0,0,0
train_136,5,10,1,1,23,64,10,5,0,0,0.48,0.48,0.48,-0.42000000000000004,-0.5,-1,0,0,0,1,-1,1,0,0,0,-1,0,0,0,0,-1,0,0,1,0,-1,0,0,0,0
train_136,6,9,1,0,26,74,8,6,0,0,0.48,0.48,-0.42000000000000004,-3.0,-0.5,-1,0,0,0,1,-1,0,0,0,1,-1,1,0,0,0,-1,0,0,0,0,-1,0,0,1,0
train_136,7,8,1,0,28,76,10,7,0,0,0.48,0.48,-0.42000000000000004,0.48,-0.5,-1,1,0,1,0,-1,0,0,0,1,-1,0,0,0,1,-1,1,0,0,0,-1,0,0,0,0
train_136,8,7,1,0,32,86,13,8,0,4,0.48,0.48,-0.42000000000000004,0.48,10.0,-1,2,0,0,0,-1,1,0,1,0,-1,0,0,0,1,-1,0,0,0,1,-1,1,0,0,0
train_136,9,6,1,0,36,100,14,9,0,4,0.48,-3.0,-0.42000000000000004,-3.0,10.0,-1,0,0,0,0,-1,2,0,0,0,-1,1,0,1,0,-1,0,0,0,1,-1,0,0,0,1
train_136,10,5,1,0,40,114,13,10,3,3,0.48,0.48,-0.42000000000000004,10.48,10.0,-1,0,0,0,0,-1,0,0,0,0,-1,2,0,0,0,-1,1,0,1,0,-1,0,0,0,1
train_137,0,14,0,4,6,8,4,0,0,0,0.48,0.48,-3.0,-3.0,-0.5,-1,-1,0,1,0,-1,-1,0,1,0,-1,-1,0,0,1,-1,-1,-1,-1,-1,-1,-1,-1,-1,-1
train_137,1,13,0,0,9,16,6,1,0,0,0.48,-3.0,-0.42000000000000004,-3.0,-0.5,-1,-1,0,0,0,-1,-1,0,1,0,-1,-1,0,1,0,-1,-1,0,0,1,-1,-1,-1,-1,-1
train_137,2,12,0,0,12,26,6,2,0,0,0.48,-3.0,-0.42000000000000004,-3.0,-0.5,-1,-1,0,0,0,-1,-1,0,0,0,-1,-1,0,1,0,-1,-1,0,1,0,-1,-1,0,0,1
train_137,3,11,0,0,14,32,6,3,0,0,0.48,0.48,-0.42000000000000004,-3.0,-0.5,-1,-1,0,0,1,-1,-1,0,0,0,-1,-1,0,0,0,-1,-1,0,1,0,-1,-1,0,1,0
train_137,4,10,0,0,17,40,7,4,1,0,0.48,0.48,-0.42000000000000004,-3.0,-0.5,-1,-1,0,0,0,-1,-1,0,0,1,-1,-1,0,0,0,-1,-1,0,0,0,-1,-1,0,1,0
train_137,5,10,1,1,21,52,9,5,1,4,0.48,0.48,0.48,-0.42000000000000004,10.0,-1,0,0,0,0,-1,0,0,1,1,-1,0,0,0,2,-1,0,0,0,0,-1,0,1,0,0
train_137,6,10,2,1,26,68,10,6,1,1,-3.0,10.48,0.48,-0.42000000000000004,10.0,0,0,0,0,0,0,0,1,1,0,0,0,0,2,0,0,0,0,0,0,0,1,0,0,0
train_138,0,14,0,4,6,12,2,0,0,0,0.48,0.48,-3.0,-3.0,-0.5,-1,-1,1,0,1,-1,-1,0,0,0,-1,-1,0,0,1,-1,-1,-1,-1,-1,-1,-1,-1,-1,-1
train_138,1,13,0,0,9,18,4,1,1,1,-3.0,0.48,-0.42000000000000004,-3.0,-0.5,-1,-1,0,0,0,-1,-1,1,0,1,-1,-1,0,0,0,-1,-1,0,0,1,-1,-1,-1,-1,-1
train_138,2,13,1,1,11,22,5,2,0,0,0.48,0.48,0.48,-0.42000000000000004,-0.5,-1,0,0,0,1,-1,1,0,1,1,-1,0,0,0,0,-1,0,0,1,0,-1,-1,-1,-1,-1
train_138,3,12,1,0,15,34,7,3,0,0,0.48,-3.0,-0.42000000000000004,-3.0,-0.5,-1,0,0,0,0,-1,0,0,0,1,-1,1,0,1,1,-1,0,0,0,0,-1,0,0,1,0
train_138,4,11,1,0,19,48,8,4,0,0,0.48,0.48,-0.42000000000000004,0.48,-0.5,-1,0,0,0,0,-1,0,0,0,0,-1,0,0,0,1,-1,1,0,1,1,-1,0,0,0,0
train_138,5,10,1,0,23,62,7,5,0,0,0.48,0.48,-0.42000000000000004,0.48,-0.5,-1,0,0,0,0,-1,0,0,0,0,-1,0,0,0,0,-1,0,0,0,1,-1,1,0,1,1
train_138,6,9,1,0,25,68,7,6,0,0,0.48,0.48,-0.42000000000000004,0.48,-0.5,-1,1,1,0,0,-1,0,0,0,0,-1,0,0,0,0,-1,0,0,0,0,-1,0,0,0,1
train_138,7,8,1,0,29,78,9,7,1,1,-3.0,0.48,-0.42000000000000004,0.48,-0.5,-1,0,0,0,0,-1,1,1,0,0,-1,0,0,0,0,-1,0,0,0,0,-1,0,0,0,0
train_138,8,8,2,1,33,90,11,8,0,0,0.48,0.48,0.48,-0.42000000000000004,-0.5,0,0,0,0,0,1,1,0,0,1,0,0,0,0,0,0,0,0,0,0,0,0,0,0,0
train_138,9,7,2,0,37,102,11,9,0,0,0.48,0.48,-0.42000000000000004,-3.0,-0.5,0,0,0,1,0,0,0,0,0,0,1,1,0,0,1,0,0,0,0,0,0,0,0,0,0
train_138,10,6,2,0,40,108,12,10,0,0,0.48,0.48,-0.42000000000000004,0.48,-0.5,0,1,0,1,0,0,0,0,1,0,0,0,0,0,0,1,1,0,0,1,0,0,0,0,0
train_138,11,5,2,0,45,122,14,11,0,0,0.48,-3.0,-0.42000000000000004,0.48,-0.5,0,0,0,0,0,0,1,0,1,0,0,0,0,1,0,0,0,0,0,0,1,1,0,0,1
train_138,12,4,2,0,49,134,13,12,0,0,0.48,-3.0,-0.42000000000000004,-3.0,-0.5,0,0,1,0,0,0,0,0,0,0,0,1,0,1,0,0,0,0,1,0,0,0,0,0,0
train_138,13,3,2,0,51,138,14,13,1,1,-3.0,0.48,-0.42000000000000004,0.48,-0.5,1,0,1,1,0,0,0,1,0,0,0,0,0,0,0,0,1,0,1,0,0,0,0,1,0
train_138,14,3,3,1,56,156,16,14,1,0,0.48,0.48,-3.0,-0.42000000000000004,-0.5,0,1,1,0,0,0,1,0,0,0,0,0,0,0,0,1,0,1,0,0,0,0,1,0,0
train_138,15,3,4,1,61,174,16,15,1,0,0.48,0.48,0.48,-0.42000000000000004,-0.5,1,1,0,0,0,1,0,0,0,0,0,0,0,0,0,0,1,0,0,0,0,1,0,0,0
train_138,16,3,5,1,65,188,16,16,1,0,0.48,0.48,0.48,-0.42000000000000004,-0.5,1,0,0,0,1,0,0,0,0,0,0,0,0,0,0,1,0,0,0,0,1,0,0,0,0
train_138,17,3,6,1,68,198,16,17,1,0,0.48,0.48,0.48,-0.42000000000000004,-0.5,0,0,0,1,1,0,0,0,0,0,0,0,0,0,0,0,0,0,0,0,0,0,0,0,1
train_138,18,3,7,1,73,212,18,18,1,0,0.48,0.48,0.48,-0.42000000000000004,-0.5,0,0,1,1,0,0,0,0,0,0,0,0,0,0,0,0,0,0,0,0,0,0,0,1,0
train_138,19,3,8,1,76,218,19,19,1,0,0.48,0.48,0.48,-0.42000000000000004,-0.5,0,1,1,0,0,0,0,0,0,1,0,0,0,0,0,0,0,0,0,1,0,0,1,0,0
train_138,20,3,9,1,81,232,23,20,1,4,0.48,0.48,0.48,-0.42000000000000004,10.0,1,1,0,0,0,0,0,0,1,2,0,0,0,0,0,0,0,0,1,0,0,1,0,0,0
train_138,21,3,10,1,86,250,23,21,1,4,-3.0,0.48,-3.0,-0.42000000000000004,10.0,1,0,0,0,0,0,0,1,2,0,0,0,0,0,0,0,0,1,0,0,1,0,0,0,0
train_138,22,3,11,1,90,262,24,22,0,0,10.48,0.48,0.48,-0.42000000000000004,10.0,0,0,0,0,0,0,1,2,0,0,0,0,0,0,0,0,1,0,0,1,0,0,0,0,0
train_139,0,14,0,4,6,10,2,0,0,0,0.48,-3.0,-3.0,-3.0,-0.5,-1,-1,1,0,1,-1,-1,0,0,0,-1,-1,0,1,0,-1,-1,-1,-1,-1,-1,-1,-1,-1,-1
train_139,1,13,0,0,9,16,3,1,1,1,-3.0,0.48,-0.42000000000000004,-3.0,-0.5,-1,-1,0,0,0,-1,-1,1,0,1,-1,-1,0,0,0,-1,-1,0,1,0,-1,-1,-1,-1,-1
train_139,2,13,1,1,12,22,5,2,0,0,0.48,0.48,-3.0,-0.42000000000000004,-0.5,-1,0,0,0,0,-1,1,0,1,0,-1,0,0,0,1,-1,0,1,0,0,-1,-1,-1,-1,-1
train_139,3,12,1,0,14,26,6,3,0,0,0.48,-3.0,-0.42000000000000004,-3.0,-0.5,-1,0,1,1,0,-1,0,0,0,0,-1,1,0,1,0,-1,0,0,0,1,-1,0,1,0,0
train_139,4,11,1,0,18,36,8,4,1,1,-3.0,0.48,-0.42000000000000004,0.48,-0.5,-1,0,0,0,0,-1,0,1,1,0,-1,0,0,0,0,-1,1,0,1,0,-1,0,0,0,1
train_139,5,11,2,1,23,52,9,5,1,1,-3.0,0.48,-3.0,-0.42000000000000004,-0.5,0,0,0,0,0,0,1,1,0,0,0,0,0,0,0,1,0,1,0,0,0,0,0,1,0
train_139,6,11,3,1,27,64,11,6,0,0,0.48,0.48,0.48,-0.42000000000000004,-0.5,0,0,0,0,0,1,1,0,0,1,0,0,0,0,0,0,1,0,0,0,0,0,1,0,0
train_139,7,10,3,0,30,72,11,7,0,0,0.48,0.48,-0.42000000000000004,-3.0,-0.5,1,0,0,1,0,0,0,0,0,0,1,1,0,0,1,0,0,0,0,0,0,1,0,0,0
train_139,8,9,3,0,34,82,14,8,1,0,0.48,0.48,-0.42000000000000004,0.48,-0.5,0,0,0,0,1,1,0,0,1,0,0,0,0,0,0,1,1,0,0,1,0,0,0,0,0
train_139,9,9,4,1,38,92,16,9,1,4,-3.0,0.48,0.48,-0.42000000000000004,10.0,0,0,0,1,0,0,0,1,0,2,0,0,0,0,0,1,0,0,1,1,0,0,0,0,0
train_139,10,9,5,1,41,100,16,10,0,4,0.48,0.48,-3.0,-0.42000000000000004,10.0,0,0,1,0,1,0,1,0,2,0,0,0,0,0,0,0,0,1,1,1,0,0,0,0,0
train_139,11,8,5,0,45,112,18,11,1,1,-3.0,10.48,-0.42000000000000004,-3.0,10.0,0,0,0,0,1,0,0,1,0,1,0,1,0,2,0,0,0,0,0,0,0,0,1,1,1
train_140,0,14,0,4,7,14,3,0,0,0,0.48,0.48,-3.0,-3.0,-0.5,-1,-1,1,0,0,-1,-1,0,0,1,-1,-1,0,0,0,-1,-1,-1,-1,-1,-1,-1,-1,-1,-1
train_140,1,13,0,0,9,20,3,1,1,1,-3.0,0.48,-0.42000000000000004,-3.0,-0.5,-1,-1,1,0,0,-1,-1,1,0,0,-1,-1,0,0,1,-1,-1,0,0,0,-1,-1,-1,-1,-1
train_140,2,13,1,1,11,24,2,2,0,0,0.48,-3.0,0.48,-0.42000000000000004,-0.5,-1,1,0,0,0,-1,1,0,0,1,-1,0,0,1,1,-1,0,0,0,0,-1,-1,-1,-1,-1
train_140,3,12,1,0,14,30,4,3,0,0,0.48,0.48,-0.42000000000000004,-3.0,-0.5,-1,0,0,1,0,-1,1,0,0,0,-1,1,0,0,1,-1,0,0,1,1,-1,0,0,0,0
train_140,4,11,1,0,18,42,6,4,1,0,0.48,0.48,-0.42000000000000004,-3.0,-0.5,-1,0,0,0,0,-1,0,0,1,0,-1,1,0,0,0,-1,1,0,0,1,-1,0,0,1,1
train_140,5,11,2,1,22,50,8,5,1,1,-3.0,0.48,0.48,-0.42000000000000004,-0.5,0,0,0,0,0,0,0,1,0,0,1,0,0,0,1,1,0,0,1,0,0,0,1,1,0
train_140,6,11,3,1,26,62,9,6,0,4,0.48,-3.0,-3.0,-0.42000000000000004,10.0,0,0,0,0,0,0,1,0,0,0,0,0,0,1,0,0,0,1,0,2,0,1,1,0,1
train_140,7,10,3,0,31,80,10,7,1,4,0.48,0.48,-0.42000000000000004,-3.0,10.0,0,0,0,0,0,0,0,0,0,0,0,1,0,0,0,0,0,0,1,0,0,0,1,0,2
train_140,8,10,4,1,35,92,11,8,1,4,0.48,0.48,-3.0,-0.42000000000000004,10.0,0,0,0,0,0,0,0,0,0,0,1,0,0,0,0,0,0,1,0,1,0,1,0,2,0
train_140,9,10,5,1,40,108,13,9,2,4,0.48,0.48,0.48,-0.42000000000000004,10.0,0,0,0,0,0,0,0,0,0,0,0,0,0,0,0,0,1,0,1,0,1,0,2,0,0
train_140,10,11,5,2,41,110,14,10,2,2,-0.42000000000000004,-3.0,10.48,-3.0,10.0,0,0,0,0,0,0,0,0,0,0,0,1,0,1,0,1,0,2,0,0,1,0,1,1,0
train_141,0,14,0,4,7,12,6,0,1,1,-3.0,0.48,-3.0,-3.0,-0.5,-1,-1,0,0,0,-1,-1,1,1,0,-1,-1,0,0,0,-1,-1,-1,-1,-1,-1,-1,-1,-1,-1
train_141,1,14,1,1,10,22,4,1,1,1,-3.0,0.48,-3.0,-0.42000000000000004,-0.5,-1,0,0,0,0,-1,1,1,0,0,-1,0,0,0,0,-1,-1,-1,-1,-1,-1,-1,-1,-1,-1
train_141,2,14,2,1,11,24,4,2,0,0,0.48,0.48,-3.0,-0.42000000000000004,-0.5,0,0,0,0,0,1,1,0,0,1,0,0,0,0,1,-1,-1,-1,-1,-1,-1,-1,-1,-1,-1
train_141,3,13,2,0,15,36,2,3,0,0,0.48,0.48,-0.42000000000000004,-3.0,-0.5,0,0,0,1,0,0,0,0,0,0,1,1,0,0,1,0,0,0,0,1,-1,-1,-1,-1,-1
train_141,4,12,2,0,18,42,2,4,1,0,0.48,0.48,-0.42000000000000004,0.48,-0.5,0,1,1,0,0,0,0,0,1,0,0,0,0,0,0,1,1,0,0,1,0,0,0,0,1
train_141,5,12,3,1,21,46,4,5,1,1,-3.0,0.48,0.48,-0.42000000000000004,-0.5,1,1,0,0,0,0,0,1,0,1,0,0,0,0,1,1,0,0,1,0,0,0,0,1,0
train_141,6,12,4,1,24,52,4,6,0,0,0.48,-3.0,-3.0,-0.42000000000000004,-0.5,1,0,0,0,0,0,1,0,1,1,0,0,0,1,0,0,0,1,0,0,0,0,1,0,1
train_141,7,11,4,0,26,54,6,7,0,0,0.48,-3.0,-0.42000000000000004,-3.0,-0.5,0,1,1,0,1,1,0,0,0,0,0,1,0,1,1,0,0,0,1,0,0,0,1,0,0
train_141,8,10,4,0,30,62,8,8,1,1,-3.0,0.48,-0.42000000000000004,0.48,-0.5,0,1,0,0,0,0,1,1,0,1,1,0,0,0,0,0,1,0,1,1,0,0,0,1,0
train_141,9,10,5,1,33,66,9,9,0,0,0.48,0.48,-3.0,-0.42000000000000004,-0.5,1,0,0,0,1,1,1,0,1,0,0,0,0,0,1,1,0,1,1,0,0,0,1,0,0
train_141,10,9,5,0,37,74,13,10,0,0,0.48,-3.0,-0.42000000000000004,-3.0,-0.5,0,0,0,1,0,1,0,0,0,1,1,1,0,1,0,0,0,0,0,1,1,0,1,1,0
train_141,11,8,5,0,42,90,14,11,0,0,0.48,0.48,-0.42000000000000004,0.48,-0.5,0,0,0,0,0,0,0,0,1,0,1,0,0,0,1,1,1,0,1,0,0,0,0,0,1
train_141,12,7,5,0,46,102,15,12,0,0,0.48,-3.0,-0.42000000000000004,0.48,-0.5,0,1,0,0,0,0,0,0,0,0,0,0,0,1,0,1,0,0,0,1,1,1,0,1,0
train_141,13,6,5,0,50,114,17,13,0,0,0.48,0.48,-0.42000000000000004,0.48,-0.5,0,0,0,0,1,0,1,0,0,0,0,0,0,0,0,0,0,0,1,0,1,0,0,0,1
train_141,14,5,5,0,55,130,18,14,1,0,0.48,0.48,-0.42000000000000004,-3.0,-0.5,0,0,0,0,0,0,0,0,0,1,0,1,0,0,0,0,0,0,0,0,0,0,0,1,0
train_141,15,5,6,1,59,142,19,15,1,0,0.48,0.48,0.48,-0.42000000000000004,-0.5,0,0,0,0,1,0,0,0,1,0,1,0,0,0,0,0,0,0,0,0,0,0,1,0,0
train_141,16,5,7,1,63,152,19,16,1,1,-3.0,0.48,0.48,-0.42000000000000004,-0.5,0,0,0,1,0,0,0,1,0,1,0,0,0,0,0,0,0,0,0,0,0,1,0,0,0
train_141,17,5,8,1,66,160,19,17,1,0,0.48,0.48,0.48,-0.42000000000000004,-0.5,0,0,1,0,1,0,1,0,1,0,0,0,0,0,0,0,0,0,0,0,1,0,0,0,1
train_141,18,5,9,1,69,166,20,18,1,1,-3.0,0.48,0.48,-0.42000000000000004,-0.5,0,1,0,1,1,1,0,1,0,0,0,0,0,0,0,0,0,0,0,1,0,0,0,1,0
train_141,19,5,10,1,73,174,23,19,1,0,0.48,0.48,0.48,-0.42000000000000004,-0.5,1,0,1,1,0,0,1,0,0,1,0,0,0,0,0,0,0,0,1,0,0,0,1,0,0
train_141,20,5,11,1,78,190,22,20,1,0,0.48,0.48,-3.0,-0.42000000000000004,-0.5,0,1,1,0,0,1,0,0,1,0,0,0,0,0,0,0,0,1,0,0,0,1,0,0,0
train_141,21,5,12,1,80,194,21,21,2,1,-3.0,0.48,0.48,-0.42000000000000004,-0.5,1,1,0,0,0,0,0,1,0,1,0,0,0,0,1,0,1,0,0,1,1,0,0,0,0
train_141,22,6,12,2,83,204,20,22,2,1,-0.42000000000000004,0.48,0.48,-3.0,-0.5,0,0,1,0,1,0,0,0,0,1,0,1,0,0,1,1,0,0,0,0,1,0,0,0,1
train_141,23,7,12,2,87,212,22,23,2,1,-0.42000000000000004,0.48,0.48,0.48,-0.5,0,0,0,0,1,0,1,0,0,1,1,0,0,0,0,1,0,0,0,1,0,0,1,0,0
train_141,24,8,12,2,91,222,24,24,3,4,-0.42000000000000004,0.48,-3.0,0.48,10.0,0,1,0,0,1,1,0,0,0,0,1,0,0,0,1,0,0,1,0,0,0,2,0,1,0
train_141,25,8,11,3,93,228,24,25,2,4,0.48,-0.42000000000000004,0.48,-3.0,10.0,0,0,1,0,0,0,1,0,0,0,1,1,0,0,0,0,0,0,1,0,0,0,2,0,1
train_141,26,9,11,2,98,244,26,26,2,2,-0.42000000000000004,-3.0,10.48,0.48,10.0,0,1,0,0,0,1,1,0,0,0,0,0,0,1,0,0,0,2,0,1,0,0,0,0,0
train_142,0,14,0,4,8,18,6,0,1,4,-3.0,0.48,-3.0,-3.0,10.0,-1,-1,0,0,0,-1,-1,1,0,0,-1,-1,0,0,2,-1,-1,-1,-1,-1,-1,-1,-1,-1,-1
train_142,1,14,1,1,11,28,7,1,1,1,0.48,10.48,-3.0,-0.42000000000000004,10.0,-1,0,0,0,0,-1,1,0,0,0,-1,0,0,2,0,-1,-1,-1,-1,-1,-1,-1,-1,-1,-1
train_143,0,14,0,4,6,8,4,0,1,1,-3.0,0.48,-3.0,-3.0,-0.5,-1,-1,0,0,0,-1,-1,1,1,1,-1,-1,0,0,0,-1,-1,-1,-1,-1,-1,-1,-1,-1,-1
train_143,1,14,1,1,8,12,4,1,1,1,-3.0,0.48,-3.0,-0.42000000000000004,-0.5,-1,0,0,0,0,-1,1,1,1,1,-1,0,0,0,0,-1,-1,-1,-1,-1,-1,-1,-1,-1,-1
train_143,2,14,2,1,11,20,5,2,1,1,-3.0,0.48,-3.0,-0.42000000000000004,-0.5,0,0,0,0,0,1,1,1,1,0,0,0,0,0,0,-1,-1,-1,-1,-1,-1,-1,-1,-1,-1
train_143,3,14,3,1,14,30,5,3,1,1,-3.0,0.48,-3.0,-0.42000000000000004,-0.5,0,0,0,0,0,1,1,1,0,0,0,0,0,0,0,-1,-1,-1,-1,-1,-1,-1,-1,-1,-1
train_143,4,14,4,1,17,40,5,4,1,0,0.48,0.48,-3.0,-0.42000000000000004,-0.5,0,0,0,0,0,1,1,0,0,0,0,0,0,0,0,-1,-1,-1,-1,-1,-1,-1,-1,-1,-1
train_143,5,14,5,1,19,44,6,5,1,0,0.48,0.48,-3.0,-0.42000000000000004,-0.5,0,0,0,0,0,1,0,0,0,1,0,0,0,0,0,-1,-1,-1,-1,-1,-1,-1,-1,-1,-1
train_143,6,14,6,1,22,52,6,6,1,0,0.48,0.48,-3.0,-0.42000000000000004,-0.5,0,0,0,0,0,0,0,0,1,0,0,0,0,0,0,-1,-1,-1,-1,-1,-1,-1,-1,-1,-1
train_143,7,14,7,1,23,54,6,7,1,1,-3.0,0.48,-3.0,-0.42000000000000004,-0.5,0,0,0,0,1,0,0,1,0,0,0,0,0,0,1,-1,-1,-1,-1,-1,-1,-1,-1,-1,-1
train_143,8,14,8,1,26,60,8,8,0,0,0.48,-3.0,-3.0,-0.42000000000000004,-0.5,0,0,0,1,0,0,1,0,0,0,0,0,0,1,0,-1,-1,-1,-1,-1,-1,-1,-1,-1,-1
train_143,9,13,8,0,31,76,7,9,1,0,0.48,0.48,-0.42000000000000004,-3.0,-0.5,0,0,0,0,0,0,0,0,1,0,0,1,0,0,0,0,0,0,1,0,-1,-1,-1,-1,-1
train_143,10,13,9,1,33,82,7,10,1,1,-3.0,0.48,-3.0,-0.42000000000000004,-0.5,0,0,0,0,1,0,0,1,0,1,1,0,0,0,0,0,0,1,0,0,-1,-1,-1,-1,-1
train_143,11,13,10,1,36,88,8,11,1,4,0.48,0.48,0.48,-0.42000000000000004,10.0,0,0,0,1,0,0,1,0,1,1,0,0,0,0,0,0,1,0,0,2,-1,-1,-1,-1,-1
train_143,12,13,11,1,39,94,10,12,1,4,-3.0,0.48,0.48,-0.42000000000000004,10.0,0,0,1,0,0,1,0,1,1,0,0,0,0,0,1,1,0,0,2,0,-1,-1,-1,-1,-1
train_143,13,13,12,1,42,102,8,13,2,2,-3.0,-3.0,10.48,-0.42000000000000004,10.0,0,1,0,0,0,0,1,1,0,0,0,0,0,1,1,0,0,2,0,0,-1,-1,-1,-1,-1
train_144,0,14,0,4,8,20,2,0,1,0,0.48,0.48,-3.0,-3.0,-0.5,-1,-1,1,0,0,-1,-1,0,0,0,-1,-1,0,0,0,-1,-1,-1,-1,-1,-1,-1,-1,-1,-1
train_144,1,14,1,1,9,22,2,1,1,0,0.48,0.48,-3.0,-0.42000000000000004,-0.5,-1,1,0,0,1,-1,0,0,0,1,-1,0,0,0,0,-1,-1,-1,-1,-1,-1,-1,-1,-1,-1
train_144,2,14,2,1,11,26,3,2,1,0,0.48,0.48,-3.0,-0.42000000000000004,-0.5,1,0,0,1,1,0,0,0,1,0,0,0,0,0,0,-1,-1,-1,-1,-1,-1,-1,-1,-1,-1
train_144,3,14,3,1,13,32,2,3,1,1,-3.0,0.48,-3.0,-0.42000000000000004,-0.5,0,0,1,1,1,0,0,1,0,0,0,0,0,0,0,-1,-1,-1,-1,-1,-1,-1,-1,-1,-1
train_144,4,14,4,1,15,34,3,4,1,0,0.48,0.48,-3.0,-0.42000000000000004,-0.5,0,1,1,1,0,0,1,0,0,1,0,0,0,0,0,-1,-1,-1,-1,-1,-1,-1,-1,-1,-1
train_144,5,14,5,1,17,38,4,5,1,0,0.48,0.48,-3.0,-0.42000000000000004,-0.5,1,1,1,0,1,1,0,0,1,0,0,0,0,0,0,-1,-1,-1,-1,-1,-1,-1,-1,-1,-1
train_144,6,14,6,1,20,46,4,6,1,1,-3.0,0.48,-3.0,-0.42000000000000004,-0.5,1,1,0,1,0,0,0,1,0,0,0,0,0,0,0,-1,-1,-1,-1,-1,-1,-1,-1,-1,-1
train_144,7,14,7,1,22,52,5,7,0,0,0.48,0.48,-3.0,-0.42000000000000004,-0.5,1,0,1,0,0,0,1,0,0,0,0,0,0,0,1,-1,-1,-1,-1,-1,-1,-1,-1,-1,-1
train_144,8,13,7,0,26,60,8,8,1,1,-3.0,0.48,-0.42000000000000004,-3.0,-0.5,0,0,0,1,0,1,0,1,0,0,0,1,0,0,0,0,0,0,0,1,-1,-1,-1,-1,-1
train_144,9,13,8,1,30,72,9,9,0,4,0.48,0.48,0.48,-0.42000000000000004,10.0,0,0,1,0,2,0,1,0,0,0,1,0,0,0,0,0,0,0,1,0,-1,-1,-1,-1,-1
train_144,10,12,8,0,34,82,12,10,1,4,-3.0,0.48,-0.42000000000000004,-3.0,10.0,0,0,0,1,0,0,0,1,0,2,0,1,0,0,0,1,0,0,0,0,0,0,0,1,0
train_144,11,12,9,1,38,94,12,11,0,4,0.48,0.48,0.48,-0.42000000000000004,10.0,0,0,1,0,0,0,1,0,2,1,1,0,0,0,0,0,0,0,0,0,0,0,1,0,0
train_144,12,11,9,0,43,110,13,12,1,1,-3.0,10.48,-0.42000000000000004,-3.0,10.0,0,0,0,0,0,0,0,1,0,0,0,1,0,2,1,1,0,0,0,0,0,0,0,0,0
train_145,0,14,0,4,7,16,2,0,0,0,0.48,0.48,-3.0,-3.0,-0.5,-1,-1,1,1,0,-1,-1,0,0,0,-1,-1,0,0,0,-1,-1,-1,-1,-1,-1,-1,-1,-1,-1
train_145,1,13,0,0,9,18,3,1,1,1,-3.0,0.48,-0.42000000000000004,-3.0,-0.5,-1,-1,0,0,1,-1,-1,1,1,0,-1,-1,0,0,0,-1,-1,0,0,0,-1,-1,-1,-1,-1
train_145,2,13,1,1,11,24,3,2,1,1,-3.0,0.48,0.48,-0.42000000000000004,-0.5,-1,0,0,1,1,-1,1,1,0,0,-1,0,0,0,0,-1,0,0,0,1,-1,-1,-1,-1,-1
train_145,3,13,2,1,14,32,3,3,1,4,0.48,0.48,0.48,-0.42000000000000004,10.0,0,0,1,1,0,1,1,0,0,0,0,0,0,0,2,0,0,0,1,1,-1,-1,-1,-1,-1
train_145,4,13,3,1,17,38,5,4,1,1,0.48,10.48,-3.0,-0.42000000000000004,10.0,0,1,1,0,0,1,0,0,0,0,0,0,0,2,1,0,0,1,1,0,-1,-1,-1,-1,-1
train_146,0,14,0,4,9,24,4,0,0,0,0.48,0.48,-3.0,-3.0,-0.5,-1,-1,0,0,0,-1,-1,0,0,0,-1,-1,0,0,0,-1,-1,-1,-1,-1,-1,-1,-1,-1,-1
train_146,1,13,0,0,10,26,4,1,0,0,0.48,0.48,-0.42000000000000004,-3.0,-0.5,-1,-1,1,1,0,-1,-1,0,0,0,-1,-1,0,0,0,-1,-1,0,0,0,-1,-1,-1,-1,-1
train_146,2,12,0,0,13,32,7,2,1,1,-3.0,0.48,-0.42000000000000004,-3.0,-0.5,-1,-1,0,0,0,-1,-1,1,1,0,-1,-1,0,0,0,-1,-1,0,0,0,-1,-1,0,0,0
train_146,3,12,1,1,17,44,7,3,1,1,-3.0,0.48,0.48,-0.42000000000000004,-0.5,-1,0,0,0,0,-1,1,1,0,1,-1,0,0,0,0,-1,0,0,0,0,-1,0,0,0,0
train_146,4,12,2,1,21,54,9,4,0,0,0.48,0.48,0.48,-0.42000000000000004,-0.5,0,0,0,0,0,1,1,0,1,0,0,0,0,0,0,0,0,0,0,1,0,0,0,0,0
train_146,5,11,2,0,26,72,9,5,0,0,0.48,-3.0,-0.42000000000000004,-3.0,-0.5,0,0,0,0,0,0,0,0,0,0,1,1,0,1,0,0,0,0,0,0,0,0,0,0,1
train_146,6,10,2,0,31,90,8,6,0,4,0.48,0.48,-0.42000000000000004,0.48,10.0,2,0,0,0,0,0,0,0,0,0,0,0,0,0,0,1,1,0,1,0,0,0,0,0,0
train_146,7,9,2,0,34,98,9,7,0,4,0.48,0.48,-0.42000000000000004,0.48,10.0,0,0,1,1,0,2,0,0,0,0,0,0,0,0,0,0,0,0,0,0,1,1,0,1,0
train_146,8,8,2,0,38,108,10,8,3,4,-3.0,0.48,-0.42000000000000004,0.48,10.0,0,0,0,1,0,0,0,1,1,0,2,0,0,0,0,0,0,0,0,0,0,0,0,0,0
train_146,9,8,1,3,38,108,10,9,3,3,0.48,-0.42000000000000004,0.48,10.48,10.0,-1,0,0,0,1,-1,0,0,1,1,-1,2,0,0,0,-1,0,0,0,0,-1,0,0,0,0
train_147,0,14,0,4,8,18,4,0,0,0,0.48,0.48,-3.0,-3.0,-0.5,-1,-1,0,0,0,-1,-1,0,0,1,-1,-1,0,0,0,-1,-1,-1,-1,-1,-1,-1,-1,-1,-1
train_147,1,13,0,0,10,24,5,1,0,0,0.48,0.48,-0.42000000000000004,-3.0,-0.5,-1,-1,1,0,0,-1,-1,0,0,0,-1,-1,0,0,1,-1,-1,0,0,0,-1,-1,-1,-1,-1
train_147,2,12,0,0,12,30,5,2,1,1,-3.0,0.48,-0.42000000000000004,-3.0,-0.5,-1,-1,1,0,0,-1,-1,1,0,0,-1,-1,0,0,0,-1,-1,0,0,1,-1,-1,0,0,0
train_147,3,12,1,1,17,46,5,3,0,0,0.48,0.48,0.48,-0.42000000000000004,-0.5,-1,1,0,0,0,-1,1,0,0,0,-1,0,0,0,0,-1,0,0,1,0,-1,0,0,0,0
train_147,4,11,1,0,20,52,6,4,0,0,0.48,0.48,-0.42000000000000004,-3.0,-0.5,-1,0,1,0,0,-1,1,0,0,0,-1,1,0,0,0,-1,0,0,0,0,-1,0,0,1,0
train_147,5,10,1,0,24,64,6,5,1,1,-3.0,0.48,-0.42000000000000004,-3.0,-0.5,-1,0,0,0,0,-1,0,1,0,0,-1,1,0,0,0,-1,1,0,0,0,-1,0,0,0,0
train_147,6,10,2,1,27,72,7,6,0,4,0.48,0.48,0.48,-0.42000000000000004,10.0,0,0,0,0,2,0,1,0,0,1,1,0,0,0,1,1,0,0,0,0,0,0,0,0,0
train_147,7,9,2,0,30,82,6,7,0,4,0.48,0.48,-0.42000000000000004,-3.0,10.0,1,1,0,0,0,0,0,0,0,2,0,1,0,0,1,1,0,0,0,1,1,0,0,0,0
train_147,8,8,2,0,33,88,6,8,1,4,0.48,0.48,-0.42000000000000004,0.48,10.0,0,0,0,1,1,1,1,0,0,0,0,0,0,0,2,0,1,0,0,1,1,0,0,0,1
train_147,9,8,3,1,36,96,7,9,1,1,0.48,10.48,0.48,-0.42000000000000004,10.0,0,0,1,1,1,1,0,0,0,0,0,0,0,2,0,1,0,0,1,0,0,0,0,1,1
train_148,0,14,0,4,8,20,5,0,0,0,0.48,0.48,-3.0,-3.0,-0.5,-1,-1,1,0,0,-1,-1,0,0,0,-1,-1,0,0,0,-1,-1,-1,-1,-1,-1,-1,-1,-1,-1
train_148,1,13,0,0,11,28,6,1,1,1,-3.0,0.48,-0.42000000000000004,-3.0,-0.5,-1,-1,0,0,0,-1,-1,1,0,0,-1,-1,0,0,0,-1,-1,0,0,0,-1,-1,-1,-1,-1
train_148,2,13,1,1,15,42,3,2,0,0,0.48,0.48,0.48,-0.42000000000000004,-0.5,-1,0,0,0,0,-1,1,0,0,0,-1,0,0,0,0,-1,0,0,0,0,-1,-1,-1,-1,-1
train_148,3,12,1,0,17,46,3,3,0,0,0.48,0.48,-0.42000000000000004,-3.0,-0.5,-1,0,1,0,1,-1,0,0,0,0,-1,1,0,0,0,-1,0,0,0,0,-1,0,0,0,0
train_148,4,11,1,0,21,56,4,4,1,1,-3.0,0.48,-0.42000000000000004,0.48,-0.5,-1,0,0,0,0,-1,0,1,0,1,-1,0,0,0,0,-1,1,0,0,0,-1,0,0,0,0
train_148,5,11,2,1,24,62,6,5,0,0,0.48,0.48,0.48,-0.42000000000000004,-0.5,0,0,0,0,0,0,1,0,1,0,0,0,0,0,1,1,0,0,0,1,0,0,0,0,0
train_148,6,10,2,0,27,72,5,6,0,0,0.48,-3.0,-0.42000000000000004,-3.0,-0.5,1,1,0,0,0,0,0,0,0,0,0,1,0,1,0,0,0,0,0,1,1,0,0,0,1
train_148,7,9,2,0,30,80,5,7,1,0,0.48,0.48,-0.42000000000000004,0.48,-0.5,1,0,0,0,1,1,1,0,0,0,0,0,0,0,0,0,1,0,1,0,0,0,0,0,1
train_148,8,9,3,1,34,88,8,8,1,0,0.48,0.48,-3.0,-0.42000000000000004,-0.5,0,0,0,1,0,1,0,0,0,1,0,0,0,0,0,1,0,1,0,0,0,0,0,1,0
train_148,9,9,4,1,39,104,9,9,1,0,0.48,0.48,0.48,-0.42000000000000004,-0.5,0,0,1,0,0,0,0,0,1,0,0,0,0,0,0,0,1,0,0,0,0,0,1,0,0
train_148,10,9,5,1,43,118,7,10,1,1,-3.0,0.48,0.48,-0.42000000000000004,-0.5,0,1,0,0,0,0,0,1,0,0,0,0,0,0,0,1,0,0,0,0,0,1,0,0,1
train_148,11,9,6,1,45,120,8,11,0,0,0.48,0.48,0.48,-0.42000000000000004,-0.5,1,0,0,0,1,0,1,0,0,1,0,0,0,0,0,0,0,0,0,1,1,0,0,1,0
train_148,12,8,6,0,49,128,10,12,0,0,0.48,0.48,-0.42000000000000004,-3.0,-0.5,0,1,0,0,0,1,0,0,0,1,0,1,0,0,1,0,0,0,0,0,0,0,0,0,1
train_148,13,7,6,0,52,134,10,13,0,0,0.48,0.48,-0.42000000000000004,0.48,-0.5,1,0,0,1,0,0,1,0,0,0,1,0,0,0,1,0,1,0,0,1,0,0,0,0,0
train_148,14,6,6,0,54,138,11,14,0,0,0.48,0.48,-0.42000000000000004,-3.0,-0.5,1,1,0,0,1,1,0,0,1,0,0,1,0,0,0,1,0,0,0,1,0,1,0,0,1
train_148,15,5,6,0,59,150,15,15,0,4,0.48,-3.0,-0.42000000000000004,0.48,10.0,0,0,2,0,0,1,1,0,0,1,1,0,0,1,0,0,1,0,0,0,1,0,0,0,1
train_148,16,4,6,0,63,162,15,16,0,0,10.48,0.48,-0.42000000000000004,-3.0,10.0,0,1,0,0,0,0,0,2,0,0,1,1,0,0,1,1,0,0,1,0,0,1,0,0,0
train_149,0,14,0,4,8,18,4,0,1,1,-3.0,0.48,-3.0,-3.0,-0.5,-1,-1,0,0,0,-1,-1,1,0,0,-1,-1,0,0,0,-1,-1,-1,-1,-1,-1,-1,-1,-1,-1
train_149,1,14,1,1,10,22,5,1,0,0,0.48,0.48,-3.0,-0.42000000000000004,-0.5,-1,0,0,0,0,-1,1,0,0,1,-1,0,0,0,0,-1,-1,-1,-1,-1,-1,-1,-1,-1,-1
train_149,2,13,1,0,13,30,5,2,0,0,0.48,0.48,-0.42000000000000004,-3.0,-0.5,-1,0,1,0,0,-1,0,0,0,0,-1,1,0,0,1,-1,0,0,0,0,-1,-1,-1,-1,-1
train_149,3,12,1,0,16,38,7,3,1,1,-3.0,0.48,-0.42000000000000004,0.48,-0.5,-1,1,0,0,0,-1,0,1,0,0,-1,0,0,0,0,-1,1,0,0,1,-1,0,0,0,0
train_149,4,12,2,1,21,54,8,4,0,0,0.48,0.48,0.48,-0.42000000000000004,-0.5,1,0,0,0,0,0,1,0,0,0,0,0,0,0,0,1,0,0,1,0,0,0,0,0,0
train_149,5,11,2,0,26,70,8,5,0,0,0.48,0.48,-0.42000000000000004,-3.0,-0.5,0,0,0,0,0,1,0,0,0,0,0,1,0,0,0,0,0,0,0,0,1,0,0,1,0
train_149,6,10,2,0,29,80,8,6,0,0,0.48,0.48,-0.42000000000000004,0.48,-0.5,1,0,0,0,1,0,0,0,0,0,1,0,0,0,0,0,1,0,0,0,0,0,0,0,0
train_149,7,9,2,0,34,94,10,7,1,0,0.48,0.48,-0.42000000000000004,0.48,-0.5,0,0,0,0,0,1,0,0,0,1,0,0,0,0,0,1,0,0,0,0,0,1,0,0,0
train_149,8,9,3,1,38,106,11,8,1,0,0.48,0.48,0.48,-0.42000000000000004,-0.5,0,0,0,0,0,0,0,0,1,1,0,0,0,0,0,0,0,0,0,0,1,0,0,0,0
train_149,9,9,4,1,43,122,12,9,1,4,-3.0,0.48,0.48,-0.42000000000000004,10.0,0,0,0,0,0,0,0,1,1,0,0,0,0,0,2,0,0,0,0,0,0,0,0,0,0
train_149,10,9,5,1,46,130,11,10,1,1,-3.0,10.48,0.48,-0.42000000000000004,10.0,0,0,0,0,1,0,1,1,0,0,0,0,0,2,1,0,0,0,0,0,0,0,0,0,0
train_150,0,14,0,4,7,14,2,0,0,0,0.48,-3.0,-3.0,-3.0,-0.5,-1,-1,1,0,0,-1,-1,0,0,0,-1,-1,0,1,0,-1,-1,-1,-1,-1,-1,-1,-1,-1,-1
train_150,1,13,0,0,9,16,3,1,1,1,-3.0,0.48,-0.42000000000000004,-3.0,-0.5,-1,-1,0,1,0,-1,-1,1,0,0,-1,-1,0,0,0,-1,-1,0,1,0,-1,-1,-1,-1,-1
train_150,2,13,1,1,11,20,3,2,1,0,0.48,0.48,-3.0,-0.42000000000000004,-0.5,-1,0,1,0,0,-1,1,0,0,1,-1,0,0,0,0,-1,0,1,0,1,-1,-1,-1,-1,-1
train_150,3,13,2,1,14,26,5,3,1,0,0.48,0.48,0.48,-0.42000000000000004,-0.5,0,1,0,0,0,1,0,0,1,1,0,0,0,0,0,0,1,0,1,0,-1,-1,-1,-1,-1
train_150,4,13,3,1,18,38,6,4,1,1,-3.0,0.48,-3.0,-0.42000000000000004,-0.5,1,0,0,0,0,0,0,1,1,0,0,0,0,0,0,1,0,1,0,0,-1,-1,-1,-1,-1
train_150,5,13,4,1,21,48,7,5,1,1,-3.0,0.48,0.48,-0.42000000000000004,-0.5,0,0,0,0,0,0,1,1,0,0,0,0,0,0,0,0,1,0,0,1,-1,-1,-1,-1,-1
train_150,6,13,5,1,25,60,9,6,0,0,0.48,0.48,0.48,-0.42000000000000004,-0.5,0,0,0,0,0,1,1,0,0,0,0,0,0,0,0,1,0,0,1,0,-1,-1,-1,-1,-1
train_150,7,12,5,0,29,74,10,7,1,0,0.48,0.48,-0.42000000000000004,-3.0,-0.5,1,0,0,0,0,0,0,0,0,0,1,1,0,0,0,0,0,0,0,0,1,0,0,1,0
train_150,8,12,6,1,34,92,9,8,1,0,0.48,0.48,0.48,-0.42000000000000004,-0.5,0,0,0,0,0,0,0,0,0,0,1,0,0,0,0,0,0,0,0,0,0,0,1,0,0
train_150,9,12,7,1,37,102,10,9,1,0,0.48,0.48,0.48,-0.42000000000000004,-0.5,0,0,0,0,0,0,0,0,0,0,0,0,0,0,0,0,0,0,0,1,0,1,0,0,1
train_150,10,12,8,1,41,112,12,10,1,0,0.48,0.48,0.48,-0.42000000000000004,-0.5,0,0,0,0,0,0,0,0,0,0,0,0,0,0,0,0,0,0,1,1,1,0,0,1,0
train_150,11,12,9,1,46,128,14,11,1,0,0.48,0.48,-3.0,-0.42000000000000004,-0.5,0,0,0,0,0,0,0,0,0,0,0,0,0,0,0,0,0,1,1,0,0,0,1,0,0
train_150,12,12,10,1,51,146,14,12,1,0,0.48,0.48,-3.0,-0.42000000000000004,-0.5,0,0,0,0,0,0,0,0,0,0,0,0,0,0,0,0,1,1,0,0,0,1,0,0,0
train_150,13,12,11,1,55,158,14,13,1,0,0.48,0.48,0.48,-0.42000000000000004,-0.5,0,0,0,0,0,0,0,0,0,1,0,0,0,0,0,1,1,0,0,0,1,0,0,0,0
train_150,14,12,12,1,59,168,11,14,1,4,0.48,0.48,0.48,-0.42000000000000004,10.0,0,0,0,0,0,0,0,0,1,0,0,0,0,0,1,1,0,0,0,0,0,0,0,0,2
train_150,15,12,13,1,59,168,11,15,2,4,-3.0,-3.0,0.48,-0.42000000000000004,10.0,0,0,0,0,-1,0,0,1,0,-1,0,0,0,1,-1,0,0,0,0,-1,0,0,0,2,-1
train_150,16,13,13,2,59,168,11,16,1,4,-0.42000000000000004,0.48,0.48,0.48,10.0,0,0,1,0,-1,0,0,0,1,-1,0,0,0,0,-1,0,0,0,2,-1,-1,-1,-1,-1,-1
train_150,17,13,14,1,59,168,11,17,2,2,-3.0,-3.0,10.48,-0.42000000000000004,10.0,0,1,0,-1,-1,0,0,1,-1,-1,0,0,0,-1,-1,0,0,2,-1,-1,-1,-1,-1,-1,-1
train_151,0,14,0,4,8,20,4,0,0,0,0.48,0.48,-3.0,-3.0,-0.5,-1,-1,0,0,0,-1,-1,0,0,0,-1,-1,0,0,1,-1,-1,-1,-1,-1,-1,-1,-1,-1,-1
train_151,1,13,0,0,10,24,4,1,0,4,0.48,0.48,-0.42000000000000004,-3.0,10.0,-1,-1,0,1,2,-1,-1,0,0,0,-1,-1,0,0,0,-1,-1,0,0,1,-1,-1,-1,-1,-1
train_151,2,12,0,0,12,28,4,2,1,4,0.48,0.48,-0.42000000000000004,-3.0,10.0,-1,-1,0,1,0,-1,-1,0,1,2,-1,-1,0,0,0,-1,-1,0,0,0,-1,-1,0,0,1
train_151,3,12,1,1,15,36,4,3,1,4,-3.0,0.48,0.48,-0.42000000000000004,10.0,-1,0,1,0,1,-1,0,1,2,1,-1,0,0,0,0,-1,0,0,0,0,-1,0,0,1,0
train_151,4,12,2,1,19,44,6,4,0,0,10.48,0.48,0.48,-0.42000000000000004,10.0,0,1,0,1,0,0,1,2,1,0,0,0,0,0,1,0,0,0,0,0,0,0,1,0,0
train_152,0,14,0,4,8,20,3,0,0,0,0.48,0.48,-3.0,-3.0,-0.5,-1,-1,0,0,1,-1,-1,0,0,0,-1,-1,0,0,0,-1,-1,-1,-1,-1,-1,-1,-1,-1,-1
train_152,1,13,0,0,11,28,5,1,0,0,0.48,0.48,-0.42000000000000004,-3.0,-0.5,-1,-1,0,0,0,-1,-1,0,0,1,-1,-1,0,0,0,-1,-1,0,0,0,-1,-1,-1,-1,-1
train_152,2,12,0,0,14,38,5,2,0,0,0.48,0.48,-0.42000000000000004,-3.0,-0.5,-1,-1,0,0,0,-1,-1,0,0,0,-1,-1,0,0,1,-1,-1,0,0,0,-1,-1,0,0,0
train_152,3,11,0,0,17,48,5,3,0,0,0.48,0.48,-0.42000000000000004,-3.0,-0.5,-1,-1,0,0,0,-1,-1,0,0,0,-1,-1,0,0,0,-1,-1,0,0,1,-1,-1,0,0,0
train_152,4,10,0,0,19,52,6,4,0,0,0.48,0.48,-0.42000000000000004,-3.0,-0.5,-1,-1,0,1,0,-1,-1,0,0,0,-1,-1,0,0,0,-1,-1,0,0,0,-1,-1,0,0,1
train_152,5,9,0,0,22,60,7,5,0,0,0.48,0.48,-0.42000000000000004,-3.0,-0.5,-1,-1,0,0,0,-1,-1,0,1,0,-1,-1,0,0,0,-1,-1,0,0,0,-1,-1,0,0,0
train_152,6,8,0,0,24,64,7,6,0,0,0.48,-3.0,-0.42000000000000004,-3.0,-0.5,-1,-1,0,1,0,-1,-1,0,0,0,-1,-1,0,1,0,-1,-1,0,0,0,-1,-1,0,0,0
train_152,7,7,0,0,26,68,7,7,1,0,0.48,0.48,-0.42000000000000004,-3.0,-0.5,-1,-1,0,0,1,-1,-1,0,1,0,-1,-1,0,0,0,-1,-1,0,1,0,-1,-1,0,0,0
train_152,8,7,1,1,31,84,8,8,1,1,-3.0,0.48,-3.0,-0.42000000000000004,-0.5,-1,0,0,1,0,-1,0,1,0,0,-1,0,0,0,0,-1,0,1,0,0,-1,0,0,0,0
train_152,9,7,2,1,35,96,9,9,1,0,0.48,0.48,0.48,-0.42000000000000004,-0.5,0,0,1,0,0,0,1,0,0,1,0,0,0,0,0,0,1,0,0,0,0,0,0,0,0
train_152,10,7,3,1,39,108,11,10,1,0,0.48,0.48,0.48,-0.42000000000000004,-0.5,0,1,0,0,1,1,0,0,1,0,0,0,0,0,0,1,0,0,0,0,0,0,0,0,0
train_152,11,7,4,1,44,124,11,11,1,1,-3.0,0.48,0.48,-0.42000000000000004,-0.5,1,0,0,1,0,0,0,1,0,0,0,0,0,0,0,0,0,0,0,0,0,0,0,0,0
train_152,12,7,5,1,47,132,11,12,0,0,0.48,0.48,0.48,-0.42000000000000004,-0.5,0,0,1,0,0,0,1,0,0,1,0,0,0,0,1,0,0,0,0,0,0,0,0,0,0
train_152,13,6,5,0,51,144,12,13,1,1,-3.0,0.48,-0.42000000000000004,-3.0,-0.5,0,0,0,0,1,0,0,1,0,0,0,1,0,0,1,0,0,0,0,1,0,0,0,0,0
train_152,14,6,6,1,55,152,14,14,0,0,0.48,-3.0,0.48,-0.42000000000000004,-0.5,0,0,0,1,0,0,1,0,0,0,1,0,0,1,1,0,0,0,1,0,0,0,0,0,0
train_152,15,5,6,0,58,158,15,15,1,0,0.48,0.48,-0.42000000000000004,-3.0,-0.5,0,1,0,0,1,0,0,0,1,0,0,1,0,0,0,1,0,0,1,1,0,0,0,1,0
train_152,16,5,7,1,62,166,19,16,1,1,-3.0,0.48,-3.0,-0.42000000000000004,-0.5,1,0,0,1,0,0,0,1,0,0,1,0,0,0,1,0,0,1,1,0,0,0,1,0,0
train_152,17,5,8,1,67,182,20,17,0,0,0.48,-3.0,-3.0,-0.42000000000000004,-0.5,0,0,1,0,0,0,1,0,0,0,0,0,0,1,0,0,1,1,0,0,0,1,0,0,0
train_152,18,4,8,0,71,192,20,18,1,4,-3.0,0.48,-0.42000000000000004,-3.0,10.0,0,1,2,0,0,0,0,1,0,0,0,1,0,0,0,0,0,0,1,0,0,1,1,0,0
train_152,19,4,9,1,74,200,19,19,0,4,0.48,0.48,-3.0,-0.42000000000000004,10.0,1,2,0,0,1,0,1,0,0,0,1,0,0,0,1,0,0,1,0,0,1,1,0,0,0
train_152,20,3,9,0,77,202,22,20,0,4,0.48,0.48,-0.42000000000000004,-3.0,10.0,0,1,0,1,0,1,2,0,0,1,0,1,0,0,0,1,0,0,0,1,0,0,1,0,0
train_152,21,2,9,0,81,210,22,21,3,3,0.48,0.48,-0.42000000000000004,10.48,10.0,0,0,1,0,0,0,1,0,1,0,1,2,0,0,1,0,1,0,0,0,1,0,0,0,1
train_153,0,14,0,4,7,16,3,0,0,0,0.48,0.48,-3.0,-3.0,-0.5,-1,-1,1,0,1,-1,-1,0,0,0,-1,-1,0,0,0,-1,-1,-1,-1,-1,-1,-1,-1,-1,-1
train_153,1,13,0,0,9,20,4,1,1,1,-3.0,0.48,-0.42000000000000004,-3.0,-0.5,-1,-1,1,0,0,-1,-1,1,0,1,-1,-1,0,0,0,-1,-1,0,0,0,-1,-1,-1,-1,-1
train_153,2,13,1,1,12,28,5,2,0,0,0.48,0.48,0.48,-0.42000000000000004,-0.5,-1,1,0,0,1,-1,1,0,1,0,-1,0,0,0,0,-1,0,0,0,0,-1,-1,-1,-1,-1
train_153,3,12,1,0,16,38,6,3,0,0,0.48,-3.0,-0.42000000000000004,-3.0,-0.5,-1,0,0,0,0,-1,1,0,0,1,-1,1,0,1,0,-1,0,0,0,0,-1,0,0,0,0
train_153,4,11,1,0,18,42,6,4,0,0,0.48,0.48,-0.42000000000000004,-3.0,-0.5,-1,0,1,1,0,-1,0,0,0,0,-1,1,0,0,1,-1,1,0,1,0,-1,0,0,0,0
train_153,5,10,1,0,20,46,7,5,1,1,-3.0,0.48,-0.42000000000000004,0.48,-0.5,-1,1,1,0,0,-1,0,1,1,0,-1,0,0,0,0,-1,1,0,0,1,-1,1,0,1,0
train_153,6,10,2,1,23,54,8,6,1,1,-3.0,0.48,0.48,-0.42000000000000004,-0.5,1,1,0,0,1,0,1,1,0,0,0,0,0,0,0,1,0,0,1,1,1,0,1,0,0
train_153,7,10,3,1,28,68,10,7,0,0,0.48,0.48,-3.0,-0.42000000000000004,-0.5,1,0,0,1,0,1,1,0,0,0,0,0,0,0,0,0,0,1,1,0,0,1,0,0,0
train_153,8,9,3,0,30,74,10,8,0,0,0.48,0.48,-0.42000000000000004,-3.0,-0.5,1,0,0,1,1,1,0,0,1,0,1,1,0,0,0,0,0,0,0,0,0,0,1,1,0
train_153,9,8,3,0,34,82,13,9,0,0,0.48,-3.0,-0.42000000000000004,0.48,-0.5,0,0,0,1,0,1,0,0,1,1,1,0,0,1,0,1,1,0,0,0,0,0,0,0,0
train_153,10,7,3,0,38,92,12,10,0,0,0.48,-3.0,-0.42000000000000004,0.48,-0.5,0,0,1,0,0,0,0,0,1,0,1,0,0,1,1,1,0,0,1,0,1,1,0,0,0
train_153,11,6,3,0,41,100,12,11,3,3,-3.0,-3.0,-0.42000000000000004,0.48,-0.5,0,0,0,1,1,0,0,1,0,0,0,0,0,1,0,1,0,0,1,1,1,0,0,1,0
train_153,12,6,2,3,43,104,11,12,0,0,0.48,-0.42000000000000004,0.48,0.48,-0.5,1,0,0,0,1,1,0,0,1,0,0,0,0,0,1,0,1,0,0,1,1,1,0,0,1
train_153,13,5,2,0,47,112,13,13,0,0,0.48,-3.0,-0.42000000000000004,0.48,-0.5,0,1,0,0,0,1,0,0,0,1,1,0,0,1,0,0,0,0,0,1,0,1,0,0,1
train_153,14,4,2,0,51,124,14,14,0,0,0.48,0.48,-0.42000000000000004,0.48,-0.5,0,0,0,0,1,0,1,0,0,0,1,0,0,0,1,1,0,0,1,0,0,0,0,0,1
train_153,15,3,2,0,56,140,13,15,1,0,0.48,0.48,-0.42000000000000004,-3.0,-0.5,0,0,0,0,0,0,0,0,0,1,0,1,0,0,0,1,0,0,0,1,1,0,0,1,0
train_153,16,3,3,1,58,144,13,16,1,0,0.48,0.48,0.48,-0.42000000000000004,-0.5,0,0,0,0,1,0,0,0,1,0,1,0,0,0,0,0,0,0,1,1,0,0,1,0,0
train_153,17,3,4,1,60,146,15,17,1,1,-3.0,0.48,-3.0,-0.42000000000000004,-0.5,0,0,0,1,0,0,0,1,0,1,0,0,0,0,0,0,0,1,1,1,0,1,0,0,1
train_153,18,3,5,1,65,158,19,18,1,0,0.48,0.48,-3.0,-0.42000000000000004,-0.5,0,0,1,0,0,0,1,0,1,0,0,0,0,0,0,0,1,1,1,0,1,0,0,1,0
train_153,19,3,6,1,69,172,20,19,1,1,-3.0,0.48,-3.0,-0.42000000000000004,-0.5,0,1,0,0,0,1,0,1,0,0,0,0,0,0,0,1,1,1,0,0,0,0,1,0,1
train_153,20,3,7,1,74,188,20,20,0,4,0.48,0.48,0.48,-0.42000000000000004,10.0,1,0,0,0,2,0,1,0,0,0,0,0,0,0,0,1,1,0,0,0,0,1,0,1,0
train_153,21,2,7,0,78,200,17,21,0,4,0.48,0.48,-0.42000000000000004,-3.0,10.0,0,0,0,0,1,1,0,0,0,2,0,1,0,0,0,0,0,0,0,0,1,1,0,0,0
train_153,22,1,7,0,78,200,17,22,1,4,0.48,0.48,-0.42000000000000004,0.48,10.0,-1,-1,-1,-1,-1,0,0,0,0,1,1,0,0,0,2,0,1,0,0,0,0,0,0,0,0
train_153,23,1,8,1,82,212,17,23,1,1,0.48,10.48,0.48,-0.42000000000000004,10.0,-1,-1,-1,-1,-1,0,0,0,1,0,0,0,0,2,0,1,0,0,0,0,0,0,0,0,0
train_154,0,14,0,4,9,24,6,0,0,0,0.48,0.48,-3.0,-3.0,-0.5,-1,-1,0,0,0,-1,-1,0,0,0,-1,-1,0,0,0,-1,-1,-1,-1,-1,-1,-1,-1,-1,-1
train_154,1,13,0,0,12,34,5,1,0,0,0.48,0.48,-0.42000000000000004,-3.0,-0.5,-1,-1,0,0,0,-1,-1,0,0,0,-1,-1,0,0,0,-1,-1,0,0,0,-1,-1,-1,-1,-1
train_154,2,12,0,0,13,36,5,2,0,0,0.48,0.48,-0.42000000000000004,-3.0,-0.5,-1,-1,1,1,0,-1,-1,0,0,0,-1,-1,0,0,0,-1,-1,0,0,0,-1,-1,0,0,0
train_154,3,11,0,0,16,42,7,3,1,1,-3.0,0.48,-0.42000000000000004,-3.0,-0.5,-1,-1,0,0,0,-1,-1,1,1,0,-1,-1,0,0,0,-1,-1,0,0,0,-1,-1,0,0,0
train_154,4,11,1,1,19,52,7,4,1,1,-3.0,0.48,0.48,-0.42000000000000004,-0.5,-1,0,0,0,1,-1,1,1,0,1,-1,0,0,0,0,-1,0,0,0,0,-1,0,0,0,0
train_154,5,11,2,1,22,58,8,5,0,0,0.48,0.48,0.48,-0.42000000000000004,-0.5,0,0,0,1,1,1,1,0,1,0,0,0,0,0,1,0,0,0,0,0,0,0,0,0,0
train_154,6,10,2,0,27,72,10,6,0,0,0.48,-3.0,-0.42000000000000004,-3.0,-0.5,0,0,0,0,0,0,0,0,1,1,1,1,0,1,0,0,0,0,0,1,0,0,0,0,0
train_154,7,9,2,0,31,84,11,7,0,0,0.48,-3.0,-0.42000000000000004,0.48,-0.5,0,0,1,0,0,0,0,0,0,0,0,0,0,1,1,1,1,0,1,0,0,0,0,0,1
train_154,8,8,2,0,36,100,12,8,1,1,-3.0,0.48,-0.42000000000000004,0.48,-0.5,0,0,0,0,0,0,0,1,0,0,0,0,0,0,0,0,0,0,1,1,1,1,0,1,0
train_154,9,8,3,1,40,112,13,9,0,0,0.48,0.48,-3.0,-0.42000000000000004,-0.5,0,0,0,0,0,0,1,0,0,0,0,0,0,0,0,0,0,1,1,1,1,0,1,0,0
train_154,10,7,3,0,44,126,14,10,0,0,0.48,0.48,-0.42000000000000004,-3.0,-0.5,1,0,0,0,0,0,0,0,0,0,0,1,0,0,0,0,0,0,0,0,0,0,1,1,1
train_154,11,6,3,0,49,142,13,11,0,0,0.48,0.48,-0.42000000000000004,0.48,-0.5,0,0,0,0,0,1,0,0,0,0,0,0,0,0,0,0,1,0,0,0,0,0,0,0,0
train_154,12,5,3,0,50,144,13,12,0,0,0.48,0.48,-0.42000000000000004,0.48,-0.5,0,1,1,1,1,0,0,0,0,0,1,0,0,0,0,0,0,0,0,0,0,1,0,0,0
train_154,13,4,3,0,55,154,19,13,1,1,-3.0,0.48,-0.42000000000000004,0.48,-0.5,0,0,0,0,0,0,1,1,1,1,0,0,0,0,0,1,0,0,0,0,0,0,0,0,0
train_154,14,4,4,1,60,170,20,14,1,1,-3.0,0.48,0.48,-0.42000000000000004,-0.5,0,0,0,0,0,1,1,1,1,0,0,0,0,0,0,0,0,0,0,0,0,0,0,0,0
train_154,15,4,5,1,63,180,19,15,1,1,-3.0,0.48,0.48,-0.42000000000000004,-0.5,0,0,0,0,1,1,1,1,0,0,0,0,0,0,0,0,0,0,0,0,0,0,0,0,1
train_154,16,4,6,1,67,188,23,16,0,4,0.48,0.48,0.48,-0.42000000000000004,10.0,0,0,0,1,2,1,1,0,0,0,0,0,0,0,1,0,0,0,0,0,0,0,0,1,0
train_154,17,3,6,0,71,200,25,17,1,4,0.48,0.48,-0.42000000000000004,-3.0,10.0,0,0,0,1,0,0,0,0,1,2,1,1,0,0,0,0,0,0,0,1,0,0,0,0,0
train_154,18,3,7,1,76,216,26,18,1,4,-3.0,0.48,0.48,-0.42000000000000004,10.0,0,0,1,0,0,0,0,1,2,0,1,0,0,0,0,0,0,0,1,0,0,0,0,0,0
train_154,19,3,8,1,79,224,26,19,0,0,10.48,0.48,-3.0,-0.42000000000000004,10.0,0,1,0,0,1,0,1,2,0,0,0,0,0,0,0,0,0,1,0,1,0,0,0,0,0
train_155,0,14,0,4,7,14,2,0,0,0,0.48,0.48,-3.0,-3.0,-0.5,-1,-1,0,1,0,-1,-1,0,0,0,-1,-1,0,0,1,-1,-1,-1,-1,-1,-1,-1,-1,-1,-1
train_155,1,13,0,0,9,18,3,1,1,0,0.48,0.48,-0.42000000000000004,-3.0,-0.5,-1,-1,0,0,1,-1,-1,0,1,0,-1,-1,0,0,0,-1,-1,0,0,1,-1,-1,-1,-1,-1
train_155,2,13,1,1,11,22,4,2,1,1,-3.0,0.48,0.48,-0.42000000000000004,-0.5,-1,0,0,1,0,-1,0,1,0,0,-1,0,0,0,1,-1,0,0,1,1,-1,-1,-1,-1,-1
train_155,3,13,2,1,15,32,7,3,0,0,0.48,-3.0,-3.0,-0.42000000000000004,-0.5,0,0,1,0,0,0,1,0,0,0,0,0,0,1,0,0,0,1,1,0,-1,-1,-1,-1,-1
train_155,4,12,2,0,19,42,6,4,1,1,-3.0,0.48,-0.42000000000000004,-3.0,-0.5,0,0,0,1,0,0,0,1,0,0,0,1,0,0,0,0,0,0,1,0,0,0,1,1,0
train_155,5,12,3,1,23,56,4,5,0,0,0.48,0.48,-3.0,-0.42000000000000004,-0.5,0,0,1,0,1,0,1,0,0,0,1,0,0,0,0,0,0,1,0,0,0,1,1,0,0
train_155,6,11,3,0,26,62,6,6,1,1,-3.0,0.48,-0.42000000000000004,-3.0,-0.5,1,0,1,0,0,0,0,1,0,1,0,1,0,0,0,1,0,0,0,0,0,0,1,0,0
train_155,7,11,4,1,30,72,8,7,0,0,0.48,0.48,0.48,-0.42000000000000004,-0.5,0,1,0,0,0,0,1,0,1,0,1,0,0,0,0,0,0,0,0,1,0,1,0,0,0
train_155,8,10,4,0,34,84,9,8,0,0,0.48,-3.0,-0.42000000000000004,-3.0,-0.5,0,1,0,0,0,0,1,0,0,0,0,1,0,1,0,1,0,0,0,0,0,0,0,0,1
train_155,9,9,4,0,38,96,11,9,0,0,0.48,0.48,-0.42000000000000004,-3.0,-0.5,1,0,0,0,0,0,1,0,0,0,0,1,0,0,0,0,1,0,1,0,1,0,0,0,0
train_155,10,8,4,0,42,110,11,10,0,0,0.48,0.48,-0.42000000000000004,-3.0,-0.5,1,0,0,0,0,1,0,0,0,0,0,1,0,0,0,0,1,0,0,0,0,1,0,1,0
train_155,11,7,4,0,46,120,12,11,0,0,0.48,0.48,-0.42000000000000004,0.48,-0.5,0,0,0,1,0,1,0,0,0,0,1,0,0,0,0,0,1,0,0,0,0,1,0,0,0
train_155,12,6,4,0,50,132,14,12,0,0,0.48,0.48,-0.42000000000000004,0.48,-0.5,1,0,0,0,0,0,0,0,1,0,1,0,0,0,0,1,0,0,0,0,0,1,0,0,0
train_155,13,5,4,0,55,148,16,13,0,0,0.48,-3.0,-0.42000000000000004,0.48,-0.5,0,0,0,0,0,1,0,0,0,0,0,0,0,1,0,1,0,0,0,0,1,0,0,0,0
train_155,14,4,4,0,60,166,15,14,1,0,0.48,0.48,-0.42000000000000004,0.48,-0.5,0,0,0,0,0,0,0,0,0,0,1,0,0,0,0,0,0,0,1,0,1,0,0,0,0
train_155,15,4,5,1,62,170,16,15,1,0,0.48,0.48,-3.0,-0.42000000000000004,-0.5,0,0,0,0,1,0,0,0,0,1,0,0,0,0,0,0,0,1,0,1,0,0,0,0,0
train_155,16,4,6,1,67,182,19,16,1,0,0.48,0.48,0.48,-0.42000000000000004,-0.5,0,0,0,1,0,0,0,0,1,0,0,0,0,0,0,0,1,0,1,0,0,0,0,0,0
train_155,17,4,7,1,70,190,20,17,1,1,-3.0,0.48,-3.0,-0.42000000000000004,-0.5,0,0,1,0,1,0,0,1,0,0,0,0,0,0,1,1,0,1,0,0,0,0,0,0,0
train_155,18,4,8,1,74,200,21,18,0,0,0.48,-3.0,0.48,-0.42000000000000004,-0.5,0,1,0,1,0,0,1,0,0,0,0,0,0,1,1,0,1,0,0,0,0,0,0,0,0
train_155,19,3,8,0,78,210,24,19,0,0,0.48,0.48,-0.42000000000000004,-3.0,-0.5,1,0,0,0,0,0,1,0,1,0,0,1,0,0,0,0,0,0,1,1,0,1,0,0,0
train_155,20,2,8,0,83,226,22,20,0,0,0.48,-3.0,-0.42000000000000004,-3.0,-0.5,0,0,0,0,0,1,0,0,0,0,0,1,0,1,0,0,1,0,0,0,0,0,0,1,1
train_155,21,1,8,0,83,226,22,21,1,0,0.48,0.48,-0.42000000000000004,0.48,-0.5,-1,-1,-1,-1,-1,0,0,0,0,0,1,0,0,0,0,0,1,0,1,0,0,1,0,0,0
train_155,22,1,9,1,86,234,21,22,1,0,0.48,0.48,-3.0,-0.42000000000000004,-0.5,-1,-1,-1,-1,-1,0,0,0,0,0,0,0,0,0,0,1,0,1,0,1,1,0,0,0,0
train_155,23,1,10,1,89,242,20,23,1,4,0.48,0.48,0.48,-0.42000000000000004,10.0,-1,-1,-1,-1,-1,0,0,0,0,0,0,0,0,0,2,0,1,0,1,0,0,0,0,0,1
train_155,24,1,11,1,91,246,22,24,1,1,0.48,10.48,-3.0,-0.42000000000000004,10.0,-1,-1,-1,-1,-1,0,0,0,0,1,0,0,0,2,1,1,0,1,0,0,0,0,0,1,0
train_156,0,14,0,4,6,8,4,0,1,1,-3.0,0.48,-3.0,-3.0,-0.5,-1,-1,0,0,0,-1,-1,1,1,1,-1,-1,0,0,0,-1,-1,-1,-1,-1,-1,-1,-1,-1,-1
train_156,1,14,1,1,9,16,5,1,1,1,-3.0,0.48,-3.0,-0.42000000000000004,-0.5,-1,0,0,0,0,-1,1,1,1,0,-1,0,0,0,0,-1,-1,-1,-1,-1,-1,-1,-1,-1,-1
train_156,2,14,2,1,11,20,4,2,1,1,-3.0,0.48,-3.0,-0.42000000000000004,-0.5,0,0,0,0,0,1,1,1,0,1,0,0,0,0,0,-1,-1,-1,-1,-1,-1,-1,-1,-1,-1
train_156,3,14,3,1,12,20,5,3,0,0,0.48,0.48,-3.0,-0.42000000000000004,-0.5,0,0,0,0,1,1,1,0,1,0,0,0,0,0,1,-1,-1,-1,-1,-1,-1,-1,-1,-1,-1
train_156,4,13,3,0,16,30,7,4,0,0,0.48,-3.0,-0.42000000000000004,-3.0,-0.5,0,1,0,0,0,0,0,0,0,1,1,1,0,1,0,0,0,0,0,1,-1,-1,-1,-1,-1
train_156,5,12,3,0,21,46,10,5,0,0,0.48,0.48,-0.42000000000000004,0.48,-0.5,0,0,0,0,0,0,1,0,0,0,0,0,0,0,1,1,1,0,1,0,0,0,0,0,1
train_156,6,11,3,0,26,64,9,6,0,0,0.48,0.48,-0.42000000000000004,-3.0,-0.5,0,0,0,0,0,0,0,0,0,0,0,1,0,0,0,0,0,0,0,1,1,1,0,1,0
train_156,7,10,3,0,28,68,8,7,0,0,0.48,0.48,-0.42000000000000004,0.48,-0.5,0,1,0,1,1,0,0,0,0,0,0,0,0,0,0,0,1,0,0,0,0,0,0,0,1
train_156,8,9,3,0,30,68,11,8,1,0,0.48,0.48,-0.42000000000000004,0.48,-0.5,1,0,1,1,0,0,1,0,1,1,0,0,0,0,0,0,0,0,0,0,0,1,0,0,0
train_156,9,9,4,1,34,80,11,9,1,1,-3.0,0.48,0.48,-0.42000000000000004,-0.5,0,1,1,0,0,1,0,1,1,0,0,0,0,0,0,0,0,0,0,0,1,0,0,0,1
train_156,10,9,5,1,37,88,12,10,1,1,-3.0,0.48,0.48,-0.42000000000000004,-0.5,1,1,0,0,0,0,1,1,0,0,0,0,0,0,1,0,0,0,0,0,0,0,0,1,1
train_156,11,9,6,1,42,102,16,11,0,0,0.48,-3.0,0.48,-0.42000000000000004,-0.5,1,0,0,0,0,1,1,0,0,0,0,0,0,1,0,0,0,0,0,0,0,0,1,1,0
train_156,12,8,6,0,46,112,17,12,0,0,0.48,0.48,-0.42000000000000004,-3.0,-0.5,0,0,1,0,0,1,0,0,0,0,1,1,0,0,0,0,0,0,1,0,0,0,0,0,0
train_156,13,7,6,0,48,116,19,13,3,1,-3.0,0.48,-0.42000000000000004,0.48,-0.5,0,1,1,1,0,0,0,1,0,0,1,0,0,0,0,1,1,0,0,0,0,0,0,1,0
train_156,14,7,5,3,50,122,20,14,0,0,0.48,-0.42000000000000004,-3.0,-3.0,-0.5,0,0,1,1,1,0,0,0,1,0,1,1,0,0,0,0,1,1,0,0,0,0,0,0,1
train_156,15,6,5,0,55,134,25,15,3,3,-3.0,-3.0,-0.42000000000000004,0.48,-0.5,0,0,0,0,0,0,0,1,1,1,0,0,0,1,0,1,1,0,0,0,0,1,1,0,0
train_156,16,6,4,3,58,146,24,16,0,0,0.48,-0.42000000000000004,-3.0,0.48,-0.5,0,0,0,0,0,0,0,0,1,1,0,0,0,0,1,0,1,1,0,0,1,0,1,1,0
train_156,17,5,4,0,63,164,25,17,0,0,0.48,-3.0,-0.42000000000000004,0.48,-0.5,0,0,0,0,0,0,0,0,0,0,0,0,0,1,1,0,0,0,0,1,0,1,1,0,0
train_156,18,4,4,0,67,178,26,18,0,4,0.48,0.48,-0.42000000000000004,0.48,10.0,1,2,0,0,0,0,0,0,0,0,0,0,0,0,0,0,0,0,1,1,0,0,0,0,1
train_156,19,3,4,0,72,194,26,19,0,4,0.48,0.48,-0.42000000000000004,0.48,10.0,0,0,0,0,0,1,2,0,0,0,0,0,0,0,0,0,0,0,0,0,0,0,0,1,1
train_156,20,2,4,0,75,202,24,20,3,3,0.48,0.48,-0.42000000000000004,10.48,10.0,1,0,1,0,0,0,0,0,0,0,1,2,0,0,0,0,0,0,0,0,0,0,0,0,0
train_157,0,14,0,4,7,16,2,0,0,0,0.48,0.48,-3.0,-3.0,-0.5,-1,-1,1,1,0,-1,-1,0,0,0,-1,-1,0,0,0,-1,-1,-1,-1,-1,-1,-1,-1,-1,-1
train_157,1,13,0,0,9,20,4,1,1,1,-3.0,0.48,-0.42000000000000004,-3.0,-0.5,-1,-1,1,0,0,-1,-1,1,1,0,-1,-1,0,0,0,-1,-1,0,0,0,-1,-1,-1,-1,-1
train_157,2,13,1,1,11,24,5,2,1,1,-3.0,0.48,0.48,-0.42000000000000004,-0.5,-1,1,0,0,0,-1,1,1,0,1,-1,0,0,0,1,-1,0,0,0,0,-1,-1,-1,-1,-1
train_157,3,13,2,1,13,28,6,3,0,0,0.48,-3.0,0.48,-0.42000000000000004,-0.5,1,0,0,0,0,1,1,0,1,1,0,0,0,1,1,0,0,0,0,0,-1,-1,-1,-1,-1
train_157,4,12,2,0,18,44,8,4,0,0,0.48,-3.0,-0.42000000000000004,-3.0,-0.5,0,0,0,0,0,1,0,0,0,0,1,1,0,1,1,0,0,0,1,1,0,0,0,0,0
train_157,5,11,2,0,23,62,7,5,0,0,0.48,0.48,-0.42000000000000004,0.48,-0.5,0,0,0,0,0,0,0,0,0,0,1,0,0,0,0,1,1,0,1,1,0,0,0,1,1
train_157,6,10,2,0,26,70,7,6,0,0,0.48,0.48,-0.42000000000000004,0.48,-0.5,0,1,1,0,0,0,0,0,0,0,0,0,0,0,0,1,0,0,0,0,1,1,0,1,1
train_157,7,9,2,0,30,80,8,7,1,1,-3.0,0.48,-0.42000000000000004,0.48,-0.5,0,1,0,0,0,0,1,1,0,0,0,0,0,0,0,0,0,0,0,0,1,0,0,0,0
train_157,8,9,3,1,33,90,9,8,0,0,0.48,0.48,0.48,-0.42000000000000004,-0.5,1,0,0,0,1,1,1,0,0,1,0,0,0,0,0,0,0,0,0,0,0,0,0,0,0
train_157,9,8,3,0,37,102,11,9,0,0,0.48,0.48,-0.42000000000000004,-3.0,-0.5,0,0,0,0,1,1,0,0,0,1,1,1,0,0,1,0,0,0,0,0,0,0,0,0,0
train_157,10,7,3,0,41,116,9,10,0,0,0.48,0.48,-0.42000000000000004,0.48,-0.5,0,0,0,0,1,0,0,0,0,1,1,0,0,0,1,1,1,0,0,1,0,0,0,0,0
train_157,11,6,3,0,44,122,11,11,0,0,0.48,0.48,-0.42000000000000004,0.48,-0.5,1,0,1,0,0,0,0,0,0,1,0,0,0,0,1,1,0,0,0,1,1,1,0,0,1
train_157,12,5,3,0,48,132,11,12,1,4,-3.0,0.48,-0.42000000000000004,0.48,10.0,0,0,1,0,2,1,0,1,0,0,0,0,0,0,1,0,0,0,0,1,1,0,0,0,1
train_157,13,5,4,1,51,138,13,13,0,4,0.48,-3.0,0.48,-0.42000000000000004,10.0,0,1,0,2,1,0,1,0,0,0,0,0,0,1,0,0,0,0,1,0,0,0,0,1,1
train_157,14,4,4,0,55,146,16,14,0,4,0.48,0.48,-0.42000000000000004,-3.0,10.0,0,0,0,1,0,0,1,0,2,1,0,1,0,0,0,0,0,0,1,0,0,0,0,1,0
train_157,15,3,4,0,60,162,18,15,1,1,0.48,10.48,-0.42000000000000004,-3.0,10.0,0,0,0,0,0,0,0,0,1,0,0,1,0,2,1,0,1,0,0,0,0,0,0,1,0
train_158,0,14,0,4,5,6,2,0,0,0,0.48,-3.0,-3.0,-3.0,-0.5,-1,-1,0,1,0,-1,-1,0,0,1,-1,-1,0,1,1,-1,-1,-1,-1,-1,-1,-1,-1,-1,-1
train_158,1,13,0,0,7,10,3,1,0,0,0.48,0.48,-0.42000000000000004,-3.0,-0.5,-1,-1,0,0,1,-1,-1,0,1,0,-1,-1,0,0,1,-1,-1,0,1,1,-1,-1,-1,-1,-1
train_158,2,12,0,0,9,16,3,2,0,0,0.48,-3.0,-0.42000000000000004,-3.0,-0.5,-1,-1,0,0,1,-1,-1,0,0,1,-1,-1,0,1,0,-1,-1,0,0,1,-1,-1,0,1,1
train_158,3,11,0,0,12,24,4,3,0,0,0.48,0.48,-0.42000000000000004,-3.0,-0.5,-1,-1,0,0,0,-1,-1,0,0,1,-1,-1,0,0,1,-1,-1,0,1,0,-1,-1,0,0,1
train_158,4,10,0,0,14,30,5,4,0,0,0.48,0.48,-0.42000000000000004,-3.0,-0.5,-1,-1,1,0,0,-1,-1,0,0,0,-1,-1,0,0,1,-1,-1,0,0,1,-1,-1,0,1,0
train_158,5,9,0,0,16,36,5,5,1,1,-3.0,0.48,-0.42000000000000004,-3.0,-0.5,-1,-1,1,0,0,-1,-1,1,0,0,-1,-1,0,0,0,-1,-1,0,0,1,-1,-1,0,0,1
train_158,6,9,1,1,19,46,5,6,1,0,0.48,0.48,0.48,-0.42000000000000004,-0.5,-1,1,0,0,0,-1,1,0,0,0,-1,0,0,0,0,-1,0,0,1,1,-1,0,0,1,1
train_158,7,9,2,1,23,56,8,7,1,0,0.48,0.48,-3.0,-0.42000000000000004,-0.5,1,0,0,0,0,1,0,0,0,0,0,0,0,0,0,0,0,1,1,1,0,0,1,1,0
train_158,8,9,3,1,27,68,10,8,1,0,0.48,0.48,-3.0,-0.42000000000000004,-0.5,0,0,0,0,0,0,0,0,0,0,0,0,0,0,0,0,1,1,1,1,0,1,1,0,0
train_158,9,9,4,1,32,84,12,9,1,0,0.48,0.48,-3.0,-0.42000000000000004,-0.5,0,0,0,0,0,0,0,0,0,0,0,0,0,0,0,1,1,1,1,0,1,1,0,0,0
train_158,10,9,5,1,36,96,13,10,1,0,0.48,0.48,-3.0,-0.42000000000000004,-0.5,0,0,0,0,0,0,0,0,0,0,0,0,0,0,0,1,1,1,0,1,1,0,0,0,0
train_158,11,9,6,1,41,112,15,11,2,0,0.48,0.48,0.48,-0.42000000000000004,-0.5,0,0,0,0,0,0,0,0,0,0,0,0,0,0,0,1,1,0,1,0,0,0,0,0,0
train_158,12,10,6,2,45,124,16,12,2,2,-0.42000000000000004,-3.0,0.48,-3.0,-0.5,0,0,0,0,0,0,0,0,0,0,1,1,0,1,0,0,0,0,0,0,0,0,0,1,0
train_158,13,11,6,2,49,136,18,13,2,1,-0.42000000000000004,0.48,0.48,0.48,-0.5,0,0,0,0,0,1,1,0,1,0,0,0,0,0,0,0,0,0,1,0,1,0,0,0,0
train_158,14,12,6,2,54,152,16,14,2,4,-0.42000000000000004,-3.0,0.48,0.48,10.0,1,1,0,1,0,0,0,0,0,0,0,0,0,1,0,1,0,0,0,0,2,0,0,0,0
train_158,15,13,6,2,54,152,16,15,2,4,-0.42000000000000004,0.48,0.48,0.48,10.0,0,0,0,0,0,0,0,0,1,0,1,0,0,0,0,2,0,0,0,0,-1,-1,-1,-1,-1
train_158,16,14,6,2,54,152,16,16,3,4,-0.42000000000000004,0.48,-3.0,0.48,10.0,0,0,0,1,0,1,0,0,0,0,2,0,0,0,0,-1,-1,-1,-1,-1,-1,-1,-1,-1,-1
train_158,17,14,5,3,56,158,13,17,3,3,0.48,-0.42000000000000004,-3.0,10.48,10.0,0,0,0,0,1,1,1,0,0,0,0,2,0,0,0,-1,-1,-1,-1,-1,-1,-1,-1,-1,-1
train_159,0,14,0,4,6,12,2,0,0,0,10.48,0.48,-3.0,-3.0,10.0,-1,-1,0,1,1,-1,-1,2,0,1,-1,-1,0,0,0,-1,-1,-1,-1,-1,-1,-1,-1,-1,-1
train_160,0,14,0,4,8,20,5,0,0,0,0.48,0.48,-3.0,-3.0,-0.5,-1,-1,1,0,0,-1,-1,0,0,0,-1,-1,0,0,0,-1,-1,-1,-1,-1,-1,-1,-1,-1,-1
train_160,1,13,0,0,10,26,5,1,1,1,-3.0,0.48,-0.42000000000000004,-3.0,-0.5,-1,-1,1,0,0,-1,-1,1,0,0,-1,-1,0,0,0,-1,-1,0,0,0,-1,-1,-1,-1,-1
train_160,2,13,1,1,14,40,5,2,0,0,0.48,0.48,0.48,-0.42000000000000004,-0.5,-1,1,0,0,0,-1,1,0,0,0,-1,0,0,0,0,-1,0,0,0,0,-1,-1,-1,-1,-1
train_160,3,12,1,0,17,46,6,3,0,0,0.48,0.48,-0.42000000000000004,-3.0,-0.5,-1,0,0,1,0,-1,1,0,0,0,-1,1,0,0,0,-1,0,0,0,0,-1,0,0,0,0
train_160,4,11,1,0,20,54,7,4,0,0,0.48,0.48,-0.42000000000000004,-3.0,-0.5,-1,1,0,0,0,-1,0,0,1,0,-1,1,0,0,0,-1,1,0,0,0,-1,0,0,0,0
train_160,5,10,1,0,22,58,7,5,0,0,0.48,-3.0,-0.42000000000000004,0.48,-0.5,-1,1,0,1,0,-1,1,0,0,0,-1,0,0,1,0,-1,1,0,0,0,-1,1,0,0,0
train_160,6,9,1,0,25,64,9,6,0,0,0.48,0.48,-0.42000000000000004,-3.0,-0.5,-1,0,0,0,1,-1,1,0,1,0,-1,1,0,0,0,-1,0,0,1,0,-1,1,0,0,0
train_160,7,8,1,0,29,76,10,7,0,0,0.48,-3.0,-0.42000000000000004,-3.0,-0.5,-1,0,0,0,0,-1,0,0,0,1,-1,1,0,1,0,-1,1,0,0,0,-1,0,0,1,0
train_160,8,7,1,0,32,86,9,8,0,0,0.48,0.48,-0.42000000000000004,0.48,-0.5,-1,0,0,0,1,-1,0,0,0,0,-1,0,0,0,1,-1,1,0,1,0,-1,1,0,0,0
train_160,9,6,1,0,34,92,8,9,0,0,0.48,0.48,-0.42000000000000004,0.48,-0.5,-1,1,0,0,1,-1,0,0,0,1,-1,0,0,0,0,-1,0,0,0,1,-1,1,0,1,0
train_160,10,5,1,0,37,96,11,10,0,0,0.48,0.48,-0.42000000000000004,0.48,-0.5,-1,0,0,1,0,-1,1,0,0,1,-1,0,0,0,1,-1,0,0,0,0,-1,0,0,0,1
train_160,11,4,1,0,41,108,12,11,0,4,0.48,0.48,-0.42000000000000004,-3.0,10.0,-1,0,0,2,0,-1,0,0,1,0,-1,1,0,0,1,-1,0,0,0,1,-1,0,0,0,0
train_160,12,3,1,0,44,118,12,12,0,4,0.48,-3.0,-0.42000000000000004,0.48,10.0,-1,1,0,0,0,-1,0,0,2,0,-1,0,0,1,0,-1,1,0,0,1,-1,0,0,0,1
train_160,13,2,1,0,46,124,10,13,1,1,0.48,10.48,-0.42000000000000004,0.48,10.0,-1,1,0,0,1,-1,1,0,0,0,-1,0,0,2,0,-1,0,0,1,0,-1,1,0,0,1
train_161,0,14,0,4,8,16,5,0,0,0,0.48,0.48,-3.0,-3.0,-0.5,-1,-1,0,0,0,-1,-1,0,1,0,-1,-1,0,0,0,-1,-1,-1,-1,-1,-1,-1,-1,-1,-1
train_161,1,13,0,0,11,26,6,1,0,0,0.48,-3.0,-0.42000000000000004,-3.0,-0.5,-1,-1,0,0,0,-1,-1,0,0,0,-1,-1,0,1,0,-1,-1,0,0,0,-1,-1,-1,-1,-1
train_161,2,12,0,0,14,36,6,2,0,0,0.48,0.48,-0.42000000000000004,-3.0,-0.5,-1,-1,0,0,0,-1,-1,0,0,0,-1,-1,0,0,0,-1,-1,0,1,0,-1,-1,0,0,0
train_161,3,11,0,0,16,40,7,3,0,0,0.48,0.48,-0.42000000000000004,-3.0,-0.5,-1,-1,0,1,0,-1,-1,0,0,0,-1,-1,0,0,0,-1,-1,0,0,0,-1,-1,0,1,0
train_161,4,10,0,0,18,44,8,4,1,0,0.48,0.48,-0.42000000000000004,-3.0,-0.5,-1,-1,0,1,0,-1,-1,0,1,0,-1,-1,0,0,0,-1,-1,0,0,0,-1,-1,0,0,0
train_161,5,10,1,1,22,58,9,5,1,1,-3.0,0.48,0.48,-0.42000000000000004,-0.5,-1,0,1,0,0,-1,0,1,0,0,-1,0,0,0,0,-1,0,0,0,0,-1,0,0,0,1
train_161,6,10,2,1,27,74,9,6,0,0,0.48,0.48,0.48,-0.42000000000000004,-0.5,0,1,0,0,0,0,1,0,0,0,0,0,0,0,0,0,0,0,0,0,0,0,0,1,0
train_161,7,9,2,0,31,86,10,7,0,0,0.48,0.48,-0.42000000000000004,-3.0,-0.5,0,0,0,0,1,0,1,0,0,0,0,1,0,0,0,0,0,0,0,0,0,0,0,0,0
train_161,8,8,2,0,36,102,10,8,1,0,0.48,0.48,-0.42000000000000004,-3.0,-0.5,0,0,0,0,0,0,0,0,0,1,0,1,0,0,0,0,1,0,0,0,0,0,0,0,0
train_161,9,8,3,1,41,118,10,9,1,0,0.48,0.48,0.48,-0.42000000000000004,-0.5,0,0,0,0,0,0,0,0,1,0,1,0,0,0,0,1,0,0,0,0,0,0,0,0,0
train_161,10,8,4,1,44,126,11,10,1,1,-3.0,0.48,0.48,-0.42000000000000004,-0.5,0,0,0,0,0,0,0,1,0,0,0,0,0,0,1,0,0,0,0,0,0,0,0,0,1
train_161,11,8,5,1,49,140,12,11,0,4,0.48,-3.0,0.48,-0.42000000000000004,10.0,0,0,0,0,0,0,1,0,0,2,0,0,0,1,0,0,0,0,0,0,0,0,0,1,0
train_161,12,7,5,0,53,154,11,12,1,4,0.48,0.48,-0.42000000000000004,-3.0,10.0,1,0,0,0,0,0,0,0,0,0,0,1,0,0,2,0,0,0,1,0,0,0,0,0,0
train_161,13,7,6,1,56,164,11,13,1,1,0.48,10.48,-3.0,-0.42000000000000004,10.0,0,0,0,0,1,0,0,0,0,1,1,0,0,2,0,0,0,1,0,0,0,0,0,0,0
train_162,0,14,0,4,6,8,2,0,1,1,-3.0,0.48,-3.0,-3.0,-0.5,-1,-1,0,1,0,-1,-1,1,1,0,-1,-1,0,0,0,-1,-1,-1,-1,-1,-1,-1,-1,-1,-1
train_162,1,14,1,1,6,8,2,1,1,1,-3.0,0.48,-3.0,-0.42000000000000004,-0.5,-1,0,1,0,1,-1,1,1,0,1,-1,0,0,0,1,-1,-1,-1,-1,-1,-1,-1,-1,-1,-1
train_162,2,14,2,1,9,12,5,2,0,0,0.48,-3.0,-3.0,-0.42000000000000004,-0.5,0,1,0,1,0,1,1,0,1,0,0,0,0,1,0,-1,-1,-1,-1,-1,-1,-1,-1,-1,-1
train_162,3,13,2,0,12,20,6,3,0,0,0.48,-3.0,-0.42000000000000004,-3.0,-0.5,0,0,0,1,1,0,1,0,1,0,1,1,0,1,0,0,0,0,1,0,-1,-1,-1,-1,-1
train_162,4,12,2,0,16,32,7,4,0,0,0.48,-3.0,-0.42000000000000004,-3.0,-0.5,0,0,0,0,1,0,0,0,1,1,0,1,0,1,0,1,1,0,1,0,0,0,0,1,0
train_162,5,11,2,0,21,48,8,5,0,0,0.48,-3.0,-0.42000000000000004,0.48,-0.5,0,0,0,0,0,0,0,0,0,1,0,0,0,1,1,0,1,0,1,0,1,1,0,1,0
train_162,6,10,2,0,25,60,8,6,0,0,0.48,0.48,-0.42000000000000004,0.48,-0.5,0,0,1,0,0,0,0,0,0,0,0,0,0,0,1,0,0,0,1,1,0,1,0,1,0
train_162,7,9,2,0,29,72,7,7,1,1,-3.0,0.48,-0.42000000000000004,0.48,-0.5,0,0,0,0,1,0,0,1,0,0,0,0,0,0,0,0,0,0,0,1,0,0,0,1,1
train_162,8,9,3,1,32,78,9,8,1,0,0.48,0.48,0.48,-0.42000000000000004,-0.5,0,0,0,1,1,0,1,0,0,0,0,0,0,0,0,0,0,0,1,1,0,0,1,1,0
train_162,9,9,4,1,36,90,10,9,1,0,0.48,0.48,-3.0,-0.42000000000000004,-0.5,0,0,1,1,1,1,0,0,0,0,0,0,0,0,0,0,0,1,1,0,0,1,1,0,0
train_162,10,9,5,1,40,100,13,10,1,0,0.48,0.48,-3.0,-0.42000000000000004,-0.5,0,1,1,1,0,0,0,0,0,1,0,0,0,0,0,0,1,1,0,0,1,1,0,0,0
train_162,11,9,6,1,45,116,15,11,1,0,0.48,0.48,0.48,-0.42000000000000004,-0.5,1,1,1,0,0,0,0,0,1,0,0,0,0,0,0,1,1,0,0,0,1,0,0,0,0
train_162,12,9,7,1,49,130,14,12,1,1,-3.0,0.48,0.48,-0.42000000000000004,-0.5,1,1,0,0,1,0,0,1,0,0,0,0,0,0,0,1,0,0,0,0,0,0,0,0,0
train_162,13,9,8,1,52,136,16,13,1,0,0.48,0.48,0.48,-0.42000000000000004,-0.5,1,0,0,1,0,0,1,0,0,0,0,0,0,0,1,0,0,0,0,0,0,0,0,0,1
train_162,14,9,9,1,56,148,16,14,2,0,0.48,-3.0,0.48,-0.42000000000000004,-0.5,0,0,1,0,0,1,0,0,0,0,0,0,0,1,0,0,0,0,0,0,0,0,0,1,1
train_162,15,10,9,2,60,160,18,15,2,1,-0.42000000000000004,0.48,0.48,0.48,-0.5,1,0,0,0,0,0,0,0,1,0,0,0,0,0,0,0,0,0,1,1,0,0,0,0,1
train_162,16,11,9,2,64,174,19,16,2,2,-0.42000000000000004,-3.0,0.48,0.48,-0.5,0,0,0,1,0,0,0,0,0,0,0,0,0,1,1,0,0,0,0,1,0,0,0,0,1
train_162,17,12,9,2,69,190,17,17,1,1,-0.42000000000000004,0.48,0.48,0.48,-0.5,0,0,0,0,0,0,0,0,1,1,0,0,0,0,1,0,0,0,0,1,0,0,0,0,0
train_162,18,12,10,1,73,198,19,18,2,2,-3.0,-3.0,0.48,-0.42000000000000004,-0.5,0,0,0,0,1,0,0,1,1,0,0,0,0,1,0,0,0,0,1,0,0,0,0,0,0
train_162,19,13,10,2,73,198,19,19,2,2,-0.42000000000000004,-3.0,0.48,0.48,-0.5,0,0,1,1,0,0,0,0,1,0,0,0,0,1,0,0,0,0,0,0,-1,-1,-1,-1,-1
train_162,20,14,10,2,73,198,19,20,1,1,-0.42000000000000004,0.48,-3.0,0.48,-0.5,0,0,0,1,0,0,0,0,1,0,0,0,0,0,0,-1,-1,-1,-1,-1,-1,-1,-1,-1,-1
train_162,21,14,11,1,75,204,19,21,1,4,-3.0,0.48,-3.0,-0.42000000000000004,10.0,0,0,1,0,1,0,0,1,0,0,0,0,0,0,2,-1,-1,-1,-1,-1,-1,-1,-1,-1,-1
train_162,22,14,12,1,78,212,18,22,1,1,0.48,10.48,-3.0,-0.42000000000000004,10.0,0,1,0,1,0,0,1,0,0,0,0,0,0,2,0,-1,-1,-1,-1,-1,-1,-1,-1,-1,-1
train_163,0,14,0,4,7,12,5,0,1,1,-3.0,0.48,-3.0,-3.0,-0.5,-1,-1,0,0,0,-1,-1,1,0,1,-1,-1,0,0,0,-1,-1,-1,-1,-1,-1,-1,-1,-1,-1
train_163,1,14,1,1,10,20,7,1,0,0,0.48,0.48,-3.0,-0.42000000000000004,-0.5,-1,0,0,0,0,-1,1,0,1,0,-1,0,0,0,0,-1,-1,-1,-1,-1,-1,-1,-1,-1,-1
train_163,2,13,1,0,14,34,7,2,0,4,0.48,-3.0,-0.42000000000000004,-3.0,10.0,-1,2,0,0,0,-1,0,0,0,0,-1,1,0,1,0,-1,0,0,0,0,-1,-1,-1,-1,-1
train_163,3,12,1,0,17,44,7,3,0,4,0.48,0.48,-0.42000000000000004,0.48,10.0,-1,0,0,0,1,-1,2,0,0,0,-1,0,0,0,0,-1,1,0,1,0,-1,0,0,0,0
train_163,4,11,1,0,21,56,9,4,3,3,0.48,0.48,-0.42000000000000004,10.48,10.0,-1,0,0,0,0,-1,0,0,0,1,-1,2,0,0,0,-1,0,0,0,0,-1,1,0,1,0
train_164,0,14,0,4,7,14,3,0,0,0,0.48,0.48,-3.0,-3.0,-0.5,-1,-1,0,1,0,-1,-1,0,0,0,-1,-1,0,0,1,-1,-1,-1,-1,-1,-1,-1,-1,-1,-1
train_164,1,13,0,0,9,18,5,1,1,0,0.48,0.48,-0.42000000000000004,-3.0,-0.5,-1,-1,1,0,0,-1,-1,0,1,0,-1,-1,0,0,0,-1,-1,0,0,1,-1,-1,-1,-1,-1
train_164,2,13,1,1,13,30,4,2,1,1,-3.0,0.48,0.48,-0.42000000000000004,-0.5,-1,1,0,0,0,-1,0,1,0,0,-1,0,0,0,0,-1,0,0,1,0,-1,-1,-1,-1,-1
train_164,3,13,2,1,15,34,3,3,0,0,0.48,0.48,-3.0,-0.42000000000000004,-0.5,1,0,0,0,0,0,1,0,0,1,0,0,0,0,0,0,0,1,0,1,-1,-1,-1,-1,-1
train_164,4,12,2,0,19,44,5,4,0,0,0.48,0.48,-0.42000000000000004,-3.0,-0.5,0,0,0,1,0,1,0,0,0,0,0,1,0,0,1,0,0,0,0,0,0,0,1,0,1
train_164,5,11,2,0,23,56,6,5,1,0,0.48,0.48,-0.42000000000000004,0.48,-0.5,0,0,0,1,0,0,0,0,1,0,1,0,0,0,0,0,1,0,0,1,0,0,0,0,0
train_164,6,11,3,1,25,62,7,6,1,1,-3.0,0.48,0.48,-0.42000000000000004,-0.5,0,0,1,0,0,0,0,1,0,0,0,0,0,0,1,1,0,0,1,1,0,0,0,0,1
train_164,7,11,4,1,30,74,10,7,0,0,0.48,-3.0,-3.0,-0.42000000000000004,-0.5,0,1,0,0,0,0,1,0,0,0,0,0,0,1,0,0,0,1,1,0,0,0,0,1,0
train_164,8,10,4,0,35,90,12,8,1,0,0.48,0.48,-0.42000000000000004,-3.0,-0.5,0,0,0,0,0,0,1,0,0,0,0,1,0,0,0,0,0,0,1,0,0,0,1,1,0
train_164,9,10,5,1,38,100,12,9,1,0,0.48,0.48,-3.0,-0.42000000000000004,-0.5,0,0,0,0,0,1,0,0,0,0,1,0,0,0,0,0,0,1,0,1,0,1,1,0,1
train_164,10,10,6,1,42,108,15,10,1,0,0.48,0.48,0.48,-0.42000000000000004,-0.5,0,0,0,0,0,0,0,0,0,1,0,0,0,0,0,0,1,0,1,0,1,1,0,1,0
train_164,11,10,7,1,46,120,15,11,1,0,0.48,0.48,-3.0,-0.42000000000000004,-0.5,0,0,0,0,0,0,0,0,1,0,0,0,0,0,0,1,0,1,0,0,1,0,1,0,1
train_164,12,10,8,1,48,124,15,12,1,1,-3.0,0.48,0.48,-0.42000000000000004,-0.5,0,0,0,0,0,0,0,1,0,1,0,0,0,0,1,0,1,0,0,0,0,1,0,1,1
train_164,13,10,9,1,53,136,19,13,2,4,0.48,-3.0,0.48,-0.42000000000000004,10.0,0,0,0,0,0,0,1,0,1,0,0,0,0,1,0,1,0,0,0,0,1,0,1,1,2
train_164,14,11,9,2,58,150,19,14,1,4,-0.42000000000000004,0.48,-3.0,0.48,10.0,0,1,0,1,0,0,0,0,1,0,1,0,0,0,0,1,0,1,1,2,0,0,0,0,0
train_164,15,11,10,1,62,162,20,15,1,4,-3.0,0.48,-3.0,-0.42000000000000004,10.0,1,0,1,0,0,0,0,1,0,0,0,0,0,0,1,0,1,1,2,0,0,0,0,0,0
train_164,16,11,11,1,66,174,21,16,2,2,0.48,-3.0,10.48,-0.42000000000000004,10.0,0,1,0,0,0,0,1,0,0,0,0,0,0,1,0,1,1,2,0,0,0,0,0,0,1
train_165,0,14,0,4,7,14,3,0,0,0,0.48,0.48,-3.0,-3.0,-0.5,-1,-1,1,0,0,-1,-1,0,0,1,-1,-1,0,0,0,-1,-1,-1,-1,-1,-1,-1,-1,-1,-1
train_165,1,13,0,0,8,16,3,1,1,1,-3.0,0.48,-0.42000000000000004,-3.0,-0.5,-1,-1,1,0,1,-1,-1,1,0,0,-1,-1,0,0,1,-1,-1,0,0,0,-1,-1,-1,-1,-1
train_165,2,13,1,1,12,26,6,2,0,0,0.48,-3.0,0.48,-0.42000000000000004,-0.5,-1,1,0,1,0,-1,1,0,0,0,-1,0,0,1,0,-1,0,0,0,0,-1,-1,-1,-1,-1
train_165,3,12,1,0,16,36,8,3,0,0,0.48,0.48,-0.42000000000000004,-3.0,-0.5,-1,0,0,0,0,-1,1,0,1,0,-1,1,0,0,0,-1,0,0,1,0,-1,0,0,0,0
train_165,4,11,1,0,20,50,9,4,0,0,0.48,-3.0,-0.42000000000000004,-3.0,-0.5,-1,0,0,0,0,-1,0,0,0,0,-1,1,0,1,0,-1,1,0,0,0,-1,0,0,1,0
train_165,5,10,1,0,24,64,9,5,0,0,0.48,0.48,-0.42000000000000004,0.48,-0.5,-1,0,0,0,0,-1,0,0,0,0,-1,0,0,0,0,-1,1,0,1,0,-1,1,0,0,0
train_165,6,9,1,0,27,74,8,6,0,0,0.48,0.48,-0.42000000000000004,0.48,-0.5,-1,0,0,0,1,-1,0,0,0,0,-1,0,0,0,0,-1,0,0,0,0,-1,1,0,1,0
train_165,7,8,1,0,30,82,10,7,0,0,0.48,0.48,-0.42000000000000004,0.48,-0.5,-1,1,0,0,0,-1,0,0,0,1,-1,0,0,0,0,-1,0,0,0,0,-1,0,0,0,0
train_165,8,7,1,0,33,92,10,8,0,0,0.48,0.48,-0.42000000000000004,0.48,-0.5,-1,1,0,0,0,-1,1,0,0,0,-1,0,0,0,1,-1,0,0,0,0,-1,0,0,0,0
train_165,9,6,1,0,36,100,10,9,0,0,0.48,0.48,-0.42000000000000004,-3.0,-0.5,-1,0,0,0,1,-1,1,0,0,0,-1,1,0,0,0,-1,0,0,0,1,-1,0,0,0,0
train_165,10,5,1,0,39,108,11,10,1,0,0.48,0.48,-0.42000000000000004,-3.0,-0.5,-1,1,0,0,0,-1,0,0,0,1,-1,1,0,0,0,-1,1,0,0,0,-1,0,0,0,1
train_165,11,5,2,1,44,122,14,11,1,0,0.48,0.48,0.48,-0.42000000000000004,-0.5,1,0,0,0,0,0,0,0,1,0,1,0,0,0,0,1,0,0,0,0,0,0,0,1,0
train_165,12,5,3,1,49,140,14,12,1,4,-3.0,0.48,0.48,-0.42000000000000004,10.0,0,0,0,0,0,0,0,1,0,0,0,0,0,0,2,0,0,0,0,0,0,0,1,0,0
train_165,13,5,4,1,52,146,14,13,1,1,0.48,10.48,0.48,-0.42000000000000004,10.0,0,0,0,0,0,0,1,0,0,1,0,0,0,2,0,0,0,0,0,1,0,1,0,0,0
train_166,0,14,0,4,9,24,4,0,0,0,0.48,0.48,-3.0,-3.0,-0.5,-1,-1,0,0,0,-1,-1,0,0,0,-1,-1,0,0,0,-1,-1,-1,-1,-1,-1,-1,-1,-1,-1
train_166,1,13,0,0,11,28,5,1,0,0,0.48,0.48,-0.42000000000000004,-3.0,-0.5,-1,-1,0,1,0,-1,-1,0,0,0,-1,-1,0,0,0,-1,-1,0,0,0,-1,-1,-1,-1,-1
train_166,2,12,0,0,13,32,6,2,1,0,0.48,0.48,-0.42000000000000004,-3.0,-0.5,-1,-1,0,1,0,-1,-1,0,1,0,-1,-1,0,0,0,-1,-1,0,0,0,-1,-1,0,0,0
train_166,3,12,1,1,17,44,5,3,1,1,-3.0,0.48,0.48,-0.42000000000000004,-0.5,-1,0,1,0,0,-1,0,1,0,0,-1,0,0,0,0,-1,0,0,0,1,-1,0,0,0,0
train_166,4,12,2,1,20,52,4,4,1,0,0.48,0.48,0.48,-0.42000000000000004,-0.5,0,1,0,0,1,0,1,0,0,0,0,0,0,0,0,0,0,0,1,0,0,0,0,0,1
train_166,5,12,3,1,23,56,7,5,1,0,0.48,0.48,-3.0,-0.42000000000000004,-0.5,1,0,0,1,0,1,0,0,0,1,0,0,0,0,1,0,0,1,0,0,0,0,0,1,0
train_166,6,12,4,1,28,70,9,6,2,0,0.48,-3.0,0.48,-0.42000000000000004,-0.5,0,0,1,0,0,0,0,0,1,0,0,0,0,1,0,0,1,0,0,0,0,0,1,0,0
train_166,7,13,4,2,28,70,9,7,1,1,-0.42000000000000004,0.48,-3.0,-3.0,-0.5,0,0,0,1,0,0,0,0,1,0,0,1,0,0,0,0,0,1,0,0,-1,-1,-1,-1,-1
train_166,8,13,5,1,31,78,9,8,1,1,-3.0,0.48,0.48,-0.42000000000000004,-0.5,0,0,1,0,0,0,0,1,0,1,1,0,0,0,0,0,1,0,0,0,-1,-1,-1,-1,-1
train_166,9,13,6,1,33,82,10,9,0,0,0.48,0.48,0.48,-0.42000000000000004,-0.5,0,1,0,0,0,0,1,0,1,1,0,0,0,0,0,1,0,0,0,1,-1,-1,-1,-1,-1
train_166,10,12,6,0,35,90,8,10,0,4,0.48,-3.0,-0.42000000000000004,-3.0,10.0,1,0,0,0,2,0,1,0,0,0,0,1,0,1,1,0,0,0,0,0,1,0,0,0,1
train_166,11,11,6,0,38,100,8,11,0,4,0.48,0.48,-0.42000000000000004,-3.0,10.0,1,0,0,0,1,1,0,0,0,2,0,1,0,0,0,0,1,0,1,1,0,0,0,0,0
train_166,12,10,6,0,43,114,9,12,1,4,0.48,0.48,-0.42000000000000004,0.48,10.0,0,0,0,0,0,1,0,0,0,1,1,0,0,0,2,0,1,0,0,0,0,1,0,1,1
train_166,13,10,7,1,46,120,11,13,1,1,0.48,10.48,0.48,-0.42000000000000004,10.0,0,0,0,0,0,0,0,0,1,1,0,0,0,2,1,1,0,0,0,0,1,0,1,1,0
train_167,0,14,0,4,8,20,4,0,0,0,0.48,0.48,-3.0,-3.0,-0.5,-1,-1,0,0,0,-1,-1,0,0,0,-1,-1,0,0,1,-1,-1,-1,-1,-1,-1,-1,-1,-1,-1
train_167,1,13,0,0,10,24,4,1,1,0,0.48,0.48,-0.42000000000000004,-3.0,-0.5,-1,-1,0,1,0,-1,-1,0,0,0,-1,-1,0,0,0,-1,-1,0,0,1,-1,-1,-1,-1,-1
train_167,2,13,1,1,14,36,5,2,1,0,0.48,0.48,0.48,-0.42000000000000004,-0.5,-1,0,1,0,0,-1,0,0,0,0,-1,0,0,0,0,-1,0,0,1,0,-1,-1,-1,-1,-1
train_167,3,13,2,1,17,46,5,3,1,0,0.48,0.48,-3.0,-0.42000000000000004,-0.5,0,1,0,0,1,0,0,0,0,0,0,0,0,0,0,0,0,1,0,0,-1,-1,-1,-1,-1
train_167,4,13,3,1,20,56,4,4,1,0,0.48,0.48,0.48,-0.42000000000000004,-0.5,1,0,0,1,1,0,0,0,0,0,0,0,0,0,0,0,1,0,0,0,-1,-1,-1,-1,-1
train_167,5,13,4,1,23,62,6,5,1,0,0.48,0.48,0.48,-0.42000000000000004,-0.5,0,0,1,1,0,0,0,0,0,0,0,0,0,0,1,1,0,0,0,0,-1,-1,-1,-1,-1
train_167,6,13,5,1,27,74,8,6,2,0,0.48,-3.0,0.48,-0.42000000000000004,-0.5,0,1,1,0,0,0,0,0,0,0,0,0,0,1,0,0,0,0,0,0,-1,-1,-1,-1,-1
train_167,7,14,5,2,27,74,8,7,1,1,-0.42000000000000004,0.48,-3.0,0.48,-0.5,0,0,0,0,0,0,0,0,1,0,0,0,0,0,0,-1,-1,-1,-1,-1,-1,-1,-1,-1,-1
train_167,8,14,6,1,30,84,9,8,1,1,-3.0,0.48,-3.0,-0.42000000000000004,-0.5,0,0,0,0,0,0,0,1,0,0,0,0,0,0,0,-1,-1,-1,-1,-1,-1,-1,-1,-1,-1
train_167,9,14,7,1,33,94,7,9,1,0,0.48,0.48,-3.0,-0.42000000000000004,-0.5,0,0,0,0,0,0,1,0,0,0,0,0,0,0,0,-1,-1,-1,-1,-1,-1,-1,-1,-1,-1
train_167,10,14,8,1,34,96,7,10,1,0,0.48,0.48,-3.0,-0.42000000000000004,-0.5,0,0,0,0,1,1,0,0,0,1,0,0,0,0,0,-1,-1,-1,-1,-1,-1,-1,-1,-1,-1
train_167,11,14,9,1,36,100,7,11,1,0,0.48,0.48,-3.0,-0.42000000000000004,-0.5,0,0,0,1,1,0,0,0,1,0,0,0,0,0,0,-1,-1,-1,-1,-1,-1,-1,-1,-1,-1
train_167,12,14,10,1,38,104,9,12,1,1,-3.0,0.48,-3.0,-0.42000000000000004,-0.5,0,0,1,1,0,0,0,1,0,0,0,0,0,0,1,-1,-1,-1,-1,-1,-1,-1,-1,-1,-1
train_167,13,14,11,1,41,112,11,13,0,0,0.48,-3.0,-3.0,-0.42000000000000004,-0.5,0,1,1,0,0,0,1,0,0,0,0,0,0,1,0,-1,-1,-1,-1,-1,-1,-1,-1,-1,-1
train_167,14,13,11,0,45,122,12,14,1,4,-3.0,0.48,-0.42000000000000004,-3.0,10.0,1,0,0,0,2,0,1,1,0,0,0,1,0,0,0,0,0,0,1,0,-1,-1,-1,-1,-1
train_167,15,13,12,1,49,136,9,15,0,4,0.48,0.48,-3.0,-0.42000000000000004,10.0,0,0,0,2,0,1,1,0,0,0,1,0,0,0,0,0,0,1,0,0,-1,-1,-1,-1,-1
train_167,16,12,12,0,52,144,10,16,0,4,0.48,0.48,-0.42000000000000004,-3.0,10.0,0,1,1,0,0,0,0,0,2,0,1,1,0,0,0,1,0,0,0,0,0,0,1,0,0
train_167,17,11,12,0,57,158,12,17,1,1,-3.0,10.48,-0.42000000000000004,0.48,10.0,0,0,0,0,0,0,1,1,0,0,0,0,0,2,0,1,1,0,0,0,1,0,0,0,0
train_168,0,14,0,4,9,24,5,0,0,0,0.48,0.48,-3.0,-3.0,-0.5,-1,-1,0,0,0,-1,-1,0,0,0,-1,-1,0,0,0,-1,-1,-1,-1,-1,-1,-1,-1,-1,-1
train_168,1,13,0,0,11,28,4,1,0,0,0.48,0.48,-0.42000000000000004,-3.0,-0.5,-1,-1,0,1,0,-1,-1,0,0,0,-1,-1,0,0,0,-1,-1,0,0,0,-1,-1,-1,-1,-1
train_168,2,12,0,0,12,28,5,2,1,0,0.48,0.48,-0.42000000000000004,-3.0,-0.5,-1,-1,1,0,1,-1,-1,0,1,0,-1,-1,0,0,0,-1,-1,0,0,0,-1,-1,0,0,0
train_168,3,12,1,1,17,44,5,3,1,1,-3.0,0.48,0.48,-0.42000000000000004,-0.5,-1,1,0,1,0,-1,0,1,0,0,-1,0,0,0,0,-1,0,0,0,0,-1,0,0,0,0
train_168,4,12,2,1,21,56,5,4,0,0,0.48,0.48,0.48,-0.42000000000000004,-0.5,1,0,1,0,0,0,1,0,0,0,0,0,0,0,1,0,0,0,0,0,0,0,0,0,0
train_168,5,11,2,0,24,62,6,5,1,1,-3.0,0.48,-0.42000000000000004,-3.0,-0.5,1,0,0,1,0,1,0,1,0,0,0,1,0,0,0,0,0,0,0,1,0,0,0,0,0
train_168,6,11,3,1,28,74,6,6,0,0,0.48,0.48,0.48,-0.42000000000000004,-0.5,0,0,1,0,0,0,1,0,0,0,1,0,0,0,0,0,0,0,1,1,0,0,0,0,0
train_168,7,10,3,0,30,80,7,7,1,1,-3.0,0.48,-0.42000000000000004,-3.0,-0.5,0,0,1,1,1,0,0,1,0,0,0,1,0,0,0,1,0,0,0,0,0,0,0,1,1
train_168,8,10,4,1,35,94,9,8,1,0,0.48,0.48,0.48,-0.42000000000000004,-0.5,0,1,1,1,0,0,1,0,0,0,1,0,0,0,0,0,0,0,0,0,0,0,1,1,0
train_168,9,10,5,1,38,102,8,9,1,4,0.48,0.48,0.48,-0.42000000000000004,10.0,1,1,1,0,0,1,0,0,0,1,0,0,0,0,2,0,0,0,0,0,0,1,1,0,1
train_168,10,10,6,1,42,112,10,10,1,1,0.48,10.48,0.48,-0.42000000000000004,10.0,1,1,0,0,1,0,0,0,1,0,0,0,0,2,0,0,0,0,0,0,1,1,0,1,0
train_169,0,14,0,4,8,18,4,0,0,0,0.48,0.48,-3.0,-3.0,-0.5,-1,-1,0,1,0,-1,-1,0,0,0,-1,-1,0,0,0,-1,-1,-1,-1,-1,-1,-1,-1,-1,-1
train_169,1,13,0,0,10,22,5,1,0,0,0.48,0.48,-0.42000000000000004,-3.0,-0.5,-1,-1,0,1,0,-1,-1,0,1,0,-1,-1,0,0,0,-1,-1,0,0,0,-1,-1,-1,-1,-1
train_169,2,12,0,0,12,26,6,2,0,0,0.48,-3.0,-0.42000000000000004,-3.0,-0.5,-1,-1,0,1,0,-1,-1,0,1,0,-1,-1,0,1,0,-1,-1,0,0,0,-1,-1,0,0,0
train_169,3,11,0,0,15,34,6,3,0,0,0.48,-3.0,-0.42000000000000004,-3.0,-0.5,-1,-1,0,0,0,-1,-1,0,1,0,-1,-1,0,1,0,-1,-1,0,1,0,-1,-1,0,0,0
train_169,4,10,0,0,17,38,7,4,0,0,0.48,-3.0,-0.42000000000000004,-3.0,-0.5,-1,-1,0,1,0,-1,-1,0,0,0,-1,-1,0,1,0,-1,-1,0,1,0,-1,-1,0,1,0
train_169,5,9,0,0,19,42,7,5,1,0,0.48,0.48,-0.42000000000000004,-3.0,-0.5,-1,-1,0,1,0,-1,-1,0,1,0,-1,-1,0,0,0,-1,-1,0,1,0,-1,-1,0,1,0
train_169,6,9,1,1,23,54,8,6,1,1,-3.0,0.48,-3.0,-0.42000000000000004,-0.5,-1,0,1,0,0,-1,0,1,0,0,-1,0,0,0,1,-1,0,1,0,0,-1,0,1,0,0
train_169,7,9,2,1,26,62,10,7,0,0,0.48,-3.0,0.48,-0.42000000000000004,-0.5,0,1,0,0,0,0,1,0,0,0,0,0,0,1,1,0,1,0,0,1,0,1,0,0,0
train_169,8,8,2,0,29,70,11,8,1,0,0.48,0.48,-0.42000000000000004,-3.0,-0.5,0,1,1,0,0,0,1,0,0,0,0,1,0,0,0,0,0,0,1,1,0,1,0,0,1
train_169,9,8,3,1,34,84,14,9,1,0,0.48,0.48,-3.0,-0.42000000000000004,-0.5,1,1,0,0,0,1,0,0,0,0,1,0,0,0,0,0,0,1,1,0,1,0,0,1,0
train_169,10,8,4,1,39,102,15,10,1,0,0.48,0.48,-3.0,-0.42000000000000004,-0.5,1,0,0,0,0,0,0,0,0,0,0,0,0,0,0,0,1,1,0,0,0,0,1,0,0
train_169,11,8,5,1,44,120,15,11,1,0,0.48,0.48,0.48,-0.42000000000000004,-0.5,0,0,0,0,0,0,0,0,0,0,0,0,0,0,0,1,1,0,0,0,0,1,0,0,0
train_169,12,8,6,1,47,126,17,12,1,0,0.48,0.48,0.48,-0.42000000000000004,-0.5,0,0,0,0,0,0,0,0,0,1,0,0,0,0,0,1,0,0,0,1,1,0,0,0,0
train_169,13,8,7,1,50,132,18,13,1,0,0.48,0.48,0.48,-0.42000000000000004,-0.5,0,0,0,0,0,0,0,0,1,1,0,0,0,0,0,0,0,0,1,1,0,0,0,0,0
train_169,14,8,8,1,54,142,20,14,1,1,-3.0,0.48,-3.0,-0.42000000000000004,-0.5,0,0,0,0,1,0,0,1,1,0,0,0,0,0,0,0,0,1,1,0,0,0,0,0,0
train_169,15,8,9,1,59,158,23,15,1,1,-3.0,0.48,-3.0,-0.42000000000000004,-0.5,0,0,0,1,0,0,1,1,0,0,0,0,0,0,0,0,1,1,0,0,0,0,0,0,0
train_169,16,8,10,1,64,176,22,16,0,0,0.48,0.48,0.48,-0.42000000000000004,-0.5,0,0,1,0,0,1,1,0,0,0,0,0,0,0,0,1,1,0,0,0,0,0,0,0,0
train_169,17,7,10,0,69,192,24,17,1,1,-3.0,0.48,-0.42000000000000004,-3.0,-0.5,0,0,0,0,0,0,0,1,0,0,1,1,0,0,0,0,0,0,0,0,1,1,0,0,0
train_169,18,7,11,1,71,196,25,18,1,0,0.48,0.48,0.48,-0.42000000000000004,-0.5,0,0,0,0,1,0,1,0,0,1,1,0,0,0,0,0,0,0,0,1,1,0,0,0,0
train_169,19,7,12,1,76,208,24,19,1,4,0.48,0.48,0.48,-0.42000000000000004,10.0,0,0,0,1,2,1,0,0,1,0,0,0,0,0,0,0,0,0,1,0,0,0,0,0,0
train_169,20,7,13,1,76,208,24,20,1,4,-3.0,0.48,-3.0,-0.42000000000000004,10.0,0,0,1,2,-1,0,0,1,0,-1,0,0,0,0,-1,0,0,1,0,-1,0,0,0,0,-1
train_169,21,7,14,1,76,208,24,21,0,4,0.48,-3.0,0.48,-0.42000000000000004,10.0,0,1,2,-1,-1,0,1,0,-1,-1,0,0,0,-1,-1,0,1,0,-1,-1,0,0,0,-1,-1
train_169,22,6,14,0,77,210,25,22,0,0,10.48,-3.0,-0.42000000000000004,-3.0,10.0,0,1,1,-1,-1,0,1,2,-1,-1,0,1,0,-1,-1,0,0,0,-1,-1,0,1,0,-1,-1
train_170,0,14,0,4,8,16,6,0,0,0,0.48,0.48,-3.0,-3.0,-0.5,-1,-1,0,0,0,-1,-1,0,1,0,-1,-1,0,0,0,-1,-1,-1,-1,-1,-1,-1,-1,-1,-1
train_170,1,13,0,0,11,26,6,1,0,0,0.48,-3.0,-0.42000000000000004,-3.0,-0.5,-1,-1,0,0,0,-1,-1,0,0,0,-1,-1,0,1,0,-1,-1,0,0,0,-1,-1,-1,-1,-1
train_170,2,12,0,0,13,30,7,2,0,0,0.48,0.48,-0.42000000000000004,-3.0,-0.5,-1,-1,0,1,0,-1,-1,0,0,0,-1,-1,0,0,0,-1,-1,0,1,0,-1,-1,0,0,0
train_170,3,11,0,0,16,38,7,3,0,0,0.48,0.48,-0.42000000000000004,-3.0,-0.5,-1,-1,0,0,0,-1,-1,0,1,0,-1,-1,0,0,0,-1,-1,0,0,0,-1,-1,0,1,0
train_170,4,10,0,0,18,44,7,4,0,0,0.48,-3.0,-0.42000000000000004,-3.0,-0.5,-1,-1,0,0,1,-1,-1,0,0,0,-1,-1,0,1,0,-1,-1,0,0,0,-1,-1,0,0,0
train_170,5,9,0,0,21,52,9,5,0,0,0.48,0.48,-0.42000000000000004,-3.0,-0.5,-1,-1,0,0,0,-1,-1,0,0,1,-1,-1,0,0,0,-1,-1,0,1,0,-1,-1,0,0,0
train_170,6,8,0,0,24,62,9,6,0,0,0.48,0.48,-0.42000000000000004,-3.0,-0.5,-1,-1,0,0,0,-1,-1,0,0,0,-1,-1,0,0,1,-1,-1,0,0,0,-1,-1,0,1,0
train_170,7,7,0,0,27,72,8,7,0,0,0.48,0.48,-0.42000000000000004,-3.0,-0.5,-1,-1,0,0,0,-1,-1,0,0,0,-1,-1,0,0,0,-1,-1,0,0,1,-1,-1,0,0,0
train_170,8,6,0,0,28,74,8,8,0,0,0.48,0.48,-0.42000000000000004,-3.0,-0.5,-1,-1,0,1,1,-1,-1,0,0,0,-1,-1,0,0,0,-1,-1,0,0,0,-1,-1,0,0,1
train_170,9,5,0,0,31,80,10,9,0,0,0.48,0.48,-0.42000000000000004,-3.0,-0.5,-1,-1,0,0,0,-1,-1,0,1,1,-1,-1,0,0,0,-1,-1,0,0,0,-1,-1,0,0,0
train_170,10,4,0,0,33,84,11,10,0,0,0.48,-3.0,-0.42000000000000004,-3.0,-0.5,-1,-1,0,1,0,-1,-1,0,0,0,-1,-1,0,1,1,-1,-1,0,0,0,-1,-1,0,0,0
train_170,11,3,0,0,36,92,11,11,1,0,0.48,0.48,-0.42000000000000004,-3.0,-0.5,-1,-1,0,0,0,-1,-1,0,1,0,-1,-1,0,0,0,-1,-1,0,1,1,-1,-1,0,0,0
train_170,12,3,1,1,41,108,10,12,1,1,-3.0,0.48,-3.0,-0.42000000000000004,-0.5,-1,0,0,0,0,-1,0,1,0,0,-1,0,0,0,0,-1,0,1,1,0,-1,0,0,0,0
train_170,13,3,2,1,43,114,10,13,1,0,0.48,0.48,-3.0,-0.42000000000000004,-0.5,0,0,0,0,1,0,1,0,0,0,0,0,0,0,0,0,1,1,0,1,0,0,0,0,1
train_170,14,3,3,1,48,126,15,14,1,0,0.48,0.48,0.48,-0.42000000000000004,-0.5,0,0,0,1,0,1,0,0,0,0,0,0,0,0,0,1,1,0,1,0,0,0,0,1,0
train_170,15,3,4,1,53,144,14,15,1,0,0.48,0.48,-3.0,-0.42000000000000004,-0.5,0,0,1,0,0,0,0,0,0,0,0,0,0,0,0,1,0,1,0,0,0,0,1,0,0
train_170,16,3,5,1,56,154,15,16,1,0,0.48,0.48,0.48,-0.42000000000000004,-0.5,0,1,0,0,1,0,0,0,0,1,0,0,0,0,0,0,1,0,0,0,0,1,0,0,0
train_170,17,3,6,1,59,164,16,17,1,4,0.48,0.48,0.48,-0.42000000000000004,10.0,1,0,0,1,1,0,0,0,1,1,0,0,0,0,2,1,0,0,0,0,1,0,0,0,0
train_170,18,3,7,1,64,178,18,18,1,1,-3.0,10.48,0.48,-0.42000000000000004,10.0,0,0,1,1,0,0,0,1,1,0,0,0,0,2,0,0,0,0,0,0,0,0,0,0,0
train_171,0,14,0,4,7,14,4,0,1,1,-3.0,0.48,-3.0,-3.0,-0.5,-1,-1,0,0,1,-1,-1,1,0,0,-1,-1,0,0,0,-1,-1,-1,-1,-1,-1,-1,-1,-1,-1
train_171,1,14,1,1,9,20,4,1,0,0,0.48,0.48,-3.0,-0.42000000000000004,-0.5,-1,0,0,1,1,-1,1,0,0,0,-1,0,0,0,0,-1,-1,-1,-1,-1,-1,-1,-1,-1,-1
train_171,2,13,1,0,13,30,5,2,1,0,0.48,0.48,-0.42000000000000004,-3.0,-0.5,-1,0,0,0,0,-1,0,0,1,1,-1,1,0,0,0,-1,0,0,0,0,-1,-1,-1,-1,-1
train_171,3,13,2,1,17,42,3,3,1,1,-3.0,0.48,0.48,-0.42000000000000004,-0.5,0,0,0,0,0,0,0,1,1,0,1,0,0,0,0,0,0,0,0,0,-1,-1,-1,-1,-1
train_171,4,13,3,1,18,44,3,4,1,1,-3.0,0.48,0.48,-0.42000000000000004,-0.5,0,0,0,0,1,0,1,1,0,0,0,0,0,0,1,0,0,0,0,1,-1,-1,-1,-1,-1
train_171,5,13,4,1,22,52,6,5,0,0,0.48,-3.0,0.48,-0.42000000000000004,-0.5,0,0,0,1,0,1,1,0,0,0,0,0,0,1,0,0,0,0,1,0,-1,-1,-1,-1,-1
train_171,6,12,4,0,25,58,7,6,1,0,0.48,0.48,-0.42000000000000004,-3.0,-0.5,1,0,1,0,0,0,0,0,1,0,1,1,0,0,0,0,0,0,1,0,0,0,0,1,0
train_171,7,12,5,1,29,72,7,7,1,1,-3.0,0.48,-3.0,-0.42000000000000004,-0.5,0,1,0,0,0,0,0,1,0,0,1,0,0,0,0,0,0,1,0,0,0,0,1,0,1
train_171,8,12,6,1,33,82,8,8,0,0,0.48,0.48,0.48,-0.42000000000000004,-0.5,1,0,0,0,0,0,1,0,0,0,0,0,0,0,0,0,1,0,0,1,0,1,0,1,0
train_171,9,11,6,0,37,94,9,9,0,0,0.48,0.48,-0.42000000000000004,-3.0,-0.5,0,0,0,0,1,1,0,0,0,0,0,1,0,0,0,0,0,0,0,0,0,1,0,0,1
train_171,10,10,6,0,42,110,10,10,0,0,0.48,0.48,-0.42000000000000004,0.48,-0.5,0,0,0,0,0,0,0,0,0,1,1,0,0,0,0,0,1,0,0,0,0,0,0,0,0
train_171,11,9,6,0,45,120,10,11,0,0,0.48,0.48,-0.42000000000000004,0.48,-0.5,1,0,0,0,1,0,0,0,0,0,0,0,0,0,1,1,0,0,0,0,0,1,0,0,0
train_171,12,8,6,0,50,134,11,12,0,0,0.48,0.48,-0.42000000000000004,0.48,-0.5,0,0,0,0,0,1,0,0,0,1,0,0,0,0,0,0,0,0,0,1,1,0,0,0,0
train_171,13,7,6,0,53,142,11,13,0,0,0.48,0.48,-0.42000000000000004,0.48,-0.5,0,1,1,0,0,0,0,0,0,0,1,0,0,0,1,0,0,0,0,0,0,0,0,0,1
train_171,14,6,6,0,57,152,12,14,1,1,-3.0,0.48,-0.42000000000000004,0.48,-0.5,0,1,0,0,0,0,1,1,0,0,0,0,0,0,0,1,0,0,0,1,0,0,0,0,0
train_171,15,6,7,1,61,162,14,15,1,0,0.48,0.48,0.48,-0.42000000000000004,-0.5,1,0,0,0,0,1,1,0,0,1,0,0,0,0,0,0,0,0,1,0,0,0,0,0,0
train_171,16,6,8,1,65,174,16,16,1,0,0.48,0.48,-3.0,-0.42000000000000004,-0.5,0,0,0,0,0,1,0,0,1,0,0,0,0,0,0,0,0,1,0,0,0,0,0,0,1
train_171,17,6,9,1,70,190,18,17,1,1,-3.0,0.48,0.48,-0.42000000000000004,-0.5,0,0,0,0,0,0,0,1,0,0,0,0,0,0,0,0,1,0,0,0,0,0,0,1,0
train_171,18,6,10,1,75,208,18,18,1,0,0.48,0.48,0.48,-0.42000000000000004,-0.5,0,0,0,0,0,0,1,0,0,0,0,0,0,0,0,1,0,0,0,0,0,0,1,0,0
train_171,19,6,11,1,79,222,18,19,1,4,0.48,0.48,0.48,-0.42000000000000004,10.0,0,0,0,0,0,1,0,0,0,0,0,0,0,0,2,0,0,0,0,0,0,1,0,0,1
train_171,20,6,12,1,83,232,15,20,1,1,0.48,10.48,0.48,-0.42000000000000004,10.0,0,0,0,0,0,0,0,0,0,0,0,0,0,2,0,0,0,0,0,1,1,0,0,1,0
train_172,0,14,0,4,7,12,4,0,0,0,0.48,0.48,-3.0,-3.0,-0.5,-1,-1,0,0,0,-1,-1,0,1,0,-1,-1,0,0,1,-1,-1,-1,-1,-1,-1,-1,-1,-1,-1
train_172,1,13,0,0,10,22,5,1,0,0,0.48,-3.0,-0.42000000000000004,-3.0,-0.5,-1,-1,0,0,0,-1,-1,0,0,0,-1,-1,0,1,0,-1,-1,0,0,1,-1,-1,-1,-1,-1
train_172,2,12,0,0,13,32,6,2,0,0,0.48,0.48,-0.42000000000000004,-3.0,-0.5,-1,-1,0,0,0,-1,-1,0,0,0,-1,-1,0,0,0,-1,-1,0,1,0,-1,-1,0,0,1
train_172,3,11,0,0,16,42,6,3,0,0,0.48,0.48,-0.42000000000000004,-3.0,-0.5,-1,-1,0,0,0,-1,-1,0,0,0,-1,-1,0,0,0,-1,-1,0,0,0,-1,-1,0,1,0
train_172,4,10,0,0,18,46,7,4,0,0,0.48,0.48,-0.42000000000000004,-3.0,-0.5,-1,-1,0,1,0,-1,-1,0,0,0,-1,-1,0,0,0,-1,-1,0,0,0,-1,-1,0,0,0
train_172,5,9,0,0,21,54,9,5,1,0,0.48,0.48,-0.42000000000000004,-3.0,-0.5,-1,-1,0,0,0,-1,-1,0,1,0,-1,-1,0,0,0,-1,-1,0,0,0,-1,-1,0,0,0
train_172,6,9,1,1,26,72,10,6,1,1,-3.0,0.48,0.48,-0.42000000000000004,-0.5,-1,0,0,0,0,-1,0,1,0,0,-1,0,0,0,0,-1,0,0,0,0,-1,0,0,0,0
train_172,7,9,2,1,30,86,10,7,0,0,0.48,0.48,0.48,-0.42000000000000004,-0.5,0,0,0,0,1,0,1,0,0,0,0,0,0,0,0,0,0,0,0,0,0,0,0,0,0
train_172,8,8,2,0,35,102,9,8,1,0,0.48,0.48,-0.42000000000000004,-3.0,-0.5,0,0,0,0,0,0,0,0,0,1,0,1,0,0,0,0,0,0,0,0,0,0,0,0,0
train_172,9,8,3,1,38,110,10,9,1,0,0.48,0.48,0.48,-0.42000000000000004,-0.5,0,0,0,0,1,0,0,0,1,0,1,0,0,0,0,0,0,0,0,0,0,0,0,0,1
train_172,10,8,4,1,43,124,12,10,1,1,-3.0,0.48,0.48,-0.42000000000000004,-0.5,0,0,0,1,0,0,0,1,0,0,0,0,0,0,0,0,0,0,0,0,0,0,0,1,0
train_172,11,8,5,1,46,134,13,11,0,0,0.48,0.48,0.48,-0.42000000000000004,-0.5,0,0,1,0,0,0,1,0,0,0,0,0,0,0,0,0,0,0,0,1,0,0,1,0,1
train_172,12,7,5,0,50,146,10,12,1,1,-3.0,0.48,-0.42000000000000004,-3.0,-0.5,1,0,0,0,0,0,0,1,0,0,0,1,0,0,0,0,0,0,0,0,0,0,0,0,1
train_172,13,7,6,1,53,156,10,13,0,0,0.48,0.48,0.48,-0.42000000000000004,-0.5,0,0,0,0,1,0,1,0,0,0,1,0,0,0,0,0,0,0,0,0,0,0,0,1,1
train_172,14,6,6,0,54,156,12,14,1,0,0.48,0.48,-0.42000000000000004,-3.0,-0.5,1,1,1,1,0,0,0,0,0,1,0,1,0,0,0,1,0,0,0,0,0,0,0,0,0
train_172,15,6,7,1,58,168,13,15,1,0,0.48,0.48,0.48,-0.42000000000000004,-0.5,1,1,1,0,0,0,0,0,1,1,1,0,0,0,0,0,0,0,0,0,0,0,0,0,0
train_172,16,6,8,1,61,174,14,16,1,1,-3.0,0.48,0.48,-0.42000000000000004,-0.5,1,1,0,0,0,0,0,1,1,1,0,0,0,0,0,0,0,0,0,1,0,0,0,0,0
train_172,17,6,9,1,65,184,16,17,1,1,-3.0,0.48,0.48,-0.42000000000000004,-0.5,1,0,0,0,0,0,1,1,1,0,0,0,0,0,0,0,0,0,1,1,0,0,0,0,0
train_172,18,6,10,1,68,192,16,18,1,1,-3.0,0.48,-3.0,-0.42000000000000004,-0.5,0,0,0,0,0,1,1,1,0,0,0,0,0,0,1,0,0,1,1,1,0,0,0,0,0
train_172,19,6,11,1,71,198,16,19,0,0,0.48,-3.0,-3.0,-0.42000000000000004,-0.5,0,0,0,0,1,1,1,0,0,0,0,0,0,1,0,0,1,1,1,1,0,0,0,0,0
train_172,20,5,11,0,74,202,19,20,0,0,0.48,0.48,-0.42000000000000004,-3.0,-0.5,0,1,0,1,0,0,0,0,0,1,1,1,0,0,0,0,0,0,1,0,0,1,1,1,1
train_172,21,4,11,0,79,216,23,21,0,0,0.48,0.48,-0.42000000000000004,0.48,-0.5,0,0,0,0,0,0,1,0,1,0,0,0,0,0,1,1,1,0,0,0,0,0,0,1,0
train_172,22,3,11,0,84,234,24,22,0,0,0.48,-3.0,-0.42000000000000004,-3.0,-0.5,0,0,0,0,0,0,0,0,0,0,0,1,0,1,0,0,0,0,0,1,1,1,0,0,0
train_172,23,2,11,0,88,246,22,23,0,0,0.48,0.48,-0.42000000000000004,0.48,-0.5,0,0,0,1,0,0,0,0,0,0,0,0,0,0,0,0,1,0,1,0,0,0,0,0,1
train_172,24,1,11,0,88,246,22,24,0,0,0.48,0.48,-0.42000000000000004,0.48,-0.5,-1,-1,-1,-1,-1,0,0,0,1,0,0,0,0,0,0,0,0,0,0,0,0,1,0,1,0
train_172,25,0,11,0,88,246,22,25,3,3,-3.0,-3.0,-0.42000000000000004,0.48,-0.5,-1,-1,-1,-1,-1,-1,-1,-1,-1,-1,0,0,0,1,0,0,0,0,0,0,0,0,0,0,0
train_172,26,0,10,3,91,256,22,26,3,2,-3.0,-0.42000000000000004,0.48,0.48,-0.5,-1,-1,-1,-1,-1,-1,-1,-1,-1,-1,0,0,0,0,1,0,0,0,0,0,0,0,0,0,0
train_172,27,0,9,3,93,262,22,27,3,2,-3.0,-0.42000000000000004,0.48,0.48,-0.5,-1,-1,-1,-1,-1,-1,-1,-1,-1,-1,0,0,0,0,0,0,0,0,0,0,1,0,0,0,0
train_172,28,0,8,3,95,268,22,28,3,2,-3.0,-0.42000000000000004,0.48,0.48,-0.5,-1,-1,-1,-1,-1,-1,-1,-1,-1,-1,0,0,0,0,0,0,0,0,0,0,1,1,0,0,0
train_172,29,0,7,3,98,276,23,29,3,2,-3.0,-0.42000000000000004,0.48,0.48,-0.5,-1,-1,-1,-1,-1,-1,-1,-1,-1,-1,0,0,0,0,0,0,0,0,0,0,0,1,1,0,0
train_172,30,0,6,3,100,282,23,30,3,2,-3.0,-0.42000000000000004,0.48,0.48,-0.5,-1,-1,-1,-1,-1,-1,-1,-1,-1,-1,0,0,0,0,0,0,0,0,0,0,1,0,1,1,0
train_172,31,0,5,3,102,288,23,31,3,2,-3.0,-0.42000000000000004,0.48,0.48,-0.5,-1,-1,-1,-1,-1,-1,-1,-1,-1,-1,0,0,0,0,0,0,0,0,0,0,1,1,0,1,1
train_172,32,0,4,3,105,296,24,32,3,2,-3.0,-0.42000000000000004,0.48,0.48,-0.5,-1,-1,-1,-1,-1,-1,-1,-1,-1,-1,0,0,0,0,0,0,0,0,0,0,0,1,1,0,1
train_172,33,0,3,3,107,300,23,33,3,4,-3.0,-0.42000000000000004,0.48,0.48,10.0,-1,-1,-1,-1,-1,-1,-1,-1,-1,-1,2,0,0,0,0,1,0,0,0,0,0,0,1,1,0
train_172,34,0,2,3,109,304,22,34,3,3,-3.0,-0.42000000000000004,0.48,10.48,10.0,-1,-1,-1,-1,-1,-1,-1,-1,-1,-1,1,2,0,0,0,0,1,0,0,0,0,0,0,1,1
train_173,0,14,0,4,9,24,5,0,0,0,0.48,0.48,-3.0,-3.0,-0.5,-1,-1,0,0,0,-1,-1,0,0,0,-1,-1,0,0,0,-1,-1,-1,-1,-1,-1,-1,-1,-1,-1
train_173,1,13,0,0,11,30,4,1,0,0,0.48,0.48,-0.42000000000000004,-3.0,-0.5,-1,-1,0,0,1,-1,-1,0,0,0,-1,-1,0,0,0,-1,-1,0,0,0,-1,-1,-1,-1,-1
train_173,2,12,0,0,13,34,4,2,0,0,0.48,0.48,-0.42000000000000004,-3.0,-0.5,-1,-1,1,0,0,-1,-1,0,0,1,-1,-1,0,0,0,-1,-1,0,0,0,-1,-1,0,0,0
train_173,3,11,0,0,13,34,4,3,1,1,-3.0,0.48,-0.42000000000000004,-3.0,-0.5,-1,-1,1,1,1,-1,-1,1,0,0,-1,-1,0,0,1,-1,-1,0,0,0,-1,-1,0,0,0
train_173,4,11,1,1,16,42,5,4,0,0,0.48,-3.0,0.48,-0.42000000000000004,-0.5,-1,1,1,1,1,-1,1,0,0,0,-1,0,0,1,1,-1,0,0,0,0,-1,0,0,0,0
train_173,5,10,1,0,18,42,8,5,1,1,-3.0,0.48,-0.42000000000000004,-3.0,-0.5,-1,1,0,1,0,-1,1,1,1,1,-1,1,0,0,0,-1,0,0,1,1,-1,0,0,0,0
train_173,6,10,2,1,21,48,10,6,1,1,-3.0,0.48,-3.0,-0.42000000000000004,-0.5,1,0,1,0,0,1,1,1,1,1,1,0,0,0,0,0,0,1,1,1,0,0,0,0,0
train_173,7,10,3,1,26,62,12,7,1,1,-3.0,0.48,-3.0,-0.42000000000000004,-0.5,0,1,0,0,0,1,1,1,1,0,0,0,0,0,0,0,1,1,1,0,0,0,0,0,0
train_173,8,10,4,1,30,74,11,8,1,1,-3.0,0.48,-3.0,-0.42000000000000004,-0.5,1,0,0,0,0,1,1,1,0,0,0,0,0,0,1,1,1,1,0,0,0,0,0,0,0
train_173,9,10,5,1,34,84,13,9,0,0,0.48,-3.0,0.48,-0.42000000000000004,-0.5,0,0,0,0,0,1,1,0,0,0,0,0,0,1,0,1,1,0,0,1,0,0,0,0,0
train_173,10,9,5,0,37,92,15,10,0,0,0.48,0.48,-0.42000000000000004,-3.0,-0.5,0,0,1,1,0,0,0,0,0,0,1,1,0,0,0,0,0,0,1,0,1,1,0,0,1
train_173,11,8,5,0,42,106,15,11,1,1,-3.0,0.48,-0.42000000000000004,0.48,-0.5,0,0,0,0,0,0,0,1,1,0,0,0,0,0,0,1,1,0,0,0,0,0,0,1,0
train_173,12,8,6,1,47,124,17,12,1,1,-3.0,0.48,0.48,-0.42000000000000004,-0.5,0,0,0,0,0,0,1,1,0,0,0,0,0,0,0,1,0,0,0,0,0,0,1,0,0
train_173,13,8,7,1,52,142,17,13,0,0,0.48,0.48,0.48,-0.42000000000000004,-0.5,0,0,0,0,0,1,1,0,0,0,0,0,0,0,0,0,0,0,0,0,0,1,0,0,0
train_173,14,7,7,0,55,150,17,14,0,0,0.48,0.48,-0.42000000000000004,-3.0,-0.5,1,0,1,0,0,0,0,0,0,0,1,1,0,0,0,0,0,0,0,0,0,0,0,0,0
train_173,15,6,7,0,59,158,21,15,1,1,-3.0,0.48,-0.42000000000000004,0.48,-0.5,0,1,0,0,0,1,0,1,0,0,0,0,0,0,0,1,1,0,0,0,0,0,0,0,0
train_173,16,6,8,1,63,170,21,16,0,4,0.48,0.48,0.48,-0.42000000000000004,10.0,1,0,0,0,0,0,1,0,0,2,0,0,0,0,0,1,0,0,0,1,0,0,0,0,0
train_173,17,5,8,0,68,186,22,17,1,4,0.48,0.48,-0.42000000000000004,-3.0,10.0,0,0,0,0,0,1,0,0,0,0,0,1,0,0,2,0,0,0,0,0,1,0,0,0,1
train_173,18,5,9,1,72,196,24,18,1,1,0.48,10.48,0.48,-0.42000000000000004,10.0,0,0,0,0,0,0,0,0,0,0,1,0,0,2,0,0,0,0,0,1,0,0,0,1,0
train_174,0,14,0,4,6,10,1,0,1,1,-3.0,0.48,-3.0,-3.0,-0.5,-1,-1,0,0,1,-1,-1,1,0,0,-1,-1,0,0,1,-1,-1,-1,-1,-1,-1,-1,-1,-1,-1
train_174,1,14,1,1,9,16,1,1,0,0,0.48,-3.0,-3.0,-0.42000000000000004,-0.5,-1,0,0,1,0,-1,1,0,0,0,-1,0,0,1,0,-1,-1,-1,-1,-1,-1,-1,-1,-1,-1
train_174,2,13,1,0,10,16,1,2,1,0,0.48,0.48,-0.42000000000000004,-3.0,-0.5,-1,1,1,0,1,-1,0,0,1,0,-1,1,0,0,0,-1,0,0,1,0,-1,-1,-1,-1,-1
train_174,3,13,2,1,12,18,2,3,1,1,-3.0,0.48,-3.0,-0.42000000000000004,-0.5,1,1,0,1,0,0,0,1,0,1,1,0,0,0,0,0,0,1,0,1,-1,-1,-1,-1,-1
train_174,4,13,3,1,15,24,4,4,1,4,0.48,0.48,0.48,-0.42000000000000004,10.0,1,0,1,0,1,0,1,0,1,0,0,0,0,0,0,0,1,0,1,2,-1,-1,-1,-1,-1
train_174,5,13,4,1,18,34,4,5,1,4,-3.0,0.48,-3.0,-0.42000000000000004,10.0,0,1,0,1,1,1,0,1,0,0,0,0,0,0,0,1,0,1,2,0,-1,-1,-1,-1,-1
train_174,6,13,5,1,22,46,6,6,2,2,0.48,0.48,10.48,-0.42000000000000004,10.0,1,0,1,1,0,0,1,0,0,0,0,0,0,0,0,0,1,2,0,0,-1,-1,-1,-1,-1
train_175,0,14,0,4,8,20,3,0,0,0,0.48,0.48,-3.0,-3.0,-0.5,-1,-1,0,0,0,-1,-1,0,0,0,-1,-1,0,0,1,-1,-1,-1,-1,-1,-1,-1,-1,-1,-1
train_175,1,13,0,0,9,22,3,1,0,0,0.48,0.48,-0.42000000000000004,-3.0,-0.5,-1,-1,1,0,1,-1,-1,0,0,0,-1,-1,0,0,0,-1,-1,0,0,1,-1,-1,-1,-1,-1
train_175,2,12,0,0,11,26,3,2,1,1,-3.0,0.48,-0.42000000000000004,-3.0,-0.5,-1,-1,0,0,1,-1,-1,1,0,1,-1,-1,0,0,0,-1,-1,0,0,0,-1,-1,0,0,1
train_175,3,12,1,1,15,36,5,3,1,0,0.48,0.48,0.48,-0.42000000000000004,-0.5,-1,0,0,1,0,-1,1,0,1,0,-1,0,0,0,0,-1,0,0,0,0,-1,0,0,1,1
train_175,4,12,2,1,19,48,4,4,1,1,-3.0,0.48,0.48,-0.42000000000000004,-0.5,0,0,1,0,1,1,0,1,0,0,0,0,0,0,0,0,0,0,0,0,0,0,1,1,0
train_175,5,12,3,1,22,56,5,5,0,0,0.48,0.48,0.48,-0.42000000000000004,-0.5,0,1,0,1,0,0,1,0,0,0,0,0,0,0,0,0,0,0,0,1,0,1,1,0,1
train_175,6,11,3,0,25,62,6,6,1,0,0.48,0.48,-0.42000000000000004,-3.0,-0.5,1,0,0,0,1,0,1,0,1,0,0,1,0,0,0,0,0,0,0,0,0,0,0,0,1
train_175,7,11,4,1,30,76,10,7,1,1,-3.0,0.48,0.48,-0.42000000000000004,-0.5,0,0,0,1,0,1,0,1,0,0,1,0,0,0,0,0,0,0,0,0,0,0,0,1,0
train_175,8,11,5,1,35,94,11,8,1,0,0.48,0.48,0.48,-0.42000000000000004,-0.5,0,0,1,0,0,0,1,0,0,0,0,0,0,0,0,0,0,0,0,0,0,0,1,0,0
train_175,9,11,6,1,40,112,13,9,1,0,0.48,0.48,0.48,-0.42000000000000004,-0.5,0,1,0,0,0,1,0,0,0,0,0,0,0,0,0,0,0,0,0,0,0,1,0,0,0
train_175,10,11,7,1,45,130,14,10,1,0,0.48,0.48,0.48,-0.42000000000000004,-0.5,1,0,0,0,0,0,0,0,0,0,0,0,0,0,0,0,0,0,0,0,1,0,0,0,0
train_175,11,11,8,1,49,144,15,11,1,4,0.48,0.48,0.48,-0.42000000000000004,10.0,0,0,0,0,1,0,0,0,0,0,0,0,0,0,2,0,0,0,0,0,0,0,0,0,0
train_175,12,11,9,1,53,158,15,12,1,1,0.48,10.48,0.48,-0.42000000000000004,10.0,0,0,0,1,1,0,0,0,0,0,0,0,0,2,0,0,0,0,0,0,0,0,0,0,0
train_176,0,14,0,4,8,20,3,0,0,0,0.48,0.48,-3.0,-3.0,-0.5,-1,-1,1,0,0,-1,-1,0,0,0,-1,-1,0,0,0,-1,-1,-1,-1,-1,-1,-1,-1,-1,-1
train_176,1,13,0,0,10,24,4,1,1,1,-3.0,0.48,-0.42000000000000004,-3.0,-0.5,-1,-1,0,0,1,-1,-1,1,0,0,-1,-1,0,0,0,-1,-1,0,0,0,-1,-1,-1,-1,-1
train_176,2,13,1,1,13,30,5,2,0,0,0.48,0.48,0.48,-0.42000000000000004,-0.5,-1,0,0,1,0,-1,1,0,0,1,-1,0,0,0,0,-1,0,0,0,0,-1,-1,-1,-1,-1
train_176,3,12,1,0,16,38,5,3,0,0,0.48,0.48,-0.42000000000000004,-3.0,-0.5,-1,0,0,0,1,-1,0,0,1,0,-1,1,0,0,1,-1,0,0,0,0,-1,0,0,0,0
train_176,4,11,1,0,19,46,5,4,0,0,0.48,-3.0,-0.42000000000000004,0.48,-0.5,-1,1,0,0,0,-1,0,0,0,1,-1,0,0,1,0,-1,1,0,0,1,-1,0,0,0,0
train_176,5,10,1,0,22,52,6,5,0,0,0.48,0.48,-0.42000000000000004,0.48,-0.5,-1,0,0,1,0,-1,1,0,0,0,-1,0,0,0,1,-1,0,0,1,0,-1,1,0,0,1
train_176,6,9,1,0,24,58,6,6,0,0,0.48,0.48,-0.42000000000000004,-3.0,-0.5,-1,0,0,1,1,-1,0,0,1,0,-1,1,0,0,0,-1,0,0,0,1,-1,0,0,1,0
train_176,7,8,1,0,28,68,7,7,0,0,0.48,-3.0,-0.42000000000000004,0.48,-0.5,-1,0,0,0,0,-1,0,0,1,1,-1,0,0,1,0,-1,1,0,0,0,-1,0,0,0,1
train_176,8,7,1,0,30,72,7,8,0,0,0.48,-3.0,-0.42000000000000004,0.48,-0.5,-1,0,1,1,0,-1,0,0,0,0,-1,0,0,1,1,-1,0,0,1,0,-1,1,0,0,0
train_176,9,6,1,0,33,78,10,9,1,1,-3.0,0.48,-0.42000000000000004,0.48,-0.5,-1,1,0,0,0,-1,0,1,1,0,-1,0,0,0,0,-1,0,0,1,1,-1,0,0,1,0
train_176,10,6,2,1,38,94,12,10,1,1,-3.0,0.48,-3.0,-0.42000000000000004,-0.5,1,0,0,0,0,0,1,1,0,0,0,0,0,0,0,0,0,1,1,0,0,0,1,0,0
train_176,11,6,3,1,43,112,12,11,1,0,0.48,0.48,-3.0,-0.42000000000000004,-0.5,0,0,0,0,0,1,1,0,0,0,0,0,0,0,0,0,1,1,0,0,0,1,0,0,0
train_176,12,6,4,1,47,126,13,12,1,0,0.48,0.48,0.48,-0.42000000000000004,-0.5,0,0,0,0,0,1,0,0,0,0,0,0,0,0,0,1,1,0,0,0,1,0,0,0,1
train_176,13,6,5,1,51,140,14,13,1,0,0.48,0.48,0.48,-0.42000000000000004,-0.5,0,0,0,0,0,0,0,0,0,0,0,0,0,0,0,1,0,0,0,0,0,0,0,1,1
train_176,14,6,6,1,56,156,16,14,1,0,0.48,0.48,0.48,-0.42000000000000004,-0.5,0,0,0,0,0,0,0,0,0,0,0,0,0,0,0,0,0,0,0,0,0,0,1,1,0
train_176,15,6,7,1,60,168,16,15,1,0,0.48,0.48,0.48,-0.42000000000000004,-0.5,0,0,0,0,0,0,0,0,0,1,0,0,0,0,0,0,0,0,0,0,0,1,1,0,0
train_176,16,6,8,1,64,180,18,16,1,0,0.48,0.48,0.48,-0.42000000000000004,-0.5,0,0,0,0,0,0,0,0,1,0,0,0,0,0,0,0,0,0,0,0,1,1,0,0,1
train_176,17,6,9,1,69,196,18,17,1,4,-3.0,0.48,0.48,-0.42000000000000004,10.0,0,0,0,0,0,0,0,1,0,0,0,0,0,0,2,0,0,0,0,0,1,0,0,1,0
train_176,18,6,10,1,72,206,18,18,1,1,0.48,10.48,0.48,-0.42000000000000004,10.0,0,0,0,0,1,0,1,0,0,0,0,0,0,2,0,0,0,0,0,0,0,0,1,0,1
train_177,0,14,0,4,8,18,5,0,0,0,0.48,0.48,-3.0,-3.0,-0.5,-1,-1,0,1,0,-1,-1,0,0,0,-1,-1,0,0,0,-1,-1,-1,-1,-1,-1,-1,-1,-1,-1
train_177,1,13,0,0,11,26,7,1,0,0,0.48,0.48,-0.42000000000000004,-3.0,-0.5,-1,-1,0,0,0,-1,-1,0,1,0,-1,-1,0,0,0,-1,-1,0,0,0,-1,-1,-1,-1,-1
train_177,2,12,0,0,14,36,6,2,0,4,0.48,-3.0,-0.42000000000000004,-3.0,10.0,-1,-1,2,0,0,-1,-1,0,0,0,-1,-1,0,1,0,-1,-1,0,0,0,-1,-1,0,0,0
train_177,3,11,0,0,15,38,6,3,0,0,10.48,0.48,-0.42000000000000004,-3.0,10.0,-1,-1,0,1,1,-1,-1,2,0,0,-1,-1,0,0,0,-1,-1,0,1,0,-1,-1,0,0,0
train_178,0,14,0,4,8,18,5,0,0,0,0.48,-3.0,-3.0,-3.0,-0.5,-1,-1,0,0,0,-1,-1,0,0,0,-1,-1,0,1,0,-1,-1,-1,-1,-1,-1,-1,-1,-1,-1
train_178,1,13,0,0,11,28,6,1,0,0,0.48,0.48,-0.42000000000000004,-3.0,-0.5,-1,-1,0,0,0,-1,-1,0,0,0,-1,-1,0,0,0,-1,-1,0,1,0,-1,-1,-1,-1,-1
train_178,2,12,0,0,14,38,7,2,0,4,0.48,0.48,-0.42000000000000004,-3.0,10.0,-1,-1,0,2,0,-1,-1,0,0,0,-1,-1,0,0,0,-1,-1,0,0,0,-1,-1,0,1,0
train_178,3,11,0,0,17,48,8,3,0,4,0.48,0.48,-0.42000000000000004,-3.0,10.0,-1,-1,0,0,0,-1,-1,0,2,0,-1,-1,0,0,0,-1,-1,0,0,0,-1,-1,0,0,0
train_178,4,10,0,0,20,58,8,4,1,1,0.48,10.48,-0.42000000000000004,-3.0,10.0,-1,-1,0,0,0,-1,-1,0,0,0,-1,-1,0,2,0,-1,-1,0,0,0,-1,-1,0,0,0
train_179,0,14,0,4,8,18,4,0,0,0,0.48,0.48,-3.0,-3.0,-0.5,-1,-1,0,1,0,-1,-1,0,0,0,-1,-1,0,0,0,-1,-1,-1,-1,-1,-1,-1,-1,-1,-1
train_179,1,13,0,0,11,26,5,1,0,0,0.48,0.48,-0.42000000000000004,-3.0,-0.5,-1,-1,0,0,0,-1,-1,0,1,0,-1,-1,0,0,0,-1,-1,0,0,0,-1,-1,-1,-1,-1
train_179,2,12,0,0,14,36,4,2,0,0,0.48,-3.0,-0.42000000000000004,-3.0,-0.5,-1,-1,0,0,0,-1,-1,0,0,0,-1,-1,0,1,0,-1,-1,0,0,0,-1,-1,0,0,0
train_179,3,11,0,0,16,42,4,3,0,0,0.48,0.48,-0.42000000000000004,-3.0,-0.5,-1,-1,1,0,0,-1,-1,0,0,0,-1,-1,0,0,0,-1,-1,0,1,0,-1,-1,0,0,0
train_179,4,10,0,0,17,44,5,4,1,1,-3.0,0.48,-0.42000000000000004,-3.0,-0.5,-1,-1,1,1,0,-1,-1,1,0,0,-1,-1,0,0,0,-1,-1,0,0,0,-1,-1,0,1,0
train_179,5,10,1,1,20,52,5,5,0,0,0.48,0.48,0.48,-0.42000000000000004,-0.5,-1,1,1,0,0,-1,1,0,0,0,-1,0,0,0,1,-1,0,0,0,1,-1,0,1,0,0
train_179,6,9,1,0,23,60,6,6,1,4,-3.0,0.48,-0.42000000000000004,-3.0,10.0,-1,1,0,2,0,-1,1,1,0,0,-1,1,0,0,0,-1,0,0,0,1,-1,0,0,0,1
train_179,7,9,2,1,27,68,8,7,0,4,0.48,0.48,0.48,-0.42000000000000004,10.0,1,0,2,0,0,1,1,0,0,1,1,0,0,0,0,0,0,0,1,0,0,0,0,1,0
train_179,8,8,2,0,29,72,7,8,0,0,10.48,0.48,-0.42000000000000004,-3.0,10.0,1,0,1,0,1,1,0,2,0,0,1,1,0,0,1,1,0,0,0,0,0,0,0,1,0
train_180,0,14,0,4,5,6,2,0,1,1,-3.0,0.48,-3.0,-3.0,-0.5,-1,-1,1,0,1,-1,-1,1,1,0,-1,-1,0,0,0,-1,-1,-1,-1,-1,-1,-1,-1,-1,-1
train_180,1,14,1,1,7,12,2,1,1,1,-3.0,0.48,-3.0,-0.42000000000000004,-0.5,-1,1,0,1,1,-1,1,1,0,0,-1,0,0,0,0,-1,-1,-1,-1,-1,-1,-1,-1,-1,-1
train_180,2,14,2,1,10,20,2,2,0,0,0.48,0.48,-3.0,-0.42000000000000004,-0.5,1,0,1,1,0,1,1,0,0,0,0,0,0,0,0,-1,-1,-1,-1,-1,-1,-1,-1,-1,-1
train_180,3,13,2,0,13,26,3,3,1,1,-3.0,0.48,-0.42000000000000004,-3.0,-0.5,1,1,0,0,0,1,0,1,1,0,1,1,0,0,0,0,0,0,0,0,-1,-1,-1,-1,-1
train_180,4,13,3,1,14,28,3,4,1,1,-3.0,0.48,0.48,-0.42000000000000004,-0.5,1,0,0,0,1,0,1,1,0,0,1,0,0,0,1,0,0,0,0,1,-1,-1,-1,-1,-1
train_180,5,13,4,1,17,32,4,5,0,0,0.48,-3.0,0.48,-0.42000000000000004,-0.5,0,0,0,1,0,1,1,0,0,0,0,0,0,1,1,0,0,0,1,0,-1,-1,-1,-1,-1
train_180,6,12,4,0,21,42,5,6,1,0,0.48,0.48,-0.42000000000000004,-3.0,-0.5,0,0,1,0,0,0,0,0,1,0,1,1,0,0,0,0,0,0,1,1,0,0,0,1,0
train_180,7,12,5,1,24,48,5,7,1,1,-3.0,0.48,-3.0,-0.42000000000000004,-0.5,0,1,0,0,0,0,0,1,0,1,1,0,0,0,1,0,0,1,1,0,0,0,1,0,0
train_180,8,12,6,1,27,52,7,8,0,0,0.48,-3.0,-3.0,-0.42000000000000004,-0.5,1,0,0,0,1,0,1,0,1,0,0,0,0,1,0,0,1,1,0,1,0,1,0,0,0
train_180,9,11,6,0,30,58,8,9,0,0,0.48,-3.0,-0.42000000000000004,-3.0,-0.5,1,0,1,0,0,1,0,0,0,1,0,1,0,1,0,0,0,0,1,0,0,1,1,0,1
train_180,10,10,6,0,33,64,10,10,1,1,-3.0,0.48,-0.42000000000000004,0.48,-0.5,0,0,1,1,0,1,0,1,0,0,1,0,0,0,1,0,1,0,1,0,0,0,0,1,0
train_180,11,10,7,1,37,76,12,11,0,0,0.48,-3.0,-3.0,-0.42000000000000004,-0.5,0,1,1,0,1,0,1,0,0,0,0,0,0,1,0,1,0,1,0,0,0,0,1,0,0
train_180,12,9,7,0,40,82,14,12,1,1,-3.0,0.48,-0.42000000000000004,-3.0,-0.5,0,1,0,0,1,0,1,1,0,1,0,1,0,0,0,0,0,0,1,0,1,0,1,0,0
train_180,13,9,8,1,45,96,14,13,0,0,0.48,0.48,-3.0,-0.42000000000000004,-0.5,1,0,0,1,0,1,1,0,1,0,1,0,0,0,0,0,0,1,0,0,0,1,0,0,0
train_180,14,8,8,0,49,106,16,14,0,0,0.48,-3.0,-0.42000000000000004,-3.0,-0.5,0,0,0,0,1,1,0,0,1,0,1,1,0,1,0,1,0,0,0,0,0,0,1,0,0
train_180,15,7,8,0,53,118,18,15,0,0,0.48,-3.0,-0.42000000000000004,0.48,-0.5,1,0,0,0,0,0,0,0,0,1,1,0,0,1,0,1,1,0,1,0,1,0,0,0,0
train_180,16,6,8,0,57,132,18,16,0,0,0.48,0.48,-0.42000000000000004,0.48,-0.5,1,0,0,0,0,1,0,0,0,0,0,0,0,0,1,1,0,0,1,0,1,1,0,1,0
train_180,17,5,8,0,60,142,19,17,0,0,0.48,0.48,-0.42000000000000004,0.48,-0.5,1,1,0,0,0,1,0,0,0,0,1,0,0,0,0,0,0,0,0,1,1,0,0,1,0
train_180,18,4,8,0,65,156,22,18,0,0,0.48,0.48,-0.42000000000000004,0.48,-0.5,0,0,0,0,0,1,1,0,0,0,1,0,0,0,0,1,0,0,0,0,0,0,0,0,1
train_180,19,3,8,0,70,174,22,19,0,0,0.48,0.48,-0.42000000000000004,-3.0,-0.5,0,0,0,0,0,0,0,0,0,0,1,1,0,0,0,1,0,0,0,0,1,0,0,0,0
train_180,20,2,8,0,73,182,20,20,0,0,0.48,0.48,-0.42000000000000004,0.48,-0.5,0,0,1,0,1,0,0,0,0,0,0,0,0,0,0,1,1,0,0,0,1,0,0,0,0
train_180,21,1,8,0,73,182,20,21,1,1,-3.0,0.48,-0.42000000000000004,0.48,-0.5,-1,-1,-1,-1,-1,0,0,1,0,1,0,0,0,0,0,0,0,0,0,0,1,1,0,0,0
train_180,22,1,9,1,75,186,21,22,1,0,0.48,0.48,0.48,-0.42000000000000004,-0.5,-1,-1,-1,-1,-1,0,1,0,1,1,0,0,0,0,0,0,0,0,0,1,1,0,0,0,0
train_180,23,1,10,1,78,192,23,23,1,1,-3.0,0.48,0.48,-0.42000000000000004,-0.5,-1,-1,-1,-1,-1,1,0,1,1,0,0,0,0,0,0,0,0,0,1,1,0,0,0,0,0
train_180,24,1,11,1,81,200,23,24,1,1,-3.0,0.48,-3.0,-0.42000000000000004,-0.5,-1,-1,-1,-1,-1,0,1,1,0,0,0,0,0,0,0,0,0,1,1,1,0,0,0,0,0
train_180,25,1,12,1,84,208,21,25,0,4,0.48,0.48,-3.0,-0.42000000000000004,10.0,-1,-1,-1,-1,-1,1,1,0,0,2,0,0,0,0,0,0,1,1,1,1,0,0,0,0,0
train_180,26,0,12,0,84,208,21,26,1,4,-3.0,0.48,-0.42000000000000004,-3.0,10.0,-1,-1,-1,-1,-1,-1,-1,-1,-1,-1,1,1,0,0,2,0,0,0,0,0,0,1,1,1,1
train_180,27,0,13,1,84,208,21,27,1,1,-3.0,10.48,0.48,-0.42000000000000004,10.0,-1,-1,-1,-1,-1,-1,-1,-1,-1,-1,1,0,0,2,-1,0,0,0,0,-1,1,1,1,1,-1
train_181,0,14,0,4,8,20,5,0,0,0,0.48,0.48,-3.0,-3.0,-0.5,-1,-1,1,0,0,-1,-1,0,0,0,-1,-1,0,0,0,-1,-1,-1,-1,-1,-1,-1,-1,-1,-1
train_181,1,13,0,0,11,28,7,1,1,4,-3.0,0.48,-0.42000000000000004,-3.0,10.0,-1,-1,2,0,0,-1,-1,1,0,0,-1,-1,0,0,0,-1,-1,0,0,0,-1,-1,-1,-1,-1
train_181,2,13,1,1,15,42,8,2,0,4,0.48,0.48,0.48,-0.42000000000000004,10.0,-1,2,0,0,0,-1,1,0,0,0,-1,0,0,0,0,-1,0,0,0,0,-1,-1,-1,-1,-1
train_181,3,12,1,0,19,56,9,3,0,4,0.48,0.48,-0.42000000000000004,-3.0,10.0,-1,0,0,0,0,-1,2,0,0,0,-1,1,0,0,0,-1,0,0,0,0,-1,0,0,0,0
train_181,4,11,1,0,23,70,8,4,3,3,0.48,0.48,-0.42000000000000004,10.48,10.0,-1,0,0,0,0,-1,0,0,0,0,-1,2,0,0,0,-1,1,0,0,0,-1,0,0,0,0
train_182,0,14,0,4,7,12,3,0,0,0,0.48,-3.0,-3.0,-3.0,-0.5,-1,-1,0,1,0,-1,-1,0,0,0,-1,-1,0,1,0,-1,-1,-1,-1,-1,-1,-1,-1,-1,-1
train_182,1,13,0,0,9,16,4,1,0,0,0.48,0.48,-0.42000000000000004,-3.0,-0.5,-1,-1,0,0,1,-1,-1,0,1,0,-1,-1,0,0,0,-1,-1,0,1,0,-1,-1,-1,-1,-1
train_182,2,12,0,0,12,24,6,2,0,0,0.48,-3.0,-0.42000000000000004,-3.0,-0.5,-1,-1,0,0,0,-1,-1,0,0,1,-1,-1,0,1,0,-1,-1,0,0,0,-1,-1,0,1,0
train_182,3,11,0,0,15,34,5,3,0,0,0.48,0.48,-0.42000000000000004,-3.0,-0.5,-1,-1,0,0,0,-1,-1,0,0,0,-1,-1,0,0,1,-1,-1,0,1,0,-1,-1,0,0,0
train_182,4,10,0,0,17,40,5,4,0,4,0.48,0.48,-0.42000000000000004,-3.0,10.0,-1,-1,1,0,2,-1,-1,0,0,0,-1,-1,0,0,0,-1,-1,0,0,1,-1,-1,0,1,0
train_182,5,9,0,0,18,42,4,5,1,4,-3.0,0.48,-0.42000000000000004,-3.0,10.0,-1,-1,1,0,1,-1,-1,1,0,2,-1,-1,0,0,0,-1,-1,0,0,0,-1,-1,0,0,1
train_182,6,9,1,1,22,50,6,6,0,4,0.48,0.48,0.48,-0.42000000000000004,10.0,-1,1,0,1,0,-1,1,0,2,0,-1,0,0,0,1,-1,0,0,0,0,-1,0,0,1,0
train_182,7,8,1,0,24,52,8,7,1,1,0.48,10.48,-0.42000000000000004,-3.0,10.0,-1,0,1,1,0,-1,1,0,1,0,-1,1,0,2,0,-1,0,0,0,1,-1,0,0,0,0
train_183,0,14,0,4,6,8,3,0,1,1,-3.0,0.48,-3.0,-3.0,-0.5,-1,-1,0,0,1,-1,-1,1,1,0,-1,-1,0,0,0,-1,-1,-1,-1,-1,-1,-1,-1,-1,-1
train_183,1,14,1,1,9,16,4,1,1,1,-3.0,0.48,-3.0,-0.42000000000000004,-0.5,-1,0,0,1,0,-1,1,1,0,0,-1,0,0,0,0,-1,-1,-1,-1,-1,-1,-1,-1,-1,-1
train_183,2,14,2,1,11,22,4,2,0,0,0.48,0.48,-3.0,-0.42000000000000004,-0.5,0,0,1,0,0,1,1,0,0,0,0,0,0,0,1,-1,-1,-1,-1,-1,-1,-1,-1,-1,-1
train_183,3,13,2,0,14,30,3,3,1,1,-3.0,0.48,-0.42000000000000004,-3.0,-0.5,1,0,0,0,1,0,0,1,0,0,1,1,0,0,0,0,0,0,0,1,-1,-1,-1,-1,-1
train_183,4,13,3,1,18,40,4,4,0,0,0.48,0.48,0.48,-0.42000000000000004,-0.5,0,0,0,1,0,0,1,0,0,0,1,0,0,0,0,0,0,0,1,0,-1,-1,-1,-1,-1
train_183,5,12,3,0,21,46,7,5,0,0,0.48,0.48,-0.42000000000000004,-3.0,-0.5,0,1,1,0,0,0,0,0,1,0,0,1,0,0,0,1,0,0,0,0,0,0,0,1,0
train_183,6,11,3,0,24,54,8,6,3,3,-3.0,-3.0,-0.42000000000000004,0.48,-0.5,0,1,1,0,0,0,1,1,0,0,0,0,0,1,0,0,1,0,0,0,1,0,0,0,0
train_183,7,11,2,3,26,60,6,7,3,4,-3.0,-0.42000000000000004,-3.0,0.48,10.0,2,0,1,1,0,0,0,1,1,0,1,0,0,0,1,0,0,1,0,0,1,1,0,0,0
train_183,8,11,1,3,26,60,6,8,0,4,0.48,-0.42000000000000004,0.48,-3.0,10.0,-1,2,0,1,1,-1,0,0,1,1,-1,1,0,0,0,-1,0,0,1,0,-1,1,1,0,0
train_183,9,10,1,0,28,62,6,9,0,4,0.48,-3.0,-0.42000000000000004,0.48,10.0,-1,1,0,1,0,-1,2,0,1,1,-1,0,0,1,1,-1,1,0,0,0,-1,0,0,1,0
train_183,10,9,1,0,30,62,8,10,3,3,0.48,-3.0,-0.42000000000000004,10.48,10.0,-1,0,1,0,1,-1,1,0,1,0,-1,2,0,1,1,-1,0,0,1,1,-1,1,0,0,0
train_184,0,14,0,4,8,18,4,0,0,0,0.48,-3.0,-3.0,-3.0,-0.5,-1,-1,0,0,0,-1,-1,0,0,0,-1,-1,0,1,0,-1,-1,-1,-1,-1,-1,-1,-1,-1,-1
train_184,1,13,0,0,10,22,4,1,0,0,0.48,0.48,-0.42000000000000004,-3.0,-0.5,-1,-1,0,1,0,-1,-1,0,0,0,-1,-1,0,0,0,-1,-1,0,1,0,-1,-1,-1,-1,-1
train_184,2,12,0,0,12,26,5,2,0,0,0.48,0.48,-0.42000000000000004,-3.0,-0.5,-1,-1,0,0,1,-1,-1,0,1,0,-1,-1,0,0,0,-1,-1,0,0,0,-1,-1,0,1,0
train_184,3,11,0,0,14,32,5,3,0,0,0.48,-3.0,-0.42000000000000004,-3.0,-0.5,-1,-1,0,0,1,-1,-1,0,0,1,-1,-1,0,1,0,-1,-1,0,0,0,-1,-1,0,0,0
train_184,4,10,0,0,17,40,6,4,0,0,0.48,0.48,-0.42000000000000004,-3.0,-0.5,-1,-1,0,0,0,-1,-1,0,0,1,-1,-1,0,0,1,-1,-1,0,1,0,-1,-1,0,0,0
train_184,5,9,0,0,19,46,6,5,0,0,0.48,0.48,-0.42000000000000004,-3.0,-0.5,-1,-1,0,0,1,-1,-1,0,0,0,-1,-1,0,0,1,-1,-1,0,0,1,-1,-1,0,1,0
train_184,6,8,0,0,22,54,7,6,1,0,0.48,0.48,-0.42000000000000004,-3.0,-0.5,-1,-1,0,0,0,-1,-1,0,0,1,-1,-1,0,0,0,-1,-1,0,0,1,-1,-1,0,0,1
train_184,7,8,1,1,26,62,11,7,1,0,0.48,0.48,0.48,-0.42000000000000004,-0.5,-1,0,0,0,0,-1,0,0,1,1,-1,0,0,0,0,-1,0,0,1,0,-1,0,0,1,0
train_184,8,8,2,1,31,78,12,8,1,1,-3.0,0.48,-3.0,-0.42000000000000004,-0.5,0,0,0,0,0,0,0,1,1,0,0,0,0,0,0,0,0,1,0,0,0,0,1,0,0
train_184,9,8,3,1,34,86,12,9,1,1,-3.0,0.48,0.48,-0.42000000000000004,-0.5,0,0,0,0,1,0,1,1,0,0,0,0,0,0,0,0,1,0,0,1,0,1,0,0,0
train_184,10,8,4,1,38,96,15,10,0,0,0.48,0.48,0.48,-0.42000000000000004,-0.5,0,0,0,1,0,1,1,0,0,0,0,0,0,0,0,1,0,0,1,0,1,0,0,0,1
train_184,11,7,4,0,42,108,15,11,1,0,0.48,0.48,-0.42000000000000004,-3.0,-0.5,0,0,0,1,0,0,0,0,1,0,1,1,0,0,0,0,0,0,0,0,1,0,0,1,0
train_184,12,7,5,1,46,122,16,12,1,4,-3.0,0.48,0.48,-0.42000000000000004,10.0,0,0,1,0,1,0,0,1,0,0,1,0,0,0,2,0,0,0,0,0,0,0,1,0,0
train_184,13,7,6,1,51,138,16,13,1,1,0.48,10.48,0.48,-0.42000000000000004,10.0,0,1,0,1,0,0,1,0,0,0,0,0,0,2,0,0,0,0,0,0,0,1,0,0,0
train_185,0,14,0,4,8,20,4,0,0,0,0.48,0.48,-3.0,-3.0,-0.5,-1,-1,1,0,0,-1,-1,0,0,0,-1,-1,0,0,0,-1,-1,-1,-1,-1,-1,-1,-1,-1,-1
train_185,1,13,0,0,11,28,5,1,1,4,-3.0,0.48,-0.42000000000000004,-3.0,10.0,-1,-1,2,0,0,-1,-1,1,0,0,-1,-1,0,0,0,-1,-1,0,0,0,-1,-1,-1,-1,-1
train_185,2,13,1,1,14,38,5,2,0,4,0.48,0.48,0.48,-0.42000000000000004,10.0,-1,2,0,0,0,-1,1,0,0,0,-1,0,0,0,0,-1,0,0,0,1,-1,-1,-1,-1,-1
train_185,3,12,1,0,16,44,4,3,0,4,0.48,0.48,-0.42000000000000004,-3.0,10.0,-1,1,0,0,1,-1,2,0,0,0,-1,1,0,0,0,-1,0,0,0,0,-1,0,0,0,1
train_185,4,11,1,0,19,48,6,4,3,3,0.48,0.48,-0.42000000000000004,10.48,10.0,-1,0,1,0,0,-1,1,0,0,1,-1,2,0,0,0,-1,1,0,0,0,-1,0,0,0,0
train_186,0,14,0,4,9,24,5,0,0,0,0.48,0.48,-3.0,-3.0,-0.5,-1,-1,0,0,0,-1,-1,0,0,0,-1,-1,0,0,0,-1,-1,-1,-1,-1,-1,-1,-1,-1,-1
train_186,1,13,0,0,11,28,6,1,0,0,0.48,0.48,-0.42000000000000004,-3.0,-0.5,-1,-1,0,1,0,-1,-1,0,0,0,-1,-1,0,0,0,-1,-1,0,0,0,-1,-1,-1,-1,-1
train_186,2,12,0,0,14,36,7,2,0,0,0.48,0.48,-0.42000000000000004,-3.0,-0.5,-1,-1,0,0,0,-1,-1,0,1,0,-1,-1,0,0,0,-1,-1,0,0,0,-1,-1,0,0,0
train_186,3,11,0,0,16,42,7,3,0,0,0.48,-3.0,-0.42000000000000004,-3.0,-0.5,-1,-1,0,0,1,-1,-1,0,0,0,-1,-1,0,1,0,-1,-1,0,0,0,-1,-1,0,0,0
train_186,4,10,0,0,19,50,8,4,1,0,0.48,0.48,-0.42000000000000004,-3.0,-0.5,-1,-1,0,0,0,-1,-1,0,0,1,-1,-1,0,0,0,-1,-1,0,1,0,-1,-1,0,0,0
train_186,5,10,1,1,23,62,9,5,1,0,0.48,0.48,-3.0,-0.42000000000000004,-0.5,-1,0,0,0,0,-1,0,0,1,1,-1,0,0,0,0,-1,0,1,0,0,-1,0,0,0,0
train_186,6,10,2,1,27,74,11,6,1,1,-3.0,0.48,0.48,-0.42000000000000004,-0.5,0,0,0,0,1,0,0,1,1,0,0,0,0,0,0,0,1,0,0,0,0,0,0,0,0
train_186,7,10,3,1,32,90,14,7,1,1,-3.0,0.48,0.48,-0.42000000000000004,-0.5,0,0,0,1,0,0,1,1,0,0,0,0,0,0,0,1,0,0,0,0,0,0,0,0,0
train_186,8,10,4,1,37,108,14,8,0,0,0.48,0.48,0.48,-0.42000000000000004,-0.5,0,0,1,0,0,1,1,0,0,0,0,0,0,0,0,0,0,0,0,0,0,0,0,0,0
train_186,9,9,4,0,40,116,14,9,1,1,-3.0,0.48,-0.42000000000000004,-3.0,-0.5,1,0,1,0,0,0,0,1,0,0,1,1,0,0,0,0,0,0,0,0,0,0,0,0,0
train_186,10,9,5,1,43,124,15,10,0,0,0.48,0.48,0.48,-0.42000000000000004,-0.5,0,1,0,0,0,0,1,0,0,1,1,0,0,0,0,0,0,0,0,0,0,0,0,0,1
train_186,11,8,5,0,47,136,15,11,0,0,0.48,0.48,-0.42000000000000004,-3.0,-0.5,1,0,0,0,0,0,1,0,0,0,0,1,0,0,1,1,0,0,0,0,0,0,0,0,0
train_186,12,7,5,0,51,146,18,12,0,0,0.48,0.48,-0.42000000000000004,-3.0,-0.5,0,0,0,1,0,1,0,0,0,0,0,1,0,0,0,0,1,0,0,1,1,0,0,0,0
train_186,13,6,5,0,56,162,19,13,1,0,0.48,0.48,-0.42000000000000004,0.48,-0.5,0,0,0,0,0,0,0,0,1,0,1,0,0,0,0,0,1,0,0,0,0,1,0,0,1
train_186,14,6,6,1,60,172,21,14,1,4,-3.0,0.48,0.48,-0.42000000000000004,10.0,0,0,0,0,0,0,0,1,0,2,0,0,0,0,1,1,0,0,0,0,1,0,0,1,0
train_186,15,6,7,1,64,182,22,15,0,4,0.48,-3.0,0.48,-0.42000000000000004,10.0,0,0,0,0,0,0,1,0,2,1,0,0,0,1,0,0,0,0,0,0,0,0,1,0,0
train_186,16,5,7,0,68,194,24,16,1,1,0.48,10.48,-0.42000000000000004,-3.0,10.0,0,1,0,0,0,0,0,0,0,0,0,1,0,2,1,0,0,0,1,0,0,0,0,0,0
train_187,0,14,0,4,6,12,3,0,0,0,0.48,-3.0,-3.0,-3.0,-0.5,-1,-1,0,0,0,-1,-1,0,0,1,-1,-1,0,1,1,-1,-1,-1,-1,-1,-1,-1,-1,-1,-1
train_187,1,13,0,0,8,16,4,1,0,0,0.48,0.48,-0.42000000000000004,-3.0,-0.5,-1,-1,0,1,0,-1,-1,0,0,0,-1,-1,0,0,1,-1,-1,0,1,1,-1,-1,-1,-1,-1
train_187,2,12,0,0,10,20,5,2,1,0,0.48,0.48,-0.42000000000000004,-3.0,-0.5,-1,-1,0,1,0,-1,-1,0,1,0,-1,-1,0,0,0,-1,-1,0,0,1,-1,-1,0,1,1
train_187,3,12,1,1,14,32,4,3,1,1,-3.0,0.48,0.48,-0.42000000000000004,-0.5,-1,0,1,0,0,-1,0,1,0,0,-1,0,0,0,0,-1,0,0,1,0,-1,0,1,1,1
train_187,4,12,2,1,17,38,6,4,0,4,0.48,0.48,-3.0,-0.42000000000000004,10.0,0,1,0,0,0,0,1,0,0,2,0,0,0,0,1,0,0,1,0,1,0,1,1,1,0
train_187,5,11,2,0,21,48,7,5,1,4,0.48,0.48,-0.42000000000000004,-3.0,10.0,0,0,0,1,0,0,1,0,0,0,0,1,0,0,2,0,0,0,0,1,0,0,1,0,1
train_187,6,11,3,1,25,58,8,6,1,1,0.48,10.48,0.48,-0.42000000000000004,10.0,0,0,1,0,1,1,0,0,0,0,1,0,0,2,0,0,0,0,1,0,0,1,0,1,0
train_188,0,14,0,4,5,6,4,0,0,0,0.48,-3.0,-3.0,-3.0,-0.5,-1,-1,0,1,0,-1,-1,0,1,0,-1,-1,0,1,1,-1,-1,-1,-1,-1,-1,-1,-1,-1,-1
train_188,1,13,0,0,8,14,5,1,0,0,0.48,-3.0,-0.42000000000000004,-3.0,-0.5,-1,-1,0,0,0,-1,-1,0,1,0,-1,-1,0,1,0,-1,-1,0,1,1,-1,-1,-1,-1,-1
train_188,2,12,0,0,10,20,5,2,0,0,0.48,-3.0,-0.42000000000000004,-3.0,-0.5,-1,-1,0,0,1,-1,-1,0,0,0,-1,-1,0,1,0,-1,-1,0,1,0,-1,-1,0,1,1
train_188,3,11,0,0,13,28,6,3,1,0,0.48,0.48,-0.42000000000000004,-3.0,-0.5,-1,-1,0,0,0,-1,-1,0,0,1,-1,-1,0,0,0,-1,-1,0,1,0,-1,-1,0,1,0
train_188,4,11,1,1,18,44,7,4,1,0,0.48,0.48,-3.0,-0.42000000000000004,-0.5,-1,0,0,0,0,-1,0,0,1,0,-1,0,0,0,0,-1,0,1,0,0,-1,0,1,0,0
train_188,5,11,2,1,21,54,8,5,1,1,-3.0,0.48,0.48,-0.42000000000000004,-0.5,0,0,0,0,0,0,0,1,0,0,0,0,0,0,0,0,1,0,0,1,0,1,0,0,1
train_188,6,11,3,1,25,66,9,6,1,0,0.48,0.48,0.48,-0.42000000000000004,-0.5,0,0,0,0,0,0,1,0,0,0,0,0,0,0,0,1,0,0,1,0,1,0,0,1,1
train_188,7,11,4,1,28,74,10,7,1,0,0.48,0.48,-3.0,-0.42000000000000004,-0.5,0,0,0,0,0,1,0,0,0,1,0,0,0,0,0,0,0,1,0,0,0,0,1,1,1
train_188,8,11,5,1,33,88,12,8,1,0,0.48,0.48,0.48,-0.42000000000000004,-0.5,0,0,0,0,0,0,0,0,1,0,0,0,0,0,0,0,1,0,0,0,0,1,1,1,0
train_188,9,11,6,1,38,106,13,9,1,1,-3.0,0.48,0.48,-0.42000000000000004,-0.5,0,0,0,0,0,0,0,1,0,0,0,0,0,0,0,1,0,0,0,0,1,1,1,0,0
train_188,10,11,7,1,42,118,14,10,1,0,0.48,0.48,0.48,-0.42000000000000004,-0.5,0,0,0,0,0,0,1,0,0,0,0,0,0,0,0,0,0,0,0,1,1,1,0,0,0
train_188,11,11,8,1,47,134,17,11,2,0,0.48,0.48,0.48,-0.42000000000000004,-0.5,0,0,0,0,0,1,0,0,0,0,0,0,0,0,0,0,0,0,1,0,1,0,0,0,0
train_188,12,12,8,2,50,144,15,12,2,4,-0.42000000000000004,-3.0,0.48,0.48,10.0,1,0,0,0,0,0,0,0,0,0,0,0,0,1,0,1,0,0,0,0,1,1,0,2,0
train_188,13,13,8,2,50,144,15,13,1,4,-0.42000000000000004,0.48,0.48,0.48,10.0,0,0,0,0,0,0,0,0,1,0,1,0,0,0,0,1,1,0,2,0,-1,-1,-1,-1,-1
train_188,14,13,9,1,54,158,16,14,2,2,-3.0,0.48,10.48,-0.42000000000000004,10.0,0,0,0,0,0,0,0,1,0,0,0,0,0,0,0,1,0,2,0,0,-1,-1,-1,-1,-1
train_189,0,14,0,4,6,12,2,0,0,0,0.48,-3.0,-3.0,-3.0,-0.5,-1,-1,0,0,1,-1,-1,0,0,0,-1,-1,0,1,1,-1,-1,-1,-1,-1,-1,-1,-1,-1,-1
train_189,1,13,0,0,7,14,2,1,1,0,0.48,0.48,-0.42000000000000004,-3.0,-0.5,-1,-1,0,1,1,-1,-1,0,0,1,-1,-1,0,0,0,-1,-1,0,1,1,-1,-1,-1,-1,-1
train_189,2,13,1,1,11,22,5,2,1,0,0.48,0.48,-3.0,-0.42000000000000004,-0.5,-1,0,1,1,0,-1,0,0,1,0,-1,0,0,0,0,-1,0,1,1,0,-1,-1,-1,-1,-1
train_189,3,13,2,1,14,32,5,3,1,1,-3.0,0.48,-3.0,-0.42000000000000004,-0.5,0,1,1,0,1,0,0,1,0,0,0,0,0,0,0,0,1,1,0,0,-1,-1,-1,-1,-1
train_189,4,13,3,1,17,42,3,4,0,0,0.48,0.48,0.48,-0.42000000000000004,-0.5,1,1,0,1,1,0,1,0,0,0,0,0,0,0,0,1,1,0,0,0,-1,-1,-1,-1,-1
train_189,5,12,3,0,20,46,5,5,0,0,0.48,0.48,-0.42000000000000004,-3.0,-0.5,0,1,0,0,1,1,1,0,1,1,0,1,0,0,0,0,0,0,0,0,1,1,0,0,0
train_189,6,11,3,0,24,54,8,6,0,0,0.48,-3.0,-0.42000000000000004,-3.0,-0.5,0,0,1,0,0,0,1,0,0,1,1,1,0,1,1,0,1,0,0,0,0,0,0,0,0
train_189,7,10,3,0,28,64,7,7,1,1,-3.0,0.48,-0.42000000000000004,-3.0,-0.5,0,1,0,0,0,0,0,1,0,0,0,1,0,0,1,1,1,0,1,1,0,1,0,0,0
train_189,8,10,4,1,30,68,6,8,0,0,0.48,-3.0,-3.0,-0.42000000000000004,-0.5,1,0,0,0,1,0,1,0,0,0,1,0,0,1,1,1,0,1,1,1,1,0,0,0,0
train_189,9,9,4,0,33,76,7,9,0,0,0.48,0.48,-0.42000000000000004,-3.0,-0.5,1,1,0,0,0,1,0,0,0,1,0,1,0,0,0,1,0,0,1,1,1,0,1,1,1
train_189,10,8,4,0,37,86,9,10,0,0,0.48,0.48,-0.42000000000000004,0.48,-0.5,0,0,0,0,1,1,1,0,0,0,1,0,0,0,1,0,1,0,0,0,1,0,0,1,1
train_189,11,7,4,0,42,102,11,11,1,0,0.48,0.48,-0.42000000000000004,-3.0,-0.5,0,0,0,0,0,0,0,0,0,1,1,1,0,0,0,1,0,0,0,1,0,1,0,0,0
train_189,12,7,5,1,45,108,13,12,1,0,0.48,0.48,0.48,-0.42000000000000004,-0.5,0,0,0,0,1,0,0,0,1,0,1,0,0,0,0,0,0,0,1,1,1,0,0,0,0
train_189,13,7,6,1,50,122,15,13,1,4,-3.0,0.48,-3.0,-0.42000000000000004,10.0,0,0,0,1,0,0,0,1,0,2,0,0,0,0,0,0,0,1,1,0,0,0,0,0,0
train_189,14,7,7,1,53,130,16,14,0,4,0.48,0.48,-3.0,-0.42000000000000004,10.0,0,0,1,0,0,0,1,0,2,0,0,0,0,0,1,0,1,1,0,1,0,0,0,0,0
train_189,15,6,7,0,58,146,16,15,1,1,-3.0,10.48,-0.42000000000000004,-3.0,10.0,0,0,0,0,0,0,0,1,0,0,0,1,0,2,0,0,0,0,0,1,0,1,1,0,1
train_190,0,14,0,4,7,14,4,0,1,1,-3.0,0.48,-3.0,-3.0,-0.5,-1,-1,0,0,0,-1,-1,1,0,0,-1,-1,0,0,1,-1,-1,-1,-1,-1,-1,-1,-1,-1,-1
train_190,1,14,1,1,10,22,5,1,0,0,0.48,-3.0,-3.0,-0.42000000000000004,-0.5,-1,0,0,0,0,-1,1,0,0,0,-1,0,0,1,0,-1,-1,-1,-1,-1,-1,-1,-1,-1,-1
train_190,2,13,1,0,13,30,5,2,0,0,0.48,0.48,-0.42000000000000004,-3.0,-0.5,-1,0,1,0,0,-1,0,0,0,0,-1,1,0,0,0,-1,0,0,1,0,-1,-1,-1,-1,-1
train_190,3,12,1,0,16,36,7,3,1,1,-3.0,0.48,-0.42000000000000004,0.48,-0.5,-1,0,0,1,0,-1,0,1,0,0,-1,0,0,0,0,-1,1,0,0,0,-1,0,0,1,0
train_190,4,12,2,1,20,50,8,4,0,0,0.48,0.48,0.48,-0.42000000000000004,-0.5,0,0,1,0,0,0,1,0,0,0,0,0,0,0,0,1,0,0,0,0,0,0,1,0,1
train_190,5,11,2,0,25,66,9,5,1,1,-3.0,0.48,-0.42000000000000004,-3.0,-0.5,0,0,0,0,0,0,0,1,0,0,0,1,0,0,0,0,0,0,0,0,1,0,0,0,0
train_190,6,11,3,1,30,84,10,6,0,0,0.48,0.48,0.48,-0.42000000000000004,-0.5,0,0,0,0,0,0,1,0,0,0,1,0,0,0,0,0,0,0,0,0,0,0,0,0,0
train_190,7,10,3,0,35,102,9,7,0,0,0.48,0.48,-0.42000000000000004,-3.0,-0.5,0,0,0,0,0,0,0,0,0,0,0,1,0,0,0,1,0,0,0,0,0,0,0,0,0
train_190,8,9,3,0,38,110,10,8,0,0,0.48,0.48,-0.42000000000000004,0.48,-0.5,1,0,1,0,0,0,0,0,0,0,0,0,0,0,0,0,1,0,0,0,1,0,0,0,0
train_190,9,8,3,0,42,122,9,9,1,1,-3.0,0.48,-0.42000000000000004,0.48,-0.5,1,0,0,0,0,1,0,1,0,0,0,0,0,0,0,0,0,0,0,0,0,1,0,0,0
train_190,10,8,4,1,46,136,8,10,0,0,0.48,0.48,0.48,-0.42000000000000004,-0.5,0,0,0,0,1,0,1,0,0,0,0,0,0,0,0,0,0,0,0,0,1,0,0,0,0
train_190,11,7,4,0,48,140,9,11,1,0,0.48,0.48,-0.42000000000000004,-3.0,-0.5,0,1,1,0,1,0,0,0,0,1,0,1,0,0,0,0,0,0,0,0,0,0,0,0,0
train_190,12,7,5,1,52,148,12,12,1,0,0.48,0.48,0.48,-0.42000000000000004,-0.5,1,1,0,1,0,0,0,0,1,0,1,0,0,0,0,0,0,0,0,1,0,0,0,0,0
train_190,13,7,6,1,56,158,13,13,1,1,-3.0,0.48,0.48,-0.42000000000000004,-0.5,1,0,1,0,0,0,0,1,0,0,0,0,0,0,1,0,0,0,1,0,0,0,0,0,0
train_190,14,7,7,1,60,170,14,14,0,0,0.48,-3.0,-3.0,-0.42000000000000004,-0.5,0,1,0,0,0,0,1,0,0,0,0,0,0,1,0,0,0,1,0,0,0,0,0,0,1
train_190,15,6,7,0,65,186,15,15,0,0,0.48,0.48,-0.42000000000000004,-3.0,-0.5,0,0,0,0,0,0,1,0,0,0,0,1,0,0,0,0,0,0,1,0,0,0,1,0,0
train_190,16,5,7,0,68,196,15,16,1,0,0.48,0.48,-0.42000000000000004,-3.0,-0.5,1,1,0,0,0,0,0,0,0,0,0,1,0,0,0,0,1,0,0,0,0,0,0,1,0
train_190,17,5,8,1,72,210,16,17,1,0,0.48,0.48,0.48,-0.42000000000000004,-0.5,1,0,0,0,0,0,0,0,0,0,1,0,0,0,0,1,0,0,0,0,0,0,1,0,1
train_190,18,5,9,1,76,224,17,18,1,4,0.48,0.48,0.48,-0.42000000000000004,10.0,0,0,0,0,0,0,0,0,0,0,0,0,0,0,2,0,0,0,0,0,0,1,0,1,1
train_190,19,5,10,1,80,238,18,19,1,1,0.48,10.48,0.48,-0.42000000000000004,10.0,0,0,0,0,0,0,0,0,0,0,0,0,0,2,0,0,0,0,0,0,1,0,1,1,1
train_191,0,14,0,4,5,6,3,0,1,1,-3.0,0.48,-3.0,-3.0,-0.5,-1,-1,0,1,1,-1,-1,1,1,0,-1,-1,0,0,0,-1,-1,-1,-1,-1,-1,-1,-1,-1,-1
train_191,1,14,1,1,8,14,5,1,1,1,-3.0,0.48,-3.0,-0.42000000000000004,-0.5,-1,0,1,1,0,-1,1,1,0,0,-1,0,0,0,0,-1,-1,-1,-1,-1,-1,-1,-1,-1,-1
train_191,2,14,2,1,11,24,3,2,0,0,0.48,0.48,-3.0,-0.42000000000000004,-0.5,0,1,1,0,0,1,1,0,0,0,0,0,0,0,0,-1,-1,-1,-1,-1,-1,-1,-1,-1,-1
train_191,3,13,2,0,15,34,5,3,1,1,-3.0,0.48,-0.42000000000000004,-3.0,-0.5,0,0,0,0,1,0,1,1,0,0,1,1,0,0,0,0,0,0,0,0,-1,-1,-1,-1,-1
train_191,4,13,3,1,17,36,6,4,0,0,0.48,0.48,0.48,-0.42000000000000004,-0.5,0,0,0,1,0,1,1,0,0,1,1,0,0,0,1,0,0,0,0,0,-1,-1,-1,-1,-1
train_191,5,12,3,0,22,52,7,5,0,0,0.48,0.48,-0.42000000000000004,-3.0,-0.5,0,0,0,0,0,0,0,0,1,0,1,1,0,0,1,1,0,0,0,1,0,0,0,0,0
train_191,6,11,3,0,26,66,7,6,0,0,0.48,-3.0,-0.42000000000000004,0.48,-0.5,1,0,0,0,0,0,0,0,0,0,0,0,0,1,0,1,1,0,0,1,1,0,0,0,1
train_191,7,10,3,0,30,76,8,7,0,0,0.48,0.48,-0.42000000000000004,0.48,-0.5,0,1,0,0,0,1,0,0,0,0,0,0,0,0,0,0,0,0,1,0,1,1,0,0,1
train_191,8,9,3,0,33,82,10,8,0,0,0.48,0.48,-0.42000000000000004,0.48,-0.5,0,0,1,1,0,0,1,0,0,0,1,0,0,0,0,0,0,0,0,0,0,0,0,1,0
train_191,9,8,3,0,38,96,11,9,1,1,-3.0,0.48,-0.42000000000000004,-3.0,-0.5,0,0,0,0,0,0,0,1,1,0,0,1,0,0,0,1,0,0,0,0,0,0,0,0,0
train_191,10,8,4,1,40,102,10,10,1,1,-3.0,0.48,0.48,-0.42000000000000004,-0.5,0,0,0,0,1,0,1,1,0,1,1,0,0,0,0,0,0,0,0,0,0,0,0,0,1
train_191,11,8,5,1,42,104,12,11,0,0,0.48,0.48,0.48,-0.42000000000000004,-0.5,0,0,0,1,1,1,1,0,1,1,0,0,0,0,0,0,0,0,0,1,0,0,0,1,0
train_191,12,7,5,0,46,114,14,12,0,0,0.48,-3.0,-0.42000000000000004,-3.0,-0.5,1,0,0,0,0,0,0,0,1,1,1,1,0,1,1,0,0,0,0,0,0,0,0,0,1
train_191,13,6,5,0,50,126,15,13,0,0,0.48,-3.0,-0.42000000000000004,0.48,-0.5,0,0,0,0,1,1,0,0,0,0,0,0,0,1,1,1,1,0,1,1,0,0,0,0,0
train_191,14,5,5,0,53,136,15,14,0,0,0.48,0.48,-0.42000000000000004,0.48,-0.5,1,0,0,0,1,0,0,0,0,1,1,0,0,0,0,0,0,0,1,1,1,1,0,1,1
train_191,15,4,5,0,58,150,18,15,3,0,0.48,0.48,-0.42000000000000004,0.48,-0.5,0,0,0,0,0,1,0,0,0,1,0,0,0,0,1,1,0,0,0,0,0,0,0,1,1
train_191,16,4,4,3,60,154,18,16,3,4,0.48,-0.42000000000000004,0.48,0.48,10.0,1,0,0,0,0,2,1,0,0,0,0,0,0,0,0,1,1,0,0,0,0,0,0,0,1
train_191,17,4,3,3,63,160,19,17,3,4,-3.0,-0.42000000000000004,-3.0,0.48,10.0,0,1,0,0,0,1,2,1,0,0,0,0,0,0,0,0,1,1,0,0,0,0,0,0,0
train_191,18,4,2,3,67,172,17,18,0,0,10.48,-0.42000000000000004,-3.0,0.48,10.0,1,0,1,0,0,0,1,2,1,0,0,0,0,0,0,0,0,1,1,0,0,0,0,0,0
train_192,0,14,0,4,6,8,4,0,0,0,0.48,-3.0,-3.0,-3.0,-0.5,-1,-1,0,1,0,-1,-1,0,1,0,-1,-1,0,1,0,-1,-1,-1,-1,-1,-1,-1,-1,-1,-1
train_192,1,13,0,0,9,16,4,1,0,0,0.48,-3.0,-0.42000000000000004,-3.0,-0.5,-1,-1,0,0,0,-1,-1,0,1,0,-1,-1,0,1,0,-1,-1,0,1,0,-1,-1,-1,-1,-1
train_192,2,12,0,0,11,22,5,2,0,0,0.48,-3.0,-0.42000000000000004,-3.0,-0.5,-1,-1,1,0,0,-1,-1,0,0,0,-1,-1,0,1,0,-1,-1,0,1,0,-1,-1,0,1,0
train_192,3,11,0,0,13,28,6,3,1,1,-3.0,0.48,-0.42000000000000004,-3.0,-0.5,-1,-1,1,0,0,-1,-1,1,0,0,-1,-1,0,0,0,-1,-1,0,1,0,-1,-1,0,1,0
train_192,4,11,1,1,16,36,5,4,1,0,0.48,0.48,-3.0,-0.42000000000000004,-0.5,-1,1,0,0,0,-1,1,0,0,0,-1,0,0,0,1,-1,0,1,0,1,-1,0,1,0,0
train_192,5,11,2,1,18,38,7,5,2,0,0.48,-3.0,0.48,-0.42000000000000004,-0.5,1,0,0,0,1,1,0,0,0,1,0,0,0,1,0,0,1,0,1,0,0,1,0,0,1
train_192,6,12,2,2,20,44,6,6,2,2,-0.42000000000000004,-3.0,0.48,-3.0,-0.5,1,0,0,0,1,0,0,0,1,0,0,1,0,1,0,0,1,0,0,1,0,1,0,0,0
train_192,7,13,2,2,20,44,6,7,1,1,-0.42000000000000004,0.48,0.48,-3.0,-0.5,0,0,0,1,0,0,1,0,1,0,0,1,0,0,1,0,1,0,0,0,-1,-1,-1,-1,-1
train_192,8,13,3,1,24,56,5,8,2,2,-3.0,-3.0,0.48,-0.42000000000000004,-0.5,0,0,1,0,0,1,0,1,0,0,1,0,0,1,0,1,0,0,0,0,-1,-1,-1,-1,-1
train_192,9,14,3,2,24,56,5,9,1,1,-0.42000000000000004,0.48,-3.0,0.48,-0.5,1,0,1,0,0,1,0,0,1,0,1,0,0,0,0,-1,-1,-1,-1,-1,-1,-1,-1,-1,-1
train_192,10,14,4,1,25,58,6,10,1,1,-3.0,0.48,-3.0,-0.42000000000000004,-0.5,0,1,0,0,0,0,0,1,0,1,0,0,0,0,1,-1,-1,-1,-1,-1,-1,-1,-1,-1,-1
train_192,11,14,5,1,28,64,9,11,0,0,0.48,-3.0,-3.0,-0.42000000000000004,-0.5,1,0,0,0,0,0,1,0,1,0,0,0,0,1,0,-1,-1,-1,-1,-1,-1,-1,-1,-1,-1
train_192,12,13,5,0,30,72,9,12,0,0,0.48,-3.0,-0.42000000000000004,-3.0,-0.5,1,0,0,0,0,1,0,0,0,0,0,1,0,1,0,0,0,0,1,0,-1,-1,-1,-1,-1
train_192,13,12,5,0,32,78,9,13,1,0,0.48,0.48,-0.42000000000000004,0.48,-0.5,0,1,1,0,0,1,0,0,0,0,1,0,0,0,0,0,1,0,1,0,0,0,0,1,0
train_192,14,12,6,1,37,96,8,14,1,4,0.48,0.48,-3.0,-0.42000000000000004,10.0,1,1,0,0,0,0,0,0,0,0,0,0,0,0,0,1,0,1,0,0,0,0,1,0,2
train_192,15,12,7,1,40,104,9,15,1,4,0.48,0.48,0.48,-0.42000000000000004,10.0,1,0,0,0,0,0,0,0,0,1,0,0,0,0,0,0,1,0,0,0,0,1,0,2,1
train_192,16,12,8,1,44,116,8,16,2,4,0.48,0.48,0.48,-0.42000000000000004,10.0,0,0,0,0,0,0,0,0,1,0,0,0,0,0,0,1,0,0,0,0,1,0,2,1,1
train_192,17,13,8,2,44,116,8,17,2,2,-0.42000000000000004,0.48,10.48,0.48,10.0,0,0,0,1,0,0,0,0,0,0,1,0,0,0,0,1,0,2,1,1,-1,-1,-1,-1,-1
train_193,0,14,0,4,9,24,6,0,0,0,0.48,0.48,-3.0,-3.0,-0.5,-1,-1,0,0,0,-1,-1,0,0,0,-1,-1,0,0,0,-1,-1,-1,-1,-1,-1,-1,-1,-1,-1
train_193,1,13,0,0,12,34,7,1,0,0,0.48,0.48,-0.42000000000000004,-3.0,-0.5,-1,-1,0,0,0,-1,-1,0,0,0,-1,-1,0,0,0,-1,-1,0,0,0,-1,-1,-1,-1,-1
train_193,2,12,0,0,15,44,7,2,0,0,0.48,0.48,-0.42000000000000004,-3.0,-0.5,-1,-1,0,0,0,-1,-1,0,0,0,-1,-1,0,0,0,-1,-1,0,0,0,-1,-1,0,0,0
train_193,3,11,0,0,17,50,7,3,0,0,0.48,0.48,-0.42000000000000004,-3.0,-0.5,-1,-1,0,0,1,-1,-1,0,0,0,-1,-1,0,0,0,-1,-1,0,0,0,-1,-1,0,0,0
train_193,4,10,0,0,20,58,9,4,0,0,0.48,0.48,-0.42000000000000004,-3.0,-0.5,-1,-1,0,0,0,-1,-1,0,0,1,-1,-1,0,0,0,-1,-1,0,0,0,-1,-1,0,0,0
train_193,5,9,0,0,23,68,9,5,0,0,0.48,0.48,-0.42000000000000004,-3.0,-0.5,-1,-1,0,0,0,-1,-1,0,0,0,-1,-1,0,0,1,-1,-1,0,0,0,-1,-1,0,0,0
train_193,6,8,0,0,25,74,9,6,0,0,0.48,0.48,-0.42000000000000004,-3.0,-0.5,-1,-1,1,0,0,-1,-1,0,0,0,-1,-1,0,0,0,-1,-1,0,0,1,-1,-1,0,0,0
train_193,7,7,0,0,27,78,10,7,1,1,-3.0,0.48,-0.42000000000000004,-3.0,-0.5,-1,-1,0,0,1,-1,-1,1,0,0,-1,-1,0,0,0,-1,-1,0,0,0,-1,-1,0,0,1
train_193,8,7,1,1,32,92,12,8,0,0,0.48,0.48,0.48,-0.42000000000000004,-0.5,-1,0,0,1,0,-1,1,0,0,0,-1,0,0,0,0,-1,0,0,0,0,-1,0,0,1,0
train_193,9,6,1,0,35,100,12,9,1,0,0.48,0.48,-0.42000000000000004,-3.0,-0.5,-1,0,0,0,1,-1,0,0,1,0,-1,1,0,0,0,-1,0,0,0,0,-1,0,0,0,0
train_193,10,6,2,1,40,116,14,10,1,1,-3.0,0.48,0.48,-0.42000000000000004,-0.5,0,0,0,1,0,0,0,1,0,0,1,0,0,0,0,0,0,0,0,0,0,0,0,0,0
train_193,11,6,3,1,45,134,14,11,0,0,0.48,0.48,0.48,-0.42000000000000004,-0.5,0,0,1,0,0,0,1,0,0,0,0,0,0,0,0,0,0,0,0,0,0,0,0,0,0
train_193,12,5,3,0,48,142,14,12,1,1,-3.0,0.48,-0.42000000000000004,-3.0,-0.5,1,0,0,0,1,0,0,1,0,0,0,1,0,0,0,0,0,0,0,0,0,0,0,0,0
train_193,13,5,4,1,52,152,15,13,0,0,0.48,0.48,0.48,-0.42000000000000004,-0.5,0,0,0,1,0,0,1,0,0,0,1,0,0,0,1,0,0,0,0,0,0,0,0,0,0
train_193,14,4,4,0,56,162,15,14,1,0,0.48,0.48,-0.42000000000000004,-3.0,-0.5,0,0,1,0,0,0,0,0,1,0,0,1,0,0,0,1,0,0,0,1,0,0,0,0,0
train_193,15,4,5,1,58,166,16,15,1,1,-3.0,0.48,0.48,-0.42000000000000004,-0.5,0,1,0,0,1,0,0,1,0,1,1,0,0,0,0,0,0,0,1,0,0,0,0,0,1
train_193,16,4,6,1,62,176,17,16,1,0,0.48,0.48,-3.0,-0.42000000000000004,-0.5,1,0,0,1,0,0,1,0,1,0,0,0,0,0,0,0,0,1,0,0,0,0,0,1,1
train_193,17,4,7,1,66,186,20,17,1,1,-3.0,0.48,0.48,-0.42000000000000004,-0.5,0,0,1,0,0,1,0,1,0,0,0,0,0,0,0,0,1,0,0,1,0,0,1,1,0
train_193,18,4,8,1,71,202,23,18,0,4,0.48,0.48,0.48,-0.42000000000000004,10.0,0,1,0,0,0,0,1,0,0,2,0,0,0,0,0,1,0,0,1,0,0,1,1,0,0
train_193,19,3,8,0,74,210,25,19,1,4,0.48,0.48,-0.42000000000000004,-3.0,10.0,0,1,1,0,0,0,1,0,0,0,0,1,0,0,2,0,0,0,0,0,1,0,0,1,0
train_193,20,3,9,1,79,228,26,20,1,1,0.48,10.48,0.48,-0.42000000000000004,10.0,1,1,0,0,0,1,0,0,0,0,1,0,0,2,0,0,0,0,0,0,0,0,1,0,0
train_194,0,14,0,4,9,24,4,0,0,0,0.48,0.48,-3.0,-3.0,-0.5,-1,-1,0,0,0,-1,-1,0,0,0,-1,-1,0,0,0,-1,-1,-1,-1,-1,-1,-1,-1,-1,-1
train_194,1,13,0,0,11,30,4,1,0,4,0.48,0.48,-0.42000000000000004,-3.0,10.0,-1,-1,1,0,2,-1,-1,0,0,0,-1,-1,0,0,0,-1,-1,0,0,0,-1,-1,-1,-1,-1
train_194,2,12,0,0,14,38,6,2,1,4,-3.0,0.48,-0.42000000000000004,-3.0,10.0,-1,-1,0,0,0,-1,-1,1,0,2,-1,-1,0,0,0,-1,-1,0,0,0,-1,-1,0,0,0
train_194,3,12,1,1,17,46,3,3,0,4,0.48,0.48,0.48,-0.42000000000000004,10.0,-1,0,0,0,0,-1,1,0,2,1,-1,0,0,0,0,-1,0,0,0,0,-1,0,0,0,1
train_194,4,11,1,0,20,56,2,4,1,1,0.48,10.48,-0.42000000000000004,-3.0,10.0,-1,0,0,0,1,-1,0,0,0,0,-1,1,0,2,1,-1,0,0,0,0,-1,0,0,0,0
train_195,0,14,0,4,6,8,4,0,1,0,0.48,0.48,-3.0,-3.0,-0.5,-1,-1,0,1,0,-1,-1,0,1,1,-1,-1,0,0,0,-1,-1,-1,-1,-1,-1,-1,-1,-1,-1
train_195,1,14,1,1,9,16,5,1,1,1,-3.0,0.48,-3.0,-0.42000000000000004,-0.5,-1,0,1,0,0,-1,0,1,1,0,-1,0,0,0,0,-1,-1,-1,-1,-1,-1,-1,-1,-1,-1
train_195,2,14,2,1,11,22,5,2,1,1,-3.0,0.48,-3.0,-0.42000000000000004,-0.5,0,1,0,0,1,0,1,1,0,0,0,0,0,0,0,-1,-1,-1,-1,-1,-1,-1,-1,-1,-1
train_195,3,14,3,1,13,28,5,3,0,0,0.48,0.48,-3.0,-0.42000000000000004,-0.5,1,0,0,1,1,1,1,0,0,0,0,0,0,0,0,-1,-1,-1,-1,-1,-1,-1,-1,-1,-1
train_195,4,13,3,0,16,34,5,4,1,0,0.48,0.48,-0.42000000000000004,-3.0,-0.5,1,0,0,1,0,1,0,0,1,1,1,1,0,0,0,0,0,0,0,0,-1,-1,-1,-1,-1
train_195,5,13,4,1,19,42,5,5,1,4,-3.0,0.48,0.48,-0.42000000000000004,10.0,0,0,1,0,1,0,0,1,1,2,1,0,0,0,0,0,0,0,0,0,-1,-1,-1,-1,-1
train_195,6,13,5,1,22,48,7,6,1,4,-3.0,0.48,0.48,-0.42000000000000004,10.0,0,1,0,1,0,0,1,1,2,0,0,0,0,0,1,0,0,0,0,0,-1,-1,-1,-1,-1
train_195,7,13,6,1,26,60,8,7,0,0,10.48,-3.0,0.48,-0.42000000000000004,10.0,1,0,1,0,0,1,1,2,0,0,0,0,0,1,0,0,0,0,0,0,-1,-1,-1,-1,-1
train_196,0,14,0,4,6,10,3,0,1,0,0.48,0.48,-3.0,-3.0,-0.5,-1,-1,0,1,1,-1,-1,0,1,0,-1,-1,0,0,0,-1,-1,-1,-1,-1,-1,-1,-1,-1,-1
train_196,1,14,1,1,8,16,2,1,1,1,-3.0,0.48,-3.0,-0.42000000000000004,-0.5,-1,0,1,1,1,-1,0,1,0,0,-1,0,0,0,0,-1,-1,-1,-1,-1,-1,-1,-1,-1,-1
train_196,2,14,2,1,9,18,2,2,0,4,0.48,0.48,-3.0,-0.42000000000000004,10.0,0,1,1,1,1,0,1,0,0,2,0,0,0,0,1,-1,-1,-1,-1,-1,-1,-1,-1,-1,-1
train_196,3,13,2,0,13,24,6,3,1,4,-3.0,0.48,-0.42000000000000004,-3.0,10.0,0,0,0,1,0,0,1,1,1,1,0,1,0,0,2,0,0,0,0,1,-1,-1,-1,-1,-1
train_196,4,13,3,1,16,32,6,4,1,1,-3.0,10.48,0.48,-0.42000000000000004,10.0,0,0,1,0,0,1,1,1,1,0,1,0,0,2,0,0,0,0,1,1,-1,-1,-1,-1,-1
train_197,0,14,0,4,6,10,1,0,1,0,0.48,0.48,-3.0,-3.0,-0.5,-1,-1,1,1,0,-1,-1,0,1,0,-1,-1,0,0,0,-1,-1,-1,-1,-1,-1,-1,-1,-1,-1
train_197,1,14,1,1,7,12,1,1,1,1,-3.0,0.48,-3.0,-0.42000000000000004,-0.5,-1,1,1,0,0,-1,0,1,0,1,-1,0,0,0,1,-1,-1,-1,-1,-1,-1,-1,-1,-1,-1
train_197,2,14,2,1,9,14,3,2,0,0,0.48,-3.0,-3.0,-0.42000000000000004,-0.5,1,1,0,0,0,0,1,0,1,1,0,0,0,1,0,-1,-1,-1,-1,-1,-1,-1,-1,-1,-1
train_197,3,13,2,0,12,18,5,3,0,0,0.48,-3.0,-0.42000000000000004,-3.0,-0.5,0,0,1,1,0,1,1,0,0,0,0,1,0,1,1,0,0,0,1,0,-1,-1,-1,-1,-1
train_197,4,12,2,0,15,26,4,4,1,1,-3.0,0.48,-0.42000000000000004,-3.0,-0.5,0,0,1,1,0,0,0,1,1,0,1,1,0,0,0,0,1,0,1,1,0,0,0,1,0
train_197,5,12,3,1,19,36,4,5,1,1,-3.0,0.48,-3.0,-0.42000000000000004,-0.5,0,1,1,0,0,0,1,1,0,1,1,0,0,0,0,1,0,1,1,0,0,0,1,0,0
train_197,6,12,4,1,22,42,6,6,0,0,0.48,0.48,-3.0,-0.42000000000000004,-0.5,1,1,0,0,0,1,1,0,1,0,0,0,0,0,1,0,1,1,0,0,0,1,0,0,1
train_197,7,11,4,0,25,48,6,7,0,0,0.48,-3.0,-0.42000000000000004,-3.0,-0.5,0,1,1,0,0,1,1,0,0,0,1,1,0,1,0,0,0,0,0,1,0,1,1,0,0
train_197,8,10,4,0,29,58,6,8,1,1,-3.0,0.48,-0.42000000000000004,-3.0,-0.5,1,0,0,0,0,0,1,1,0,0,1,1,0,0,0,1,1,0,1,0,0,0,0,0,1
train_197,9,10,5,1,33,68,7,9,0,0,0.48,0.48,-3.0,-0.42000000000000004,-0.5,0,0,0,0,0,1,1,0,0,1,1,0,0,0,0,1,0,1,0,0,0,0,0,1,0
train_197,10,9,5,0,34,70,8,10,0,0,0.48,0.48,-0.42000000000000004,-3.0,-0.5,0,1,1,1,1,0,0,0,0,0,1,1,0,0,1,1,0,0,0,0,1,0,1,0,0
train_197,11,8,5,0,39,80,14,11,1,1,-3.0,0.48,-0.42000000000000004,0.48,-0.5,0,0,0,0,0,0,1,1,1,1,0,0,0,0,0,1,1,0,0,1,1,0,0,0,0
train_197,12,8,6,1,44,94,18,12,1,1,-3.0,0.48,0.48,-0.42000000000000004,-0.5,0,0,0,0,0,1,1,1,1,0,0,0,0,0,0,1,0,0,1,0,0,0,0,0,0
train_197,13,8,7,1,49,112,20,13,1,1,-3.0,0.48,-3.0,-0.42000000000000004,-0.5,0,0,0,0,0,1,1,1,0,0,0,0,0,0,0,0,0,1,0,0,0,0,0,0,0
train_197,14,8,8,1,54,130,22,14,0,0,0.48,0.48,0.48,-0.42000000000000004,-0.5,0,0,0,0,0,1,1,0,0,0,0,0,0,0,0,0,1,0,0,0,0,0,0,0,0
train_197,15,7,8,0,59,148,24,15,0,0,0.48,0.48,-0.42000000000000004,-3.0,-0.5,0,0,0,0,0,0,0,0,0,0,1,1,0,0,0,0,0,0,0,0,0,1,0,0,0
train_197,16,6,8,0,64,166,24,16,0,0,0.48,0.48,-0.42000000000000004,0.48,-0.5,0,0,0,0,0,0,0,0,0,0,0,0,0,0,0,1,1,0,0,0,0,0,0,0,0
train_197,17,5,8,0,68,180,25,17,0,0,0.48,0.48,-0.42000000000000004,0.48,-0.5,0,0,0,0,1,0,0,0,0,0,0,0,0,0,0,0,0,0,0,0,1,1,0,0,0
train_197,18,4,8,0,73,196,28,18,0,0,0.48,0.48,-0.42000000000000004,0.48,-0.5,0,0,0,0,0,0,0,0,0,1,0,0,0,0,0,0,0,0,0,0,0,0,0,0,0
train_197,19,3,8,0,78,214,28,19,0,0,0.48,0.48,-0.42000000000000004,0.48,-0.5,0,0,0,0,0,0,0,0,0,0,0,0,0,0,1,0,0,0,0,0,0,0,0,0,0
train_197,20,2,8,0,82,226,26,20,1,0,0.48,0.48,-0.42000000000000004,0.48,-0.5,0,0,1,0,0,0,0,0,0,0,0,0,0,0,0,0,0,0,0,1,0,0,0,0,0
train_197,21,2,9,1,86,236,28,21,1,0,0.48,0.48,0.48,-0.42000000000000004,-0.5,0,1,0,0,0,0,0,0,0,1,0,0,0,0,0,0,0,0,1,0,0,0,0,0,0
train_197,22,2,10,1,91,252,29,22,1,0,0.48,0.48,-3.0,-0.42000000000000004,-0.5,1,0,0,0,0,0,0,0,1,0,0,0,0,0,0,0,0,1,0,0,0,0,0,0,0
train_197,23,2,11,1,96,270,28,23,1,4,-3.0,0.48,0.48,-0.42000000000000004,10.0,0,0,0,0,0,0,0,1,0,0,0,0,0,0,2,0,1,0,0,0,0,0,0,0,0
train_197,24,2,12,1,99,278,26,24,1,1,0.48,10.48,0.48,-0.42000000000000004,10.0,0,0,0,0,0,0,1,0,0,0,0,0,0,2,1,1,0,0,0,1,0,0,0,0,0
train_198,0,14,0,4,8,18,5,0,0,0,0.48,0.48,-3.0,-3.0,-0.5,-1,-1,0,0,0,-1,-1,0,0,1,-1,-1,0,0,0,-1,-1,-1,-1,-1,-1,-1,-1,-1,-1
train_198,1,13,0,0,11,28,6,1,0,0,0.48,0.48,-0.42000000000000004,-3.0,-0.5,-1,-1,0,0,0,-1,-1,0,0,0,-1,-1,0,0,1,-1,-1,0,0,0,-1,-1,-1,-1,-1
train_198,2,12,0,0,14,38,6,2,0,0,0.48,0.48,-0.42000000000000004,-3.0,-0.5,-1,-1,0,0,0,-1,-1,0,0,0,-1,-1,0,0,0,-1,-1,0,0,1,-1,-1,0,0,0
train_198,3,11,0,0,17,48,5,3,1,0,0.48,0.48,-0.42000000000000004,-3.0,-0.5,-1,-1,0,0,0,-1,-1,0,0,0,-1,-1,0,0,0,-1,-1,0,0,0,-1,-1,0,0,1
train_198,4,11,1,1,21,58,7,4,1,0,0.48,0.48,0.48,-0.42000000000000004,-0.5,-1,0,0,0,0,-1,0,0,0,1,-1,0,0,0,0,-1,0,0,0,0,-1,0,0,1,0
train_198,5,11,2,1,25,70,9,5,1,0,0.48,0.48,0.48,-0.42000000000000004,-0.5,0,0,0,0,1,0,0,0,1,0,0,0,0,0,0,0,0,0,0,0,0,0,1,0,0
train_198,6,11,3,1,30,86,11,6,1,1,-3.0,0.48,0.48,-0.42000000000000004,-0.5,0,0,0,1,0,0,0,1,0,0,0,0,0,0,0,0,0,0,0,0,0,1,0,0,0
train_198,7,11,4,1,34,98,13,7,1,0,0.48,0.48,0.48,-0.42000000000000004,-0.5,0,0,1,0,0,0,1,0,0,1,0,0,0,0,0,0,0,0,0,0,1,0,0,0,0
train_198,8,11,5,1,39,114,14,8,1,0,0.48,0.48,0.48,-0.42000000000000004,-0.5,0,1,0,0,0,1,0,0,1,0,0,0,0,0,0,0,0,0,0,0,0,0,0,0,0
train_198,9,11,6,1,42,122,14,9,1,1,-3.0,0.48,0.48,-0.42000000000000004,-0.5,1,0,0,0,0,0,0,1,0,0,0,0,0,0,1,0,0,0,0,1,0,0,0,0,0
train_198,10,11,7,1,45,128,16,10,0,0,0.48,-3.0,0.48,-0.42000000000000004,-0.5,0,0,0,0,0,0,1,0,0,0,0,0,0,1,1,0,0,0,1,0,0,0,0,0,1
train_198,11,10,7,0,50,146,15,11,1,0,0.48,0.48,-0.42000000000000004,-3.0,-0.5,0,0,0,0,0,0,0,0,0,0,0,1,0,0,0,0,0,0,1,1,0,0,0,1,0
train_198,12,10,8,1,54,158,17,12,1,0,0.48,0.48,-3.0,-0.42000000000000004,-0.5,0,0,0,0,0,0,0,0,0,0,1,0,0,0,0,0,0,1,1,1,0,0,1,0,0
train_198,13,10,9,1,59,174,19,13,1,0,0.48,0.48,-3.0,-0.42000000000000004,-0.5,0,0,0,0,0,0,0,0,0,0,0,0,0,0,0,0,1,1,1,0,0,1,0,0,0
train_198,14,10,10,1,63,188,20,14,1,0,0.48,0.48,-3.0,-0.42000000000000004,-0.5,0,0,0,0,1,0,0,0,0,0,0,0,0,0,0,1,1,1,0,0,1,0,0,0,0
train_198,15,10,11,1,68,204,21,15,1,0,0.48,0.48,0.48,-0.42000000000000004,-0.5,0,0,0,1,0,0,0,0,0,0,0,0,0,0,0,1,1,0,0,0,0,0,0,0,0
train_198,16,10,12,1,71,212,19,16,2,0,0.48,0.48,0.48,-0.42000000000000004,-0.5,0,0,1,0,1,0,0,0,0,0,0,0,0,0,1,1,0,0,0,0,0,0,0,0,0
train_198,17,11,12,2,76,230,18,17,2,4,-0.42000000000000004,0.48,0.48,0.48,10.0,0,0,0,0,0,0,0,0,0,1,1,0,0,0,0,0,0,0,0,0,0,0,2,0,0
train_198,18,12,12,2,80,244,15,18,2,2,-0.42000000000000004,0.48,10.48,0.48,10.0,0,0,0,0,1,1,0,0,0,0,0,0,0,0,0,0,0,2,0,0,0,0,0,0,1
train_199,0,14,0,4,7,16,5,0,0,0,0.48,-3.0,-3.0,-3.0,-0.5,-1,-1,0,0,0,-1,-1,0,0,0,-1,-1,0,1,1,-1,-1,-1,-1,-1,-1,-1,-1,-1,-1
train_199,1,13,0,0,10,26,5,1,0,0,0.48,0.48,-0.42000000000000004,-3.0,-0.5,-1,-1,0,0,0,-1,-1,0,0,0,-1,-1,0,0,0,-1,-1,0,1,1,-1,-1,-1,-1,-1
train_199,2,12,0,0,12,32,6,2,0,0,0.48,0.48,-0.42000000000000004,-3.0,-0.5,-1,-1,1,0,0,-1,-1,0,0,0,-1,-1,0,0,0,-1,-1,0,0,0,-1,-1,0,1,1
train_199,3,11,0,0,15,40,8,3,1,1,-3.0,0.48,-0.42000000000000004,-3.0,-0.5,-1,-1,0,0,0,-1,-1,1,0,0,-1,-1,0,0,0,-1,-1,0,0,0,-1,-1,0,0,0
train_199,4,11,1,1,20,58,9,4,0,0,0.48,0.48,0.48,-0.42000000000000004,-0.5,-1,0,0,0,0,-1,1,0,0,0,-1,0,0,0,0,-1,0,0,0,0,-1,0,0,0,0
train_199,5,10,1,0,24,72,7,5,0,0,0.48,0.48,-0.42000000000000004,-3.0,-0.5,-1,0,0,0,0,-1,0,0,0,0,-1,1,0,0,0,-1,0,0,0,0,-1,0,0,0,0
train_199,6,9,1,0,25,74,7,6,0,0,0.48,0.48,-0.42000000000000004,0.48,-0.5,-1,1,1,0,1,-1,0,0,0,0,-1,0,0,0,0,-1,1,0,0,0,-1,0,0,0,0
train_199,7,8,1,0,29,82,9,7,1,1,-3.0,0.48,-0.42000000000000004,0.48,-0.5,-1,0,0,0,0,-1,1,1,0,1,-1,0,0,0,0,-1,0,0,0,0,-1,1,0,0,0
train_199,8,8,2,1,34,98,10,8,0,0,0.48,0.48,0.48,-0.42000000000000004,-0.5,0,0,0,0,0,1,1,0,1,0,0,0,0,0,0,0,0,0,0,0,1,0,0,0,0
train_199,9,7,2,0,37,106,10,9,0,0,0.48,-3.0,-0.42000000000000004,-3.0,-0.5,1,0,1,0,0,0,0,0,0,0,1,1,0,1,0,0,0,0,0,0,0,0,0,0,0
train_199,10,6,2,0,40,112,12,10,1,1,-3.0,0.48,-0.42000000000000004,0.48,-0.5,1,0,0,1,0,1,0,1,0,0,0,0,0,0,0,1,1,0,1,0,0,0,0,0,0
train_199,11,6,3,1,44,124,12,11,0,0,0.48,0.48,-3.0,-0.42000000000000004,-0.5,0,0,1,0,0,0,1,0,0,0,0,0,0,0,0,1,0,1,0,1,0,0,0,0,0
train_199,12,5,3,0,48,136,13,12,1,1,-3.0,0.48,-0.42000000000000004,-3.0,-0.5,0,0,0,0,1,0,0,1,0,0,0,1,0,0,0,0,0,0,0,0,1,0,1,0,1
train_199,13,5,4,1,51,142,15,13,0,0,0.48,0.48,0.48,-0.42000000000000004,-0.5,0,0,0,1,1,0,1,0,0,0,1,0,0,0,1,0,0,0,0,0,0,1,0,1,0
train_199,14,4,4,0,54,150,14,14,0,0,0.48,0.48,-0.42000000000000004,-3.0,-0.5,1,0,0,0,1,0,0,0,1,1,0,1,0,0,0,1,0,0,0,1,0,0,0,0,0
train_199,15,3,4,0,57,152,16,15,0,0,0.48,-3.0,-0.42000000000000004,0.48,-0.5,0,1,0,1,0,1,0,0,0,1,0,0,0,1,1,0,1,0,0,0,1,0,0,0,1
train_199,16,2,4,0,61,162,15,16,0,0,0.48,0.48,-0.42000000000000004,0.48,-0.5,1,0,0,0,0,0,1,0,1,0,1,0,0,0,1,0,0,0,1,1,0,1,0,0,0
train_199,17,1,4,0,61,162,15,17,0,0,0.48,-3.0,-0.42000000000000004,-3.0,-0.5,-1,-1,-1,-1,-1,1,0,0,0,0,0,1,0,1,0,1,0,0,0,1,0,0,0,1,1
train_199,18,0,4,0,61,162,15,18,1,1,-3.0,0.48,-0.42000000000000004,0.48,-0.5,-1,-1,-1,-1,-1,-1,-1,-1,-1,-1,1,0,0,0,0,0,1,0,1,0,1,0,0,0,1
train_199,19,0,5,1,63,164,16,19,1,1,-3.0,0.48,-3.0,-0.42000000000000004,-0.5,-1,-1,-1,-1,-1,-1,-1,-1,-1,-1,0,0,0,0,0,1,0,1,0,1,0,0,0,1,0
train_199,20,0,6,1,65,168,17,20,1,1,-3.0,0.48,0.48,-0.42000000000000004,-0.5,-1,-1,-1,-1,-1,-1,-1,-1,-1,-1,0,0,0,0,0,0,1,0,1,0,0,0,1,0,1
train_199,21,0,7,1,68,176,19,21,1,1,-3.0,0.48,-3.0,-0.42000000000000004,-0.5,-1,-1,-1,-1,-1,-1,-1,-1,-1,-1,0,0,0,0,0,1,0,1,0,0,0,1,0,1,0
train_199,22,0,8,1,71,186,20,22,1,1,-3.0,0.48,0.48,-0.42000000000000004,-0.5,-1,-1,-1,-1,-1,-1,-1,-1,-1,-1,0,0,0,0,0,0,1,0,0,0,1,0,1,0,0
train_199,23,0,9,1,74,196,20,23,1,1,-3.0,0.48,0.48,-0.42000000000000004,-0.5,-1,-1,-1,-1,-1,-1,-1,-1,-1,-1,0,0,0,0,0,1,0,0,0,0,0,1,0,0,0
train_199,24,0,10,1,77,206,20,24,1,1,-3.0,0.48,0.48,-0.42000000000000004,-0.5,-1,-1,-1,-1,-1,-1,-1,-1,-1,-1,0,0,0,0,0,0,0,0,0,0,1,0,0,0,0
train_199,25,0,11,1,80,216,21,25,1,4,-3.0,0.48,0.48,-0.42000000000000004,10.0,-1,-1,-1,-1,-1,-1,-1,-1,-1,-1,0,0,0,0,2,0,0,0,0,0,0,0,0,0,0
train_199,26,0,12,1,83,226,19,26,1,1,-3.0,10.48,0.48,-0.42000000000000004,10.0,-1,-1,-1,-1,-1,-1,-1,-1,-1,-1,0,0,0,2,0,0,0,0,0,0,0,0,0,0,0
train_200,0,14,0,4,7,12,3,0,0,0,0.48,0.48,-3.0,-3.0,-0.5,-1,-1,0,1,0,-1,-1,0,0,1,-1,-1,0,0,0,-1,-1,-1,-1,-1,-1,-1,-1,-1,-1
train_200,1,13,0,0,10,20,3,1,0,0,0.48,0.48,-0.42000000000000004,-3.0,-0.5,-1,-1,0,0,0,-1,-1,0,1,0,-1,-1,0,0,1,-1,-1,0,0,0,-1,-1,-1,-1,-1
train_200,2,12,0,0,11,22,4,2,0,0,0.48,-3.0,-0.42000000000000004,-3.0,-0.5,-1,-1,1,1,0,-1,-1,0,0,0,-1,-1,0,1,0,-1,-1,0,0,1,-1,-1,0,0,0
train_200,3,11,0,0,14,28,7,3,1,1,-3.0,0.48,-0.42000000000000004,-3.0,-0.5,-1,-1,0,0,0,-1,-1,1,1,0,-1,-1,0,0,0,-1,-1,0,1,0,-1,-1,0,0,1
train_200,4,11,1,1,18,38,9,4,1,1,-3.0,0.48,-3.0,-0.42000000000000004,-0.5,-1,0,0,0,0,-1,1,1,0,0,-1,0,0,0,0,-1,0,1,0,1,-1,0,0,1,0
train_200,5,11,2,1,22,50,10,5,0,0,0.48,0.48,0.48,-0.42000000000000004,-0.5,0,0,0,0,1,1,1,0,0,0,0,0,0,0,0,0,1,0,1,0,0,0,1,0,0
train_200,6,10,2,0,27,66,11,6,0,0,0.48,0.48,-0.42000000000000004,-3.0,-0.5,0,0,0,0,0,0,0,0,0,1,1,1,0,0,0,0,0,0,0,0,0,1,0,1,0
train_200,7,9,2,0,31,80,9,7,0,0,0.48,0.48,-0.42000000000000004,0.48,-0.5,0,0,0,0,1,0,0,0,0,0,0,0,0,0,1,1,1,0,0,0,0,0,0,0,0
train_200,8,8,2,0,34,88,10,8,1,0,0.48,0.48,-0.42000000000000004,0.48,-0.5,1,1,0,0,0,0,0,0,0,1,0,0,0,0,0,0,0,0,0,1,1,1,0,0,0
train_200,9,8,3,1,39,102,11,9,1,0,0.48,0.48,0.48,-0.42000000000000004,-0.5,1,0,0,0,0,0,0,0,1,0,0,0,0,0,0,0,0,0,1,0,1,0,0,0,0
train_200,10,8,4,1,43,116,9,10,1,1,-3.0,0.48,-3.0,-0.42000000000000004,-0.5,0,0,0,0,0,0,0,1,0,0,0,0,0,0,0,0,0,1,0,0,0,0,0,0,1
train_200,11,8,5,1,45,118,11,11,1,0,0.48,0.48,0.48,-0.42000000000000004,-0.5,0,0,0,0,1,0,1,0,0,1,0,0,0,0,0,0,1,0,0,1,0,0,0,1,0
train_200,12,8,6,1,49,128,14,12,1,0,0.48,0.48,0.48,-0.42000000000000004,-0.5,0,0,0,1,1,1,0,0,1,0,0,0,0,0,0,1,0,0,1,0,0,0,1,0,0
train_200,13,8,7,1,53,142,14,13,1,1,-3.0,0.48,-3.0,-0.42000000000000004,-0.5,0,0,1,1,1,0,0,1,0,0,0,0,0,0,0,0,0,1,0,0,0,1,0,0,0
train_200,14,8,8,1,57,152,17,14,0,4,0.48,0.48,0.48,-0.42000000000000004,10.0,0,1,1,1,2,0,1,0,0,0,0,0,0,0,0,0,1,0,0,1,1,0,0,0,0
train_200,15,7,8,0,60,156,19,15,1,4,-3.0,0.48,-0.42000000000000004,-3.0,10.0,0,1,0,1,0,0,1,1,1,2,0,1,0,0,0,0,0,0,0,0,0,1,0,0,1
train_200,16,7,9,1,65,172,20,16,1,4,-3.0,0.48,0.48,-0.42000000000000004,10.0,1,0,1,0,0,1,1,1,2,0,1,0,0,0,0,0,0,0,0,0,1,0,0,1,0
train_200,17,7,10,1,68,182,18,17,0,0,10.48,0.48,0.48,-0.42000000000000004,10.0,0,1,0,0,0,1,1,2,0,0,0,0,0,0,0,0,0,0,0,1,0,0,1,0,1
