timestamp,map_path,start_id,target_id,path_length,vision_mean,vision_dark,vision_edge,teacher_next_node
0.0,synthetic_map_00000,83,87,12,0.4581056562241639,0.5534177499065547,0.6470579674784159,95
0.0,synthetic_map_00000,95,87,11,0.5010442006003293,0.5260770562257097,0.6223248378858862,94
0.0,synthetic_map_00000,94,87,10,0.6725086550462145,0.3523400919212692,0.5079695401924167,93
0.0,synthetic_map_00000,92,87,8,0.8065438335848719,0.2020311912568502,0.31233946631561,91
0.0,synthetic_map_00000,91,87,7,0.6332257186563596,0.36787809277160605,0.531988033652753,90
0.0,synthetic_map_00000,89,87,5,0.44224239282546424,0.5411251725378501,0.6510951840892758,77
0.0,synthetic_map_00000,76,87,3,0.89680570208674,0.11138081343364259,0.30700540453905545,75
0.0,synthetic_map_00000,75,87,2,0.8755483079237955,0.13995103752152244,0.24011225372615225,87
0.0,synthetic_map_00001,14,129,21,0.9131747244082017,0.09426090002531017,0.2908508544030418,26
0.0,synthetic_map_00001,73,129,15,0.6282314709445264,0.4008735237035196,0.6016936445311685,74
0.0,synthetic_map_00001,64,129,11,0.4846727353472181,0.49161404030915185,0.5180458391305187,65
0.0,synthetic_map_00001,65,129,10,0.7294476934793335,0.2872921523247401,0.42993804227007615,66
0.0,synthetic_map_00001,79,129,7,0.9212685838349808,0.07406666704167883,0.35471509947826635,91
0.0,synthetic_map_00001,103,129,5,0.8425075317983912,0.14300900908923928,0.23278776047354144,115
0.0,synthetic_map_00001,127,129,3,0.7400963224501959,0.26413937307339935,0.4098445692252366,128
0.0,synthetic_map_00001,128,129,2,0.9033942588506649,0.07005733189579187,0.31900178030465665,129
0.0,synthetic_map_00002,69,12,14,0.6925814343432511,0.316510627359604,0.4975285585376626,68
0.0,synthetic_map_00002,68,12,13,0.5214469409616025,0.4565595195616165,0.5527428672771917,67
0.0,synthetic_map_00002,66,12,11,0.6964374024180782,0.33191313813286977,0.40258971813382927,54
0.0,synthetic_map_00002,54,12,10,0.8053852903254543,0.19399156827739283,0.4111971252029235,42
0.0,synthetic_map_00002,40,12,7,0.5749550578442105,0.4229987986536461,0.5983027170852192,39
0.0,synthetic_map_00002,37,12,4,0.731392327433906,0.2715522629554873,0.3476457236612017,25
0.0,synthetic_map_00002,25,12,3,0.7064579506274922,0.2919187594971962,0.43300088738477727,24
0.0,synthetic_map_00002,24,12,2,0.5983062422315863,0.4020908686335781,0.6346930208530769,12
0.0,synthetic_map_00003,116,49,13,0.9333198989755557,0.06814630194696647,0.30215144471662786,115
0.0,synthetic_map_00003,114,49,11,0.9834149820166024,0.0,0.21616974353927615,113
0.0,synthetic_map_00003,112,49,9,0.8148228918631154,0.17326838621143556,0.3714882781118065,111
0.0,synthetic_map_00003,111,49,8,0.7405583189498722,0.2681162194118908,0.4391816224232274,110
0.0,synthetic_map_00003,110,49,7,0.653222330462379,0.33086375534008766,0.42619600816084646,98
0.0,synthetic_map_00003,98,49,6,0.7439955745638922,0.2682836452048927,0.34696143024468135,97
0.0,synthetic_map_00003,97,49,5,0.9366087651609667,0.06328984952196784,0.31680301081134415,85
0.0,synthetic_map_00003,73,49,3,0.7712115578933316,0.2142238094351216,0.4045545855918065,61
0.0,synthetic_map_00004,102,37,11,0.40551292563908437,0.5705196211136039,0.6386709561505054,101
0.0,synthetic_map_00004,88,37,8,0.9054561006230387,0.06481342538537181,0.3501408925813999,87
0.0,synthetic_map_00004,87,37,7,0.9126753623926491,0.08422246704209241,0.2687090951023177,86
0.0,synthetic_map_00004,86,37,6,0.8351742312974957,0.14879932938707346,0.21695147470714765,74
0.0,synthetic_map_00004,74,37,5,0.7874039489024679,0.2322715533902816,0.3288436351049693,73
0.0,synthetic_map_00004,73,37,4,0.8210262594891055,0.17973388072104357,0.32621921818018285,61
0.0,synthetic_map_00004,61,37,3,0.783973451576337,0.23252644094655361,0.40413867334674713,49
0.0,synthetic_map_00004,49,37,2,0.9465023743830765,0.0617450632115222,0.32244186528252655,37
0.0,synthetic_map_00005,106,128,5,0.8457668395203559,0.15161733083763385,0.249554712708786,118
0.0,synthetic_map_00005,118,128,4,0.6190403416294005,0.3797661130030263,0.48136870932126163,117
0.0,synthetic_map_00005,117,128,3,0.6393239933392203,0.3449199573492062,0.4462293784262733,116
0.0,synthetic_map_00005,116,128,2,0.8020914899832483,0.1921164370774285,0.39962926247750835,128
0.0,synthetic_map_00006,133,31,20,0.4119562031578458,0.5677524718443999,0.7208297364283369,134
0.0,synthetic_map_00006,134,31,19,0.5073337658052903,0.4645184260489703,0.49769990619469046,135
0.0,synthetic_map_00006,135,31,18,0.5137598619079373,0.45879891752409463,0.48640798630066284,123
0.0,synthetic_map_00006,124,31,16,0.84449874930884,0.17689112934734152,0.41966076046501993,112
0.0,synthetic_map_00006,112,31,15,0.7240096330698652,0.3032645527155908,0.4720897307689351,113
0.0,synthetic_map_00006,93,31,8,0.7841443086243787,0.23863856780806644,0.41870138860141953,81
0.0,synthetic_map_00006,69,31,6,0.8607948030762783,0.13223575713724992,0.24834127265234932,57
0.0,synthetic_map_00006,32,31,2,0.6683822597876339,0.3036493776579472,0.5385469009650357,31
0.0,synthetic_map_00007,40,97,9,0.6784413458621491,0.3288527806746393,0.45216181379745674,52
0.0,synthetic_map_00007,52,97,8,0.7860651198662182,0.2397467229059942,0.32706770990298184,64
0.0,synthetic_map_00007,64,97,7,0.7790195732567816,0.237671192069226,0.35997112598509823,63
0.0,synthetic_map_00007,63,97,6,0.8072709350122945,0.22120623863188155,0.3038810624362373,62
0.0,synthetic_map_00007,62,97,5,0.6419812318274241,0.3376693247888596,0.5117533389147039,74
0.0,synthetic_map_00007,74,97,4,0.7348722046847159,0.26628099380253945,0.31395169703489345,86
0.0,synthetic_map_00007,86,97,3,0.7727838472190698,0.22967827188563528,0.4125451533372693,85
0.0,synthetic_map_00007,85,97,2,0.8960254500586873,0.1123302272744442,0.3415265402965049,97
0.0,synthetic_map_00008,47,58,3,0.7123516878430567,0.3167055175978063,0.5263410113331762,46
0.0,synthetic_map_00008,46,58,2,0.8866197587019585,0.09559213136425945,0.28763976482915354,58
0.0,synthetic_map_00009,52,137,9,0.9336029945775772,0.06961746694808457,0.3364710614993361,64
0.0,synthetic_map_00009,64,137,8,1.0,0.0,0.26907563684258046,76
0.0,synthetic_map_00009,76,137,7,1.0,0.0,0.22842591690480224,88
0.0,synthetic_map_00009,88,137,6,0.9823951664236183,0.0,0.16075753877924484,100
0.0,synthetic_map_00009,100,137,5,0.9923865409356466,0.025113357610530865,0.1935547930485748,112
0.0,synthetic_map_00009,112,137,4,0.9485132877439426,0.06988120930272401,0.3324354928816267,124
0.0,synthetic_map_00009,124,137,3,0.9203776714396091,0.08439775428703086,0.35239754522321937,136
0.0,synthetic_map_00009,136,137,2,0.5183576676277162,0.4829538437641289,0.5518093517827349,137
0.0,synthetic_map_00010,53,27,5,0.9119619618419817,0.10541193477124863,0.3598722862851991,52
0.0,synthetic_map_00010,52,27,4,0.9916059524276477,0.0,0.12648766507146525,51
0.0,synthetic_map_00010,51,27,3,0.8846056689587609,0.10200516589518918,0.2377987236768233,39
0.0,synthetic_map_00010,39,27,2,0.8558509084532029,0.1454482555903634,0.24575613278873296,27
0.0,synthetic_map_00011,79,140,7,0.8712731225093903,0.10233707209773271,0.29928114300676834,91
0.0,synthetic_map_00011,91,140,6,0.9324188835577489,0.07177313509737931,0.30989982733840565,92
0.0,synthetic_map_00011,92,140,5,0.7669956499537521,0.24450869919366497,0.29949517449918334,104
0.0,synthetic_map_00011,104,140,4,0.7290270334787753,0.2836112357477897,0.47513584415584376,116
0.0,synthetic_map_00011,116,140,3,0.7299285336010608,0.2639254324750858,0.3135373288096062,128
0.0,synthetic_map_00011,128,140,2,0.7980055967510538,0.17376632872662257,0.32580884979575897,140
0.0,synthetic_map_00012,127,68,7,0.6019239808719606,0.37393789313397846,0.43330290371008523,115
0.0,synthetic_map_00012,115,68,6,0.6961128513970072,0.3104221549476331,0.4217373657773976,103
0.0,synthetic_map_00012,103,68,5,0.6432045554495459,0.35107518859737996,0.484031411999877,91
0.0,synthetic_map_00012,91,68,4,0.6890139470376755,0.32640363414939816,0.41165693248996177,79
0.0,synthetic_map_00012,79,68,3,0.6459749766295028,0.3571656828417633,0.4873795604367831,67
0.0,synthetic_map_00012,67,68,2,0.6263839327226141,0.37748905855889486,0.42309146035134626,68
0.0,synthetic_map_00013,96,22,18,0.48395394893771543,0.4914257205701926,0.48194645002895264,84
0.0,synthetic_map_00013,72,22,16,0.43194303557807157,0.549505818578486,0.6801164920267005,73
0.0,synthetic_map_00013,49,22,13,0.6257247097632791,0.3947246764507717,0.6124080045358131,37
0.0,synthetic_map_00013,25,22,11,0.7446125112450341,0.2509141484566539,0.3430988573561705,26
0.0,synthetic_map_00013,26,22,10,0.8736036977784927,0.12727361913337346,0.27628218094714685,27
0.0,synthetic_map_00013,17,22,6,0.9013436350626292,0.09497796964020028,0.3154655556684166,18
0.0,synthetic_map_00013,18,22,5,0.8805216565502287,0.14371830527869672,0.23520325043590926,19
0.0,synthetic_map_00013,20,22,3,0.9965893364567295,0.0,0.2101397450867432,21
0.0,synthetic_map_00014,56,90,6,0.9916591072353329,0.0,0.1948415724413028,55
0.0,synthetic_map_00014,55,90,5,0.6522352998162624,0.3410375782363653,0.443255836543671,67
0.0,synthetic_map_00014,67,90,4,0.8319286683028785,0.17282103010511615,0.35118248834074245,79
0.0,synthetic_map_00014,79,90,3,0.9344021311313946,0.06316233138563396,0.3667125225700249,78
0.0,synthetic_map_00014,78,90,2,0.8019893488493008,0.17676037133384664,0.4051336276919125,90
0.0,synthetic_map_00015,105,131,5,0.505291464349277,0.47010327021378334,0.48002775478650056,106
0.0,synthetic_map_00015,106,131,4,0.7879734465673289,0.18563653074204933,0.3780739284680218,107
0.0,synthetic_map_00015,107,131,3,0.5309399381447891,0.44996922562489405,0.6259151391790534,119
0.0,synthetic_map_00015,119,131,2,0.5479535405699629,0.431005381266141,0.5039442308528579,131
0.0,synthetic_map_00016,34,121,18,0.97004343558281,0.019418936638920997,0.2233957641630488,33
0.0,synthetic_map_00016,45,121,16,0.984042146805885,0.004894824823746792,0.27545809099400853,57
0.0,synthetic_map_00016,57,121,15,0.8424569366404034,0.1723154509449362,0.43433341784417223,69
0.0,synthetic_map_00016,93,121,12,0.5600802645309227,0.44545736901306626,0.6347153498621828,105
0.0,synthetic_map_00016,103,121,9,0.8121051353753012,0.19566567734090132,0.41670670122900455,115
0.0,synthetic_map_00016,127,121,7,0.9137356984573445,0.09899467844075856,0.2718527071718884,126
0.0,synthetic_map_00016,126,121,6,0.6708095890750619,0.3359592370190294,0.4950191130155704,125
0.0,synthetic_map_00016,125,121,5,0.6921870333997372,0.3155470026572509,0.47355748772332174,124
0.0,synthetic_map_00017,86,73,3,0.9304464311083589,0.09156008149490605,0.3372044180399757,85
0.0,synthetic_map_00017,85,73,2,0.9497609612668921,0.03566412295371123,0.15232117072552465,73
0.0,synthetic_map_00018,82,50,11,0.9143046817523793,0.08815802292889016,0.2607723187354305,81
0.0,synthetic_map_00018,81,50,10,0.9183943231913186,0.08570812199481996,0.2156190084829659,80
0.0,synthetic_map_00018,80,50,9,0.9402298845818935,0.08673381824477619,0.2542462943174397,68
0.0,synthetic_map_00018,68,50,8,0.6904197847888941,0.33886252632001407,0.5320110065617772,67
0.0,synthetic_map_00018,67,50,7,0.6460962556026011,0.35599141831561465,0.42501009371750637,55
0.0,synthetic_map_00018,55,50,6,0.5724013936484759,0.40394388852318147,0.4841418436362491,54
0.0,synthetic_map_00018,54,50,5,0.7606941696803424,0.25139035028876844,0.33152759740096077,53
0.0,synthetic_map_00018,53,50,4,0.7286296849273037,0.24659273997473696,0.32518217449491726,52
0.0,synthetic_map_00019,22,51,11,0.6474335337668733,0.3761945153921802,0.4932759854189884,34
0.0,synthetic_map_00019,58,51,8,0.8276285594006075,0.1798125023335615,0.36883331078914783,57
0.0,synthetic_map_00019,57,51,7,0.8348137204337694,0.1568955676143789,0.3146751548692334,56
0.0,synthetic_map_00019,56,51,6,0.8682482708897343,0.12430351940930102,0.2924378982223517,55
0.0,synthetic_map_00019,55,51,5,0.7845538521970034,0.23987731846978083,0.3774764339712018,54
0.0,synthetic_map_00019,54,51,4,0.8199774325947731,0.2085944775263668,0.30689450355065595,53
0.0,synthetic_map_00019,53,51,3,0.6441972879444796,0.366814723279129,0.47585275853932735,52
0.0,synthetic_map_00019,52,51,2,0.7980688469250246,0.21699558577606468,0.4403552663817169,51
0.0,synthetic_map_00020,32,138,12,0.8264823320255387,0.17455384245307282,0.3172719165414384,44
0.0,synthetic_map_00020,44,138,11,0.6043791490869589,0.37872439100728084,0.45990461702653723,56
0.0,synthetic_map_00020,56,138,10,0.7481915398303397,0.24862080061177866,0.37831706517695085,68
0.0,synthetic_map_00020,68,138,9,0.8465764370548403,0.1588382932056414,0.30419609338262055,80
0.0,synthetic_map_00020,80,138,8,0.937934139049009,0.06433763424194919,0.28370224065183425,92
0.0,synthetic_map_00020,92,138,7,0.7670541611130691,0.22059481069613152,0.44758129266380076,104
0.0,synthetic_map_00020,103,138,5,0.844258596987386,0.15758296416694312,0.24573532898700817,102
0.0,synthetic_map_00020,114,138,3,0.7913461285487889,0.22788236779812424,0.34285115209614514,126
0.0,synthetic_map_00021,38,104,12,0.9844270483886456,0.0,0.2689095103257466,50
0.0,synthetic_map_00021,50,104,11,1.0,0.0,0.2688567478134464,62
0.0,synthetic_map_00021,74,104,9,1.0,0.013863940967664079,0.1620728052155057,75
0.0,synthetic_map_00021,76,104,7,0.8946409794170439,0.07645234864712067,0.3300281672488685,77
0.0,synthetic_map_00021,78,104,5,0.9568964675672335,0.07149270448714579,0.32248581712367497,79
0.0,synthetic_map_00021,79,104,4,0.9386189909915019,0.07980486156951037,0.23493966467421698,91
0.0,synthetic_map_00021,91,104,3,0.7529128688609861,0.22343487002033796,0.42369021754942915,103
0.0,synthetic_map_00021,103,104,2,0.6526810950629875,0.37229992229363856,0.38702866244968337,104
0.0,synthetic_map_00022,16,45,8,1.0,0.0,0.12491156147477965,28
0.0,synthetic_map_00022,28,45,7,0.7284769123060026,0.25509843868186777,0.43457979929180196,29
0.0,synthetic_map_00022,29,45,6,0.6466227099179529,0.3636204913388339,0.43109051937844917,41
0.0,synthetic_map_00022,41,45,5,0.6970830212021393,0.28431386911296797,0.5314486317906606,42
0.0,synthetic_map_00022,42,45,4,0.8215290709113884,0.1880257826747133,0.3916948940764192,43
0.0,synthetic_map_00022,43,45,3,0.742492209066874,0.23834425064982884,0.3207632808331016,44
0.0,synthetic_map_00022,44,45,2,1.0,0.0,0.18128188521139615,45
0.0,synthetic_map_00023,25,58,20,0.9174847554991409,0.07788589084386757,0.2217249179244437,26
0.0,synthetic_map_00023,40,58,16,0.541016017524439,0.47638494819996813,0.5160639592005639,52
0.0,synthetic_map_00023,52,58,15,0.42080521688609057,0.5625725285009662,0.5885665502299722,53
0.0,synthetic_map_00023,56,58,11,0.5591733946954606,0.468891992289193,0.589485646707449,68
0.0,synthetic_map_00023,81,58,8,0.8144282361265252,0.1817065245131913,0.42891378282665327,93
0.0,synthetic_map_00023,93,58,7,0.6441575815451214,0.3800803018243419,0.3979522128371036,94
0.0,synthetic_map_00023,83,58,4,0.5107194247840507,0.46979105660501796,0.4976950540517146,71
0.0,synthetic_map_00023,71,58,3,0.5908321653487911,0.4017786719537812,0.5235996992407144,70
0.0,synthetic_map_00024,137,102,5,0.6543928589186359,0.33551795274005736,0.3957997242978073,125
0.0,synthetic_map_00024,125,102,4,0.7763092795241248,0.1951011288927033,0.3798246576543983,126
0.0,synthetic_map_00024,126,102,3,0.7085927913399525,0.3044797489840239,0.45934514635569235,114
0.0,synthetic_map_00024,114,102,2,0.4562474770668999,0.5247891980009292,0.7222441476981156,102
0.0,synthetic_map_00025,70,135,14,0.876831756871964,0.14589874759957075,0.23114297425940053,69
0.0,synthetic_map_00025,69,135,13,0.8597188918891041,0.15493618312742763,0.31719821689968314,68
0.0,synthetic_map_00025,68,135,12,0.8465231332750526,0.12635692119595981,0.34811369095693134,67
0.0,synthetic_map_00025,67,135,11,0.8814537946132038,0.11588804413979568,0.26317894448597784,66
0.0,synthetic_map_00025,66,135,10,0.6553099953538803,0.3616241932872372,0.5258422960885696,78
0.0,synthetic_map_00025,78,135,9,0.9079025925682566,0.08252375022942601,0.24878405512388022,90
0.0,synthetic_map_00025,114,135,6,0.9184772946869827,0.07115086094084137,0.21304711740909243,126
0.0,synthetic_map_00025,124,135,3,0.509526439041561,0.47409926025653554,0.48686014579872705,123
0.0,synthetic_map_00026,21,79,8,0.9912455110553136,0.0,0.18802665631243254,33
0.0,synthetic_map_00026,33,79,7,0.9151319383906676,0.09631014436025215,0.2715954221367141,45
0.0,synthetic_map_00026,45,79,6,0.9455167015989014,0.07634375196261704,0.30050040959400687,57
0.0,synthetic_map_00026,57,79,5,0.9592176231295849,0.06175231108854032,0.3254425703540397,56
0.0,synthetic_map_00026,56,79,4,0.8001277420972818,0.20766945279142468,0.44501437374028546,68
0.0,synthetic_map_00026,68,79,3,0.7835670520678195,0.21238686049718233,0.3454934025351503,67
0.0,synthetic_map_00026,67,79,2,0.7821199898554302,0.22764423968655892,0.41538588987923875,79
0.0,synthetic_map_00027,40,140,13,0.7739893633625827,0.21365595659985426,0.3789938751651887,52
0.0,synthetic_map_00027,52,140,12,0.727538444505053,0.24272372626597935,0.39201251109358054,64
0.0,synthetic_map_00027,64,140,11,0.9181155659066075,0.07447129263862248,0.34913089580313317,76
0.0,synthetic_map_00027,77,140,9,0.652173971628506,0.34394804875398677,0.5278814507242555,78
0.0,synthetic_map_00027,79,140,7,0.6105961208901737,0.36428534606342805,0.4584916603351545,91
0.0,synthetic_map_00027,91,140,6,0.8741947459502875,0.09794640540068292,0.34238094349652365,103
0.0,synthetic_map_00027,115,140,4,0.9739023247305975,0.0,0.16130286130654822,127
0.0,synthetic_map_00027,127,140,3,0.954135061935673,0.028206499196971144,0.20126592867741677,139
0.0,synthetic_map_00028,51,109,8,0.990583694589133,0.0329595735268661,0.20230448740472995,50
0.0,synthetic_map_00028,50,109,7,0.8072453204207787,0.21500368054360514,0.3013098214178576,62
0.0,synthetic_map_00028,62,109,6,0.7983196380916474,0.17494728175678637,0.36618493498823435,74
0.0,synthetic_map_00028,74,109,5,0.8788664020257809,0.11424572955245219,0.2683764924651521,73
0.0,synthetic_map_00028,73,109,4,0.7692342249202412,0.20876962418037812,0.44483584021207395,85
0.0,synthetic_map_00028,85,109,3,0.9044936422564387,0.09811776365634661,0.23490043235136257,97
0.0,synthetic_map_00028,97,109,2,0.9003458980581649,0.07627793627847343,0.33638521938957017,109
0.0,synthetic_map_00029,23,68,8,0.3280711979434842,0.6670556540457266,0.7595984974675901,35
0.0,synthetic_map_00029,35,68,7,0.4778104313372382,0.5240992430508529,0.6085708109630631,47
0.0,synthetic_map_00029,47,68,6,0.31854918264285437,0.693671622098769,0.7782979059716044,46
0.0,synthetic_map_00029,46,68,5,0.6498650786873736,0.3350726747088265,0.5347636201441343,45
0.0,synthetic_map_00029,45,68,4,0.5469831305953372,0.44552737854278873,0.5220190466294895,57
0.0,synthetic_map_00029,57,68,3,0.8000956313396305,0.2124249753414072,0.42874739306650955,69
0.0,synthetic_map_00029,69,68,2,0.6822758773130517,0.33159090354095766,0.42073348052812926,68
0.0,synthetic_map_00030,58,140,10,0.7889602822619857,0.20608433480499305,0.4508810100401956,70
0.0,synthetic_map_00030,70,140,9,0.674702819968224,0.3194187372095278,0.41258391777490444,69
0.0,synthetic_map_00030,69,140,8,0.8825282496454747,0.12735915712013382,0.2803020713390761,68
0.0,synthetic_map_00030,68,140,7,0.771151383420258,0.2128118463129894,0.4241718990723904,80
0.0,synthetic_map_00030,80,140,6,0.6908558505168907,0.32905883254949986,0.4466576148848573,92
0.0,synthetic_map_00030,92,140,5,0.5039304728896791,0.4677950736983149,0.5107092912974402,104
0.0,synthetic_map_00030,116,140,3,0.631546051244055,0.37939301206723336,0.49477840706766885,128
0.0,synthetic_map_00030,128,140,2,0.8875274721129598,0.11081310319503046,0.24049291132213996,140
0.0,synthetic_map_00031,85,25,8,0.8141306299006766,0.1905181903389793,0.3281704939009435,73
0.0,synthetic_map_00031,73,25,7,0.8936474746768175,0.10861557981019862,0.27923627029685416,61
0.0,synthetic_map_00031,61,25,6,0.7976162797179484,0.22259275485867278,0.30045328839921737,60
0.0,synthetic_map_00031,60,25,5,0.3834036424389373,0.5985506879656005,0.570573840274521,48
0.0,synthetic_map_00031,48,25,4,0.5329979265179919,0.4711989724647928,0.5616203143753071,36
0.0,synthetic_map_00031,36,25,3,0.6006579562917164,0.4162065665465349,0.5245798723795388,24
0.0,synthetic_map_00031,24,25,2,0.6276695626247991,0.35602613185432397,0.4783204490009404,25
0.0,synthetic_map_00032,30,86,12,1.0,0.0,0.19057576447949104,29
0.0,synthetic_map_00032,29,86,11,0.7579458100236897,0.23081962020602753,0.4520701836774325,41
0.0,synthetic_map_00032,40,86,9,0.8000363643009812,0.22855070793626572,0.3846792123716383,52
0.0,synthetic_map_00032,52,86,8,0.8615741281669371,0.12674464531027813,0.2182330862375702,51
0.0,synthetic_map_00032,50,86,6,0.8122641108633513,0.18340900680289787,0.38932066033178525,49
0.0,synthetic_map_00032,61,86,4,0.9377030944497242,0.08259616008139885,0.34689762201578656,73
0.0,synthetic_map_00032,73,86,3,0.8584902281509419,0.12887389912141678,0.30079774604027093,85
0.0,synthetic_map_00032,85,86,2,0.9341325455761554,0.06324997407982244,0.2609434720796553,86
0.0,synthetic_map_00033,76,127,8,0.5671498426828571,0.4153955375338325,0.5823482526685192,77
0.0,synthetic_map_00033,77,127,7,0.9100800668893154,0.07991844552629138,0.3253124557615148,89
0.0,synthetic_map_00033,89,127,6,0.8634761113651304,0.10931563353687712,0.3428890390609302,101
0.0,synthetic_map_00033,101,127,5,0.8310025748938348,0.14246920634857485,0.2802524918561612,113
0.0,synthetic_map_00033,113,127,4,0.971852920063361,0.0,0.26139427242368535,125
0.0,synthetic_map_00033,125,127,3,0.9759251090590206,0.024326023021384507,0.13378781725602154,126
0.0,synthetic_map_00033,126,127,2,0.9782959534733461,0.0,0.12801186512266033,127
0.0,synthetic_map_00034,31,23,6,0.7377696782873103,0.23954174418067858,0.42232260012049094,32
0.0,synthetic_map_00034,32,23,5,0.7395252305341766,0.24885492383248245,0.3134844560976424,20
0.0,synthetic_map_00034,20,23,4,0.815891798816024,0.20040507592097628,0.3724501188937068,21
0.0,synthetic_map_00034,21,23,3,0.7258207849766889,0.25375548326832187,0.31481996891708197,22
0.0,synthetic_map_00034,22,23,2,0.8156691382290201,0.20712258605640074,0.3236761773780107,23
0.0,synthetic_map_00035,118,121,15,0.8094837020455591,0.17873667699725873,0.35579400725491866,106
0.0,synthetic_map_00035,104,121,12,0.6734898464263228,0.3106803821020866,0.5161178009909317,103
0.0,synthetic_map_00035,103,121,11,0.7653181959883678,0.2277136714102477,0.39689020363330496,102
0.0,synthetic_map_00035,101,121,9,0.6553443998003193,0.3152259868976161,0.4971644821189813,89
0.0,synthetic_map_00035,89,121,8,0.7926262337497828,0.2153205667140807,0.3572635283355775,88
0.0,synthetic_map_00035,87,121,6,0.7822257612738839,0.22213685513293738,0.3330459179729752,86
0.0,synthetic_map_00035,86,121,5,0.92606078594775,0.08195508168040237,0.2986569812358132,85
0.0,synthetic_map_00035,97,121,3,0.9913660428593004,0.0,0.2314751303024854,109
0.0,synthetic_map_00036,45,100,11,0.6424917179929335,0.3322593598397578,0.5241417880983377,44
0.0,synthetic_map_00036,43,100,9,0.8666628696340557,0.1288415979374178,0.364776073898786,42
0.0,synthetic_map_00036,42,100,8,0.8716172221669318,0.15578634884387643,0.22208080407734931,41
0.0,synthetic_map_00036,40,100,6,0.8821307638969383,0.13152172471194562,0.30583731123311275,52
0.0,synthetic_map_00036,52,100,5,1.0,0.0,0.19016608588833805,64
0.0,synthetic_map_00036,64,100,4,1.0,0.009501385435953247,0.16403348435886425,76
0.0,synthetic_map_00036,76,100,3,0.9613695247769177,0.06403317995323381,0.25217329498844965,88
0.0,synthetic_map_00036,88,100,2,0.6907548890555346,0.28744607339614997,0.5458376843220635,100
0.0,synthetic_map_00037,30,76,7,0.7757628459052975,0.22736382044989045,0.36237762005175844,29
0.0,synthetic_map_00037,29,76,6,0.9452540848619708,0.03001635729420446,0.17276740980872307,28
0.0,synthetic_map_00037,28,76,5,0.9785235309535236,0.043334544790458854,0.26732798706850075,40
0.0,synthetic_map_00037,40,76,4,0.9756175552168198,0.02652729135101753,0.24600959256613486,52
0.0,synthetic_map_00037,52,76,3,0.8586901280163306,0.11836348604905249,0.24974987394086928,64
0.0,synthetic_map_00037,64,76,2,0.9516532194287699,0.07085434275928142,0.2604137507778304,76
0.0,synthetic_map_00038,131,76,12,0.6887108280800666,0.3162081641502102,0.5330670281441046,130
0.0,synthetic_map_00038,129,76,10,0.9152460785067333,0.0998473111439942,0.3602240673164052,128
0.0,synthetic_map_00038,128,76,9,0.7291953356782448,0.2606204078464426,0.4125902393080517,127
0.0,synthetic_map_00038,127,76,8,0.7247130601274847,0.25381771108740525,0.424294140165545,126
0.0,synthetic_map_00038,126,76,7,0.7352134922439142,0.2856467204214097,0.5242221324400661,114
0.0,synthetic_map_00038,114,76,6,0.8105866304927559,0.2183945300584237,0.3479840348633948,102
0.0,synthetic_map_00038,102,76,5,0.8059175100534739,0.19419495814620505,0.29812331826940713,101
0.0,synthetic_map_00038,101,76,4,0.6896453845914511,0.30490147595511063,0.4279423287991057,89
0.0,synthetic_map_00039,52,35,12,0.9963027666644837,0.024423860670733585,0.12926722173276514,40
0.0,synthetic_map_00039,40,35,11,0.9542217825850033,0.016602679564836437,0.23316326714612146,28
0.0,synthetic_map_00039,28,35,10,0.7041494567548716,0.2673228344968266,0.45161667857103927,29
0.0,synthetic_map_00039,29,35,9,0.6394057339890876,0.38073253422290465,0.5060435375830334,30
0.0,synthetic_map_00039,30,35,8,0.8124627247327025,0.20784669501207312,0.30042450285771005,31
0.0,synthetic_map_00039,31,35,7,0.7716485656101892,0.23570532315486314,0.3700136518841166,19
0.0,synthetic_map_00039,19,35,6,0.6373409774874181,0.3421205831333438,0.5200611698703426,20
0.0,synthetic_map_00039,22,35,3,0.8653306519002407,0.13253382036055894,0.3002703651327419,34
0.0,synthetic_map_00040,78,60,14,0.8918733394481118,0.11852804869775864,0.24627538764182433,77
0.0,synthetic_map_00040,89,60,12,0.8767295705936972,0.09928343839929832,0.33635102269016853,88
0.0,synthetic_map_00040,88,60,11,0.7875070133639697,0.1906532235000704,0.34224889998310937,100
0.0,synthetic_map_00040,99,60,9,0.5497602899877491,0.45846890525332,0.5595044810268356,111
0.0,synthetic_map_00040,110,60,7,0.7575700799538079,0.257575993592646,0.3313392262250174,109
0.0,synthetic_map_00040,109,60,6,0.754472512896029,0.22569122517893647,0.3364638591691892,108
0.0,synthetic_map_00040,96,60,4,0.6765908502221106,0.2980289943943809,0.442707369360526,84
0.0,synthetic_map_00040,84,60,3,0.6373888106725686,0.37197944744376055,0.4007014159092835,72
0.0,synthetic_map_00041,23,34,3,0.7139734143489137,0.31186472438295754,0.3949163046547558,22
0.0,synthetic_map_00041,22,34,2,0.9049799231943203,0.09285019030704841,0.24574640492563166,34
0.0,synthetic_map_00042,15,65,9,0.5622830048353766,0.4154318231482337,0.5854796882409999,27
0.0,synthetic_map_00042,27,65,8,0.6931041316094636,0.3342687762561816,0.5406614509835,26
0.0,synthetic_map_00042,26,65,7,0.7670307484762233,0.2596418322873167,0.43188601651418396,38
0.0,synthetic_map_00042,38,65,6,0.8031006523081188,0.17467626753004928,0.4539253595634045,50
0.0,synthetic_map_00042,50,65,5,0.6362363953948488,0.37071140405038966,0.48580525832994115,62
0.0,synthetic_map_00042,62,65,4,0.5574122849518436,0.43807631261155433,0.49887376003911044,63
0.0,synthetic_map_00042,63,65,3,0.6483442420970539,0.33814179611202044,0.40616844369696525,64
0.0,synthetic_map_00042,64,65,2,0.7452224205008502,0.2592591182935397,0.43796425778421405,65
0.0,synthetic_map_00043,1,37,6,0.44761011531980593,0.5262260417451414,0.5973090238312461,2
0.0,synthetic_map_00043,2,37,5,0.6113331751322577,0.40974023527014974,0.5583148240105422,14
0.0,synthetic_map_00043,14,37,4,0.9209869000286821,0.06531006288119945,0.2906642994504508,26
0.0,synthetic_map_00043,26,37,3,0.9098375363348886,0.07854526307657594,0.35362552099565736,25
0.0,synthetic_map_00043,25,37,2,0.7673145457838434,0.21667839686310805,0.3933906292909094,37
0.0,synthetic_map_00044,75,33,11,0.8424314566566988,0.17549775099454115,0.42545533931278556,63
0.0,synthetic_map_00044,64,33,9,0.726393715592988,0.2590337022434092,0.44682368555513213,65
0.0,synthetic_map_00044,65,33,8,0.7876254785740892,0.2093959818092974,0.4498951016319842,66
0.0,synthetic_map_00044,54,33,6,0.5619556275793028,0.4488972678045631,0.4932178626837511,55
0.0,synthetic_map_00044,55,33,5,0.7020663133685078,0.283809446835113,0.4035810809271525,56
0.0,synthetic_map_00044,56,33,4,0.6192524117684022,0.3657296445033533,0.5398797797853422,57
0.0,synthetic_map_00044,57,33,3,0.6303393365431103,0.3511671375138363,0.5003838933046632,45
0.0,synthetic_map_00044,45,33,2,0.6864843717516668,0.31513313837435797,0.3988138974423784,33
0.0,synthetic_map_00045,113,47,17,0.8975392502203698,0.1084848148340739,0.27906406616533574,114
0.0,synthetic_map_00045,114,47,16,0.9183190684648054,0.09733203675798285,0.2751686088307197,115
0.0,synthetic_map_00045,127,47,14,0.8999544819104475,0.10021002501655209,0.2664985294583284,128
0.0,synthetic_map_00045,107,47,8,0.382915294908326,0.595484776656098,0.5734569232736157,95
0.0,synthetic_map_00045,95,47,7,0.4876484561872872,0.5372155552988468,0.6708898469190565,83
0.0,synthetic_map_00045,83,47,6,0.569034115451908,0.443745571887025,0.5808446349964498,71
0.0,synthetic_map_00045,58,47,3,0.7943180175027162,0.19477595688755486,0.29894152190321577,46
0.0,synthetic_map_00045,46,47,2,0.8200267960886414,0.19987171948078652,0.33128996329662935,47
0.0,synthetic_map_00046,23,27,20,0.7162188955081902,0.29438004036121723,0.45143154427323784,22
0.0,synthetic_map_00046,33,27,17,0.7061583919692882,0.29255660045581167,0.4462576879625857,45
0.0,synthetic_map_00046,44,27,15,0.700698615006914,0.2721766051440747,0.32661059494889566,43
0.0,synthetic_map_00046,67,27,12,0.712272008564283,0.29080342371469536,0.5403521625521011,79
0.0,synthetic_map_00046,79,27,11,0.6156255776322358,0.36109748487132315,0.4729995058165267,78
0.0,synthetic_map_00046,78,27,10,0.8206208026708124,0.20801740639734734,0.41090224255747143,90
0.0,synthetic_map_00046,76,27,6,0.7527586515083353,0.23263549450489704,0.3676420214037015,64
0.0,synthetic_map_00046,51,27,3,0.6567165449369045,0.3360005410157514,0.47693783131508516,39
0.0,synthetic_map_00047,120,29,16,0.623888114731751,0.38133619716170586,0.4601160641319657,108
0.0,synthetic_map_00047,108,29,15,0.6985788842118849,0.2862125551222814,0.4406299975819433,96
0.0,synthetic_map_00047,72,29,12,0.6321567323221543,0.3482897570839819,0.46427647169763464,60
0.0,synthetic_map_00047,61,29,10,0.8045923583934366,0.19929323322785458,0.4078744342423822,62
0.0,synthetic_map_00047,64,29,7,0.9021111404420049,0.11289900245506095,0.3085287476947008,65
0.0,synthetic_map_00047,65,29,6,0.9399269818647252,0.06947324149777911,0.2862995230937574,66
0.0,synthetic_map_00047,54,29,4,0.778095434414629,0.24812935075777776,0.3540333563464636,42
0.0,synthetic_map_00047,30,29,2,0.7265729301393391,0.25722524061704305,0.40179423868986186,29
0.0,synthetic_map_00048,65,99,6,0.8759259785897004,0.14482136120743425,0.3025846839997301,64
0.0,synthetic_map_00048,64,99,5,0.840793953152567,0.13550473517581887,0.24567191654351309,63
0.0,synthetic_map_00048,63,99,4,0.8791575175005328,0.0921206487599821,0.22104424487420044,75
0.0,synthetic_map_00048,75,99,3,0.9325716164818967,0.08344033488585471,0.31513555506513796,87
0.0,synthetic_map_00048,87,99,2,0.8835382945523502,0.10986560201359097,0.280383709873154,99
0.0,synthetic_map_00049,121,43,14,0.6477726455999072,0.37954676475544513,0.5069214822351102,109
0.0,synthetic_map_00049,109,43,13,0.8111480586231616,0.21783456518445266,0.31405781121434256,97
0.0,synthetic_map_00049,73,43,10,0.7490611422231723,0.23328276432985418,0.43540790256949885,61
0.0,synthetic_map_00049,61,43,9,0.7301840062242897,0.2921296843268691,0.5354217386705462,62
0.0,synthetic_map_00049,63,43,7,0.7159192036587826,0.2934959862271126,0.45832644085667656,51
0.0,synthetic_map_00049,51,43,6,0.7216788686364445,0.28855272770685697,0.5229335467212163,39
0.0,synthetic_map_00049,39,43,5,0.5638763702668546,0.4174538659809466,0.6058122312268497,40
0.0,synthetic_map_00049,40,43,4,0.6851083214672549,0.2923617784094752,0.48288745650494347,41
0.0,synthetic_map_00050,30,60,10,1.0,0.0,0.22726588262145694,29
0.0,synthetic_map_00050,28,60,8,0.874006046433331,0.12041297696448931,0.26993924267443214,27
0.0,synthetic_map_00050,27,60,7,0.6890220351795454,0.323918463013658,0.4575063257600607,39
0.0,synthetic_map_00050,39,60,6,0.8900881411351432,0.1324867119761063,0.2227982525765994,38
0.0,synthetic_map_00050,38,60,5,0.9634837242632062,0.06299093904023728,0.23982709597154114,37
0.0,synthetic_map_00050,37,60,4,0.7406536229002293,0.25363498988887323,0.3337404915173688,36
0.0,synthetic_map_00050,36,60,3,0.6000455888701977,0.39567000030254706,0.5715281638632893,48
0.0,synthetic_map_00050,48,60,2,0.6819128113445797,0.28877409235928786,0.4326408762304937,60
0.0,synthetic_map_00051,21,12,16,0.5308843942255842,0.4707455760156225,0.5268220342956063,33
0.0,synthetic_map_00051,43,12,12,0.7449378259951521,0.2714050496238741,0.40639102937070715,42
0.0,synthetic_map_00051,30,12,10,0.7555602288822123,0.25620763640994726,0.35932558085605026,29
0.0,synthetic_map_00051,26,12,6,0.8677002940620958,0.1566473386468899,0.3162995780965903,14
0.0,synthetic_map_00051,14,12,5,0.8954448661891723,0.1045932534988687,0.21619665719633585,2
0.0,synthetic_map_00051,2,12,4,0.536494013105482,0.48335445356500945,0.5706997733235027,1
0.0,synthetic_map_00051,1,12,3,0.5771788442886133,0.4410411834561724,0.4789637902393034,0
0.0,synthetic_map_00051,0,12,2,0.32834541317118576,0.656691580495936,0.7506099859286084,12
0.0,synthetic_map_00052,69,71,3,0.6537797423239821,0.3758511609224576,0.46157261995001425,70
0.0,synthetic_map_00052,70,71,2,0.7611804676372759,0.26799204902610163,0.39454013624257667,71
0.0,synthetic_map_00053,95,71,3,0.6745275356837674,0.30383690466206936,0.49807503913711226,83
0.0,synthetic_map_00053,83,71,2,0.6833529099298031,0.3204125230730058,0.4455538310825782,71
0.0,synthetic_map_00054,105,21,10,0.6688055746151085,0.31740444460115924,0.44607362104384757,93
0.0,synthetic_map_00054,93,21,9,0.6439661729450135,0.3426453564624986,0.4146925082559716,81
0.0,synthetic_map_00054,81,21,8,0.7179033085416769,0.25643891362898286,0.36708846353377667,69
0.0,synthetic_map_00054,69,21,7,0.6869898322244106,0.3153333296389374,0.48247399707015604,68
0.0,synthetic_map_00054,56,21,5,0.7700924013861,0.21720895002513801,0.3009780933488301,44
0.0,synthetic_map_00054,44,21,4,0.7923618921262746,0.2303674449879476,0.3811243990143663,45
0.0,synthetic_map_00054,45,21,3,0.525497695526068,0.4620283212246751,0.5964325230793353,33
0.0,synthetic_map_00054,33,21,2,0.810543789863892,0.20192630370246795,0.3519708717725209,21
0.0,synthetic_map_00055,51,32,10,0.8271044517307172,0.18242807073370534,0.4113888331122419,52
0.0,synthetic_map_00055,52,32,9,0.9042854460928279,0.08064184908116674,0.21500627710204834,53
0.0,synthetic_map_00055,53,32,8,0.6800116036809973,0.33049274288451097,0.45254965228408894,65
0.0,synthetic_map_00055,65,32,7,0.6640790441844324,0.34222378040709067,0.3937587982070262,66
0.0,synthetic_map_00055,66,32,6,0.7117216295501076,0.28870383387231524,0.5346134873464674,67
0.0,synthetic_map_00055,68,32,4,0.6428018641333706,0.35394051241686436,0.428212587442099,56
0.0,synthetic_map_00055,56,32,3,0.8233596051564384,0.18541083284007437,0.420111187083602,44
0.0,synthetic_map_00055,44,32,2,0.8747279561873703,0.10039127411221829,0.25322022160110347,32
0.0,synthetic_map_00056,45,140,10,0.8165122181022045,0.1546049310171402,0.22403543852308178,44
0.0,synthetic_map_00056,44,140,9,1.0,0.0,0.18007084440702126,56
0.0,synthetic_map_00056,68,140,7,0.900629152258049,0.0772638627426935,0.34915980223295423,80
0.0,synthetic_map_00056,80,140,6,0.9012222403685737,0.11554849211554603,0.28381563758726375,92
0.0,synthetic_map_00056,92,140,5,0.783808031000806,0.19297841987303715,0.3120457985761944,104
0.0,synthetic_map_00056,104,140,4,0.9216549206918657,0.07326137016614714,0.22521238760130188,116
0.0,synthetic_map_00056,116,140,3,0.8801386771387953,0.14479015676159313,0.313380335863055,128
0.0,synthetic_map_00056,128,140,2,0.9581437267867474,0.049886167954458355,0.25985897926947993,140
0.0,synthetic_map_00057,82,3,14,0.6713468359037583,0.3019349291561354,0.400374819729827,81
0.0,synthetic_map_00057,81,3,13,0.4736934224029866,0.5134610617956485,0.6570601636096677,69
0.0,synthetic_map_00057,69,3,12,0.7492838363511453,0.2378680743786011,0.38022897507240433,57
0.0,synthetic_map_00057,56,3,10,0.9104318745122196,0.09435825280563143,0.22635074894779014,55
0.0,synthetic_map_00057,55,3,9,0.7353827953113142,0.23463225045203853,0.44541729063492114,54
0.0,synthetic_map_00057,54,3,8,0.8101125240282073,0.19315026712602737,0.32795142341397854,53
0.0,synthetic_map_00057,39,3,4,0.7691997052510807,0.21667134075085254,0.4003312040797548,27
0.0,synthetic_map_00057,15,3,2,0.8816312442200431,0.13903951943844445,0.36475244112842903,3
0.0,synthetic_map_00058,125,0,16,0.8430740979480428,0.17895492323342013,0.36661087554298094,124
0.0,synthetic_map_00058,123,0,14,0.897652765055814,0.078418920482732,0.2928483886861636,111
0.0,synthetic_map_00058,111,0,13,0.9040262267219701,0.09603268232507489,0.226160844302267,99
0.0,synthetic_map_00058,87,0,11,0.7925887045088557,0.20773955013937873,0.3112540327224098,86
0.0,synthetic_map_00058,85,0,9,0.6869578885918491,0.33348097431843227,0.4810475600039845,84
0.0,synthetic_map_00058,84,0,8,0.4894043545806637,0.5184755653491717,0.577693288690726,72
0.0,synthetic_map_00058,60,0,6,0.561927619062322,0.40864496788034843,0.5604257073274078,48
0.0,synthetic_map_00058,24,0,3,0.5745195451906383,0.4122038199827349,0.4948395904614928,12
0.0,synthetic_map_00059,106,0,19,0.9383947068199997,0.08947409759257785,0.23041391157163266,105
0.0,synthetic_map_00059,104,0,17,0.7517304943102852,0.2281105555931312,0.33809274216661095,103
0.0,synthetic_map_00059,103,0,16,0.8021817723397714,0.20746741859393047,0.32391571823651855,102
0.0,synthetic_map_00059,101,0,14,0.7700872571030856,0.22172654448647394,0.43473012890524454,89
0.0,synthetic_map_00059,89,0,13,0.6675272100637603,0.33659796237147666,0.4821359759814196,88
0.0,synthetic_map_00059,85,0,9,0.7860998412145361,0.19760029603824927,0.41624460084539516,73
0.0,synthetic_map_00059,73,0,8,0.8274174053022993,0.17616604350132145,0.44422694613245606,61
0.0,synthetic_map_00059,37,0,5,0.7425694860975209,0.2708684100302964,0.4127423759322031,25
0.0,synthetic_map_00060,18,71,10,0.733812295426796,0.25426722763498594,0.30748174690582986,30
0.0,synthetic_map_00060,30,71,9,0.8271595388033695,0.15481406163156186,0.3040889737529502,42
0.0,synthetic_map_00060,42,71,8,0.9302955253925509,0.08375577294392386,0.22855517692402466,54
0.0,synthetic_map_00060,54,71,7,0.7123216996387001,0.2678508948973339,0.31261388968682285,55
0.0,synthetic_map_00060,56,71,5,0.9585408958835946,0.06115240938869501,0.24772938721883656,68
0.0,synthetic_map_00060,68,71,4,0.9271755814169461,0.06253337392356648,0.3526254380170297,69
0.0,synthetic_map_00060,69,71,3,0.8968745727705474,0.13208731228112763,0.2809139281507354,70
0.0,synthetic_map_00060,70,71,2,0.9463668726951103,0.07637706751744608,0.25105642640349424,71
0.0,synthetic_map_00061,120,124,7,0.49464516265725206,0.5295110796913701,0.5701589017629697,108
0.0,synthetic_map_00061,108,124,6,0.5406924427489808,0.43861800373979515,0.5521653628875016,109
0.0,synthetic_map_00061,109,124,5,0.8789225365176437,0.10418751337201966,0.26457756816815503,110
0.0,synthetic_map_00061,110,124,4,0.9051840697404482,0.09330759940992632,0.2428680707436616,122
0.0,synthetic_map_00061,122,124,3,0.9016847890240541,0.08684374387416482,0.2407892767590779,123
0.0,synthetic_map_00061,123,124,2,0.8775713970366303,0.13690390400834507,0.3364558635313055,124
0.0,synthetic_map_00062,69,106,5,0.8881315521673163,0.13926743009216053,0.24893564425354328,81
0.0,synthetic_map_00062,81,106,4,0.854156297570781,0.12841170952207018,0.22768140552919924,82
0.0,synthetic_map_00062,82,106,3,0.9314855005438091,0.09526194565340099,0.2560155969476016,94
0.0,synthetic_map_00062,94,106,2,0.8225022446997317,0.20310610124591666,0.45487947462557277,106
0.0,synthetic_map_00063,119,81,6,0.5823944252111669,0.44312725169047623,0.4833592326474949,118
0.0,synthetic_map_00063,118,81,5,0.7284319724262291,0.2630117542971097,0.38456100434862434,117
0.0,synthetic_map_00063,117,81,4,0.7281079439755879,0.25192191998442837,0.37713890783339016,105
0.0,synthetic_map_00063,105,81,3,0.9721761987023386,0.0,0.2729657811944417,93
0.0,synthetic_map_00063,93,81,2,0.9956067904531279,0.0,0.13927822814955632,81
0.0,synthetic_map_00064,118,38,17,0.7952017854665334,0.21058541826508906,0.3220805807106759,130
0.0,synthetic_map_00064,116,38,13,0.6744541795965721,0.3191304999857977,0.40582834307937665,115
0.0,synthetic_map_00064,115,38,12,0.6548622567756859,0.33408339567773376,0.5278265919919775,114
0.0,synthetic_map_00064,114,38,11,0.7580036385903719,0.2152567347178045,0.4471357538107981,113
0.0,synthetic_map_00064,113,38,10,0.7935912274715312,0.20072770218560654,0.2997656264708206,101
0.0,synthetic_map_00064,88,38,7,0.7617380213242236,0.21719542475587655,0.33300781225873605,76
0.0,synthetic_map_00064,74,38,4,0.6503112043132601,0.3581393498501145,0.48916397557050895,62
0.0,synthetic_map_00064,50,38,2,0.6059126791395728,0.3777240079317442,0.4907827163010266,38
0.0,synthetic_map_00065,88,73,5,0.8974030580987182,0.1166248900001129,0.30251800939486584,87
0.0,synthetic_map_00065,87,73,4,0.7605432116917238,0.23251256699460318,0.3537925052870491,86
0.0,synthetic_map_00065,86,73,3,0.8701180724922515,0.12663871194420448,0.2794407634158599,85
0.0,synthetic_map_00065,85,73,2,0.555112166657107,0.43232793274152914,0.5757019686643702,73
0.0,synthetic_map_00066,53,73,7,0.7712210199299178,0.20209457150750976,0.3749309647137543,52
0.0,synthetic_map_00066,52,73,6,0.7058680525568339,0.3163201059669599,0.5315677001245186,64
0.0,synthetic_map_00066,64,73,5,0.4570561308100753,0.5593761906077533,0.6807431970183749,63
0.0,synthetic_map_00066,63,73,4,0.6612080457831494,0.33531305639752085,0.5391662071474216,62
0.0,synthetic_map_00066,62,73,3,0.5300764911823692,0.4741975020563638,0.6334605465247632,74
0.0,synthetic_map_00066,74,73,2,0.7179450941717467,0.2982158642361469,0.4746847356380514,73
0.0,synthetic_map_00067,55,118,13,0.6286632230864638,0.35898365340750227,0.4930379970114285,54
0.0,synthetic_map_00067,54,118,12,0.7332637017928485,0.2377651707649562,0.3960641898133597,66
0.0,synthetic_map_00067,78,118,10,0.6689279421343194,0.31624419329359615,0.48995459360202304,90
0.0,synthetic_map_00067,90,118,9,0.525177802272647,0.45764433919700087,0.5893182812781613,89
0.0,synthetic_map_00067,101,118,7,0.7935787479640168,0.17973124691673936,0.43978533678146403,113
0.0,synthetic_map_00067,113,118,6,0.7617542822980549,0.2650591705326281,0.45693943243196483,114
0.0,synthetic_map_00067,114,118,5,0.6467046491287415,0.35742681874040416,0.4713968223137968,115
0.0,synthetic_map_00067,115,118,4,0.46754308933263033,0.5590651301727959,0.7191214532552792,116
0.0,synthetic_map_00068,70,5,11,0.8654088476016619,0.122613857942076,0.21717671227516855,58
0.0,synthetic_map_00068,58,5,10,0.8631122220267632,0.10963640137875838,0.2567303950925242,46
0.0,synthetic_map_00068,46,5,9,0.6605767151040634,0.3676548214071178,0.418338276460629,45
0.0,synthetic_map_00068,45,5,8,0.6912701310618763,0.29992397147921146,0.4587500619086471,44
0.0,synthetic_map_00068,44,5,7,0.6097851297091172,0.4086187747671019,0.5007205984739519,32
0.0,synthetic_map_00068,31,5,5,0.5379461289479522,0.44838093784232735,0.579018027789397,30
0.0,synthetic_map_00068,30,5,4,0.7046884456675585,0.2949536544483544,0.5223240214783531,29
0.0,synthetic_map_00068,29,5,3,0.918810196214516,0.06278869484846067,0.22044278474531925,17
0.0,synthetic_map_00069,103,35,15,0.8117533632000313,0.20595902243946582,0.39328208303802864,91
0.0,synthetic_map_00069,91,35,14,0.7210985537263828,0.2683390532599279,0.3969274301356469,79
0.0,synthetic_map_00069,79,35,13,0.8683999567911803,0.1471974635963252,0.32046365247725694,67
0.0,synthetic_map_00069,55,35,11,0.979330493175025,0.0,0.17088088746766114,43
0.0,synthetic_map_00069,32,35,8,0.6234343492693448,0.34852666453747205,0.4922013541389794,20
0.0,synthetic_map_00069,20,35,7,0.7973852564367325,0.1842215656942074,0.3421907898672557,8
0.0,synthetic_map_00069,8,35,6,0.5637911667526906,0.44929575520360726,0.6270383769716803,9
0.0,synthetic_map_00069,9,35,5,0.5578388408618509,0.4172963149498989,0.6127797328979508,10
0.0,synthetic_map_00070,27,45,10,0.9466578685358275,0.04549954262007498,0.13069602137386055,28
0.0,synthetic_map_00070,28,45,9,0.9239336034396982,0.07398614407298375,0.2668979105248295,29
0.0,synthetic_map_00070,29,45,8,0.7915695055299793,0.18996258317033543,0.3846276523998768,17
0.0,synthetic_map_00070,18,45,6,0.8304181790155907,0.19577024551043132,0.4002888633149434,19
0.0,synthetic_map_00070,19,45,5,0.8571425923172183,0.13885776427328778,0.21972806930793504,31
0.0,synthetic_map_00070,31,45,4,0.864216588661892,0.14275328836016604,0.33093143841203787,43
0.0,synthetic_map_00070,43,45,3,0.8871319976486969,0.12891835039935928,0.28084730657253665,44
0.0,synthetic_map_00070,44,45,2,0.8437624500151844,0.1311451809639978,0.33652665085502736,45
0.0,synthetic_map_00071,91,134,10,0.9498364085041076,0.07781397024139061,0.259896771493417,90
0.0,synthetic_map_00071,90,134,9,0.8722747560787929,0.11345865456992175,0.3535298840825839,89
0.0,synthetic_map_00071,88,134,7,0.8151171468948514,0.1730524112820297,0.333899131746633,100
0.0,synthetic_map_00071,100,134,6,0.6343404011707549,0.35796777972722005,0.5245366995146838,99
0.0,synthetic_map_00071,99,134,5,0.550345257414151,0.4272078508559186,0.5483654720690417,111
0.0,synthetic_map_00071,111,134,4,0.7982980124520074,0.1808416505932691,0.3814434859522408,123
0.0,synthetic_map_00071,123,134,3,0.7531645139829944,0.22965422786690765,0.3265325381541318,122
0.0,synthetic_map_00071,122,134,2,0.77234468058828,0.22437111711189217,0.3748366311783518,134
0.0,synthetic_map_00072,74,95,15,0.7101984783425679,0.3083781815714613,0.4965523481592451,75
0.0,synthetic_map_00072,75,95,14,0.7984457870343319,0.19675511408108615,0.4409332833514368,76
0.0,synthetic_map_00072,76,95,13,0.6039406270926632,0.3794217448853074,0.537679292550369,77
0.0,synthetic_map_00072,77,95,12,0.8518644158140571,0.17805492717083105,0.34909979015159437,78
0.0,synthetic_map_00072,66,95,10,0.5931081517235928,0.3787728443114871,0.496803743760923,67
0.0,synthetic_map_00072,67,95,9,0.7545406933597603,0.26466543037453266,0.3893215564516467,55
0.0,synthetic_map_00072,55,95,8,0.7964274384499213,0.18779200640315166,0.4486598365902567,56
0.0,synthetic_map_00072,57,95,6,0.6132730613695516,0.3700010771551266,0.44168310323626875,69
0.0,synthetic_map_00073,103,96,10,0.9732987900651748,0.035689945246018526,0.20243567188228548,102
0.0,synthetic_map_00073,102,96,9,0.7654635602310775,0.2620445486682096,0.3041884797927656,90
0.0,synthetic_map_00073,90,96,8,0.7615734133820923,0.21578728497346158,0.38564621953532724,89
0.0,synthetic_map_00073,89,96,7,0.7172285769255694,0.2546558906224677,0.30149906824280137,88
0.0,synthetic_map_00073,88,96,6,0.8243889939940803,0.19364804073933778,0.3867771920867991,87
0.0,synthetic_map_00073,87,96,5,1.0,0.0,0.18859032140384469,86
0.0,synthetic_map_00073,86,96,4,0.9887283075545075,0.0,0.20465538058191496,85
0.0,synthetic_map_00073,84,96,2,0.738455438081585,0.2872892698838566,0.5153963481008113,96
0.0,synthetic_map_00074,130,22,18,0.7959303234709769,0.19713576169152874,0.35166719394330853,118
0.0,synthetic_map_00074,118,22,17,0.7870461553867407,0.2022475266534786,0.3975579353950321,117
0.0,synthetic_map_00074,103,22,13,0.7646499242747763,0.21870970280858798,0.4273825708302989,102
0.0,synthetic_map_00074,55,22,7,0.7610632323703319,0.2391185286166782,0.42637276130964685,43
0.0,synthetic_map_00074,43,22,6,1.0,0.0,0.24848221687085448,31
0.0,synthetic_map_00074,31,22,5,0.8963855320513806,0.09486881883900065,0.36384938085764035,32
0.0,synthetic_map_00074,32,22,4,0.8653061309805697,0.13877722409883464,0.3048292250511655,33
0.0,synthetic_map_00074,33,22,3,0.8543306627430186,0.1254238456806031,0.24640576492101557,21
0.0,synthetic_map_00075,91,50,11,0.8525939451860023,0.1599607808154967,0.2428804336078797,90
0.0,synthetic_map_00075,90,50,10,0.8807646841869317,0.14555748975317256,0.26171396414428666,78
0.0,synthetic_map_00075,78,50,9,0.86693469812419,0.14084338775850086,0.2975154838549391,66
0.0,synthetic_map_00075,54,50,7,0.7475649407926327,0.26268063739786296,0.40145421977600243,42
0.0,synthetic_map_00075,41,50,5,0.842541787342144,0.1548057334572187,0.22562277860034313,40
0.0,synthetic_map_00075,40,50,4,0.9515311644409733,0.06186021193564429,0.2840560378114925,39
0.0,synthetic_map_00075,39,50,3,0.990714351257141,0.03762500363222286,0.16077860666474897,38
0.0,synthetic_map_00075,38,50,2,1.0,0.0,0.12340511415618427,50
0.0,synthetic_map_00076,30,20,6,0.6665729263177098,0.31118415659889387,0.4092336991960589,18
0.0,synthetic_map_00076,18,20,5,0.7080080016153002,0.2876719256561113,0.40817565480782486,6
0.0,synthetic_map_00076,6,20,4,0.4672816510251298,0.5084223967594779,0.6769198324068788,7
0.0,synthetic_map_00076,7,20,3,0.5316393160842745,0.45904341467050014,0.604311276303011,8
0.0,synthetic_map_00076,8,20,2,0.48504830302676233,0.5100298649138209,0.71370415815209,20
0.0,synthetic_map_00077,8,46,6,0.7044189594303802,0.32127455966171914,0.42091185782823076,20
0.0,synthetic_map_00077,20,46,5,1.0,0.0,0.23943155727669774,32
0.0,synthetic_map_00077,32,46,4,0.977321851372013,0.0,0.2303443415336405,44
0.0,synthetic_map_00077,44,46,3,1.0,0.0,0.12307829037534998,45
0.0,synthetic_map_00077,45,46,2,0.9808346916616807,0.038072743412012305,0.20101402433763452,46
0.0,synthetic_map_00078,138,70,11,0.47960288051093697,0.5410010574180224,0.6342478378801157,126
0.0,synthetic_map_00078,126,70,10,0.637414469608382,0.3349638266813941,0.4725571554870562,114
0.0,synthetic_map_00078,114,70,9,0.5563496124486698,0.4464336062220175,0.5049199553734712,102
0.0,synthetic_map_00078,102,70,8,0.6129862560801786,0.37790136425588394,0.4987789751587397,90
0.0,synthetic_map_00078,90,70,7,0.6788102482867339,0.32200936934472435,0.48958297398986006,91
0.0,synthetic_map_00078,91,70,6,0.776292068590704,0.24597806000911154,0.38078776747909654,79
0.0,synthetic_map_00078,67,70,4,0.768019237323538,0.2027207125855029,0.323450922091317,68
0.0,synthetic_map_00078,68,70,3,0.9319842379936196,0.04092950144645688,0.1328866227815092,69
0.0,synthetic_map_00079,49,102,10,0.7223972410904396,0.26452021564283995,0.4257899782522954,61
0.0,synthetic_map_00079,61,102,9,0.6475686419507578,0.3787915756358383,0.4567197556360066,62
0.0,synthetic_map_00079,62,102,8,0.7903744828050471,0.18112809096468763,0.4136712940164288,74
0.0,synthetic_map_00079,74,102,7,0.7914747525716512,0.18847570016791504,0.3753039395873289,75
0.0,synthetic_map_00079,75,102,6,0.9503549372942794,0.07364162066469342,0.29578389450597997,76
0.0,synthetic_map_00079,76,102,5,0.6243708836000572,0.3762461662761747,0.4444834683627492,88
0.0,synthetic_map_00079,88,102,4,0.6683480717726102,0.33172855226857056,0.5333680726776091,100
0.0,synthetic_map_00079,100,102,3,0.682097893494008,0.2914542117134699,0.39751635961248527,101
0.0,synthetic_map_00080,91,61,9,0.7354779139077968,0.24170574554885663,0.34052214995246344,90
0.0,synthetic_map_00080,90,61,8,0.8376835328344131,0.1798204799008121,0.40041946941447265,89
0.0,synthetic_map_00080,89,61,7,0.7967641808271385,0.20718742360367173,0.37780321894210717,88
0.0,synthetic_map_00080,88,61,6,0.6926614733633599,0.3094895635625702,0.3879102495189253,87
0.0,synthetic_map_00080,87,61,5,0.7833856669990901,0.24406556737610455,0.3240858340600421,75
0.0,synthetic_map_00080,75,61,4,0.9009190717302411,0.10468273874602127,0.3183701857841093,74
0.0,synthetic_map_00080,74,61,3,0.8513458613497198,0.1383989748682343,0.3292172849840692,73
0.0,synthetic_map_00080,73,61,2,0.9196555440370423,0.09706279174558571,0.2900992644928583,61
0.0,synthetic_map_00081,119,102,9,0.5766733759332484,0.4450485316595039,0.5230680493281451,131
0.0,synthetic_map_00081,131,102,8,0.3922864412868945,0.5936299414734932,0.639585681135107,130
0.0,synthetic_map_00081,130,102,7,0.7802907420816867,0.23841213417141538,0.4484605616368918,129
0.0,synthetic_map_00081,129,102,6,0.8967290506639626,0.09673692681618182,0.33036989828992747,128
0.0,synthetic_map_00081,128,102,5,0.87664488671007,0.14073479345135398,0.25168035930265564,116
0.0,synthetic_map_00081,116,102,4,0.6461762666747494,0.36966971346190963,0.4814589722404067,115
0.0,synthetic_map_00081,115,102,3,0.6966641462293022,0.3167939581368709,0.3977330022716331,114
0.0,synthetic_map_00081,114,102,2,0.5266720812404823,0.46842408969144433,0.5973766310984404,102
0.0,synthetic_map_00082,32,23,5,0.990067616246037,0.0,0.1798915095929719,20
0.0,synthetic_map_00082,20,23,4,0.8895386216070401,0.10985730241898908,0.33560801386028866,21
0.0,synthetic_map_00082,21,23,3,0.9647333149496843,0.029254719722694222,0.24303980593326313,22
0.0,synthetic_map_00082,22,23,2,0.8512710574333654,0.12079596815775431,0.3413324133949116,23
0.0,synthetic_map_00083,62,43,14,0.6864931095832111,0.3363691518259113,0.39445107681168945,50
0.0,synthetic_map_00083,50,43,13,0.781660552808184,0.21232851492208007,0.38428557749612274,49
0.0,synthetic_map_00083,37,43,11,0.8873945604123448,0.11566815553998595,0.361443990257498,25
0.0,synthetic_map_00083,26,43,9,0.8858050796803832,0.13283057235589976,0.36849353723241596,27
0.0,synthetic_map_00083,27,43,8,0.832815983253887,0.17641206663767423,0.41663705254646943,28
0.0,synthetic_map_00083,28,43,7,0.752327606754088,0.27094350013315316,0.4074095493619592,16
0.0,synthetic_map_00083,17,43,5,0.7723050365731229,0.23628317813146354,0.40862736187518567,18
0.0,synthetic_map_00083,18,43,4,0.7403311984116359,0.25224589463625186,0.332955146050358,30
0.0,synthetic_map_00084,134,2,16,0.5612947525963661,0.4608933843944295,0.5391061767389818,133
0.0,synthetic_map_00084,120,2,13,0.5467771672164975,0.48282308455733375,0.5354444316794336,108
0.0,synthetic_map_00084,108,2,12,0.4453379564789024,0.5405595500239913,0.6043550372617892,96
0.0,synthetic_map_00084,96,2,11,0.42992716333921993,0.5925304610520633,0.6574448972453716,84
0.0,synthetic_map_00084,84,2,10,0.5588403950365427,0.4289518637700742,0.5257600641227521,72
0.0,synthetic_map_00084,60,2,8,0.4170512410746839,0.5613760898842749,0.7228308735758338,61
0.0,synthetic_map_00084,50,2,5,0.6808399524184612,0.3142844460206244,0.4759819808333155,38
0.0,synthetic_map_00084,14,2,2,0.6367804008651059,0.3404582084541409,0.4049558842882811,2
0.0,synthetic_map_00085,36,110,9,0.5336452289805013,0.43911893962019305,0.5216782525620042,48
0.0,synthetic_map_00085,48,110,8,0.5061135515008718,0.5062557869688049,0.5986004837117729,49
0.0,synthetic_map_00085,49,110,7,0.8319385912377081,0.1899991529609,0.34075967304361643,61
0.0,synthetic_map_00085,61,110,6,0.7689742186031111,0.24083974990420454,0.3991693730036555,62
0.0,synthetic_map_00085,62,110,5,0.9141720393506527,0.06881238562350199,0.3406472159017332,74
0.0,synthetic_map_00085,74,110,4,0.8880279174775995,0.10005962070912996,0.2881956607972335,86
0.0,synthetic_map_00085,86,110,3,0.9480591482489503,0.06459170270819835,0.3325651179272599,98
0.0,synthetic_map_00085,98,110,2,0.942282281885324,0.04666809718926496,0.2304248107942911,110
0.0,synthetic_map_00086,95,68,6,0.5562546878225406,0.47155531434075476,0.6183144196912995,94
0.0,synthetic_map_00086,94,68,5,0.8371384262305054,0.15943278133528932,0.3328060385095174,93
0.0,synthetic_map_00086,93,68,4,0.8433432649331251,0.1445289878716437,0.2813754699916238,92
0.0,synthetic_map_00086,92,68,3,0.9748722427625557,0.04202603126561534,0.16885132862202565,80
0.0,synthetic_map_00086,80,68,2,0.8384567421704111,0.13850962276449913,0.27184483819411787,68
0.0,synthetic_map_00087,63,20,10,0.8981301676963606,0.11268542565360654,0.3427034732960964,51
0.0,synthetic_map_00087,51,20,9,0.8780733422056816,0.10463654385729475,0.21492925889417605,39
0.0,synthetic_map_00087,39,20,8,0.8815541993684587,0.12009739612861595,0.36801803519848836,27
0.0,synthetic_map_00087,27,20,7,0.8873526853272236,0.08587022163661429,0.2936596564406043,28
0.0,synthetic_map_00087,28,20,6,0.8534853901645763,0.13059014284835274,0.25295937370589555,29
0.0,synthetic_map_00087,29,20,5,0.9407173663918099,0.07996200611276129,0.3008421025413478,30
0.0,synthetic_map_00087,30,20,4,0.7918839593706162,0.1996797627393035,0.33856162533824924,31
0.0,synthetic_map_00087,19,20,2,0.6231299899462158,0.39674641421853474,0.5984909996712304,20
0.0,synthetic_map_00088,84,137,10,0.5653911999103371,0.4601867611763608,0.5125485308140223,85
0.0,synthetic_map_00088,86,137,8,0.8935816209420177,0.11051636640910135,0.2608147411408527,87
0.0,synthetic_map_00088,87,137,7,0.662644215806257,0.34233887706255184,0.5344605924959839,99
0.0,synthetic_map_00088,99,137,6,0.553779317432706,0.4406731468115913,0.5634807356634041,111
0.0,synthetic_map_00088,111,137,5,0.46591561958556976,0.5058360695563506,0.5690031680574822,123
0.0,synthetic_map_00088,123,137,4,0.5397436707774961,0.48229419506515053,0.5966563795062476,124
0.0,synthetic_map_00088,124,137,3,0.8086580114880071,0.19821853537927914,0.32183312628105226,125
0.0,synthetic_map_00088,125,137,2,0.6643324097787587,0.3372114310545151,0.4950490751880146,137
0.0,synthetic_map_00089,1,79,13,0.4590896943975263,0.5254958425385956,0.6147866957815136,13
0.0,synthetic_map_00089,13,79,12,0.6364403597626571,0.3593650454745732,0.3933130021554864,25
0.0,synthetic_map_00089,26,79,10,0.9188069994122124,0.07593439463948712,0.21625681734666963,27
0.0,synthetic_map_00089,27,79,9,0.6241308680276355,0.34615056961926055,0.454784989574755,39
0.0,synthetic_map_00089,41,79,6,0.6462331602081022,0.36615263718576874,0.5141218377284812,42
0.0,synthetic_map_00089,42,79,5,0.5164385627963163,0.487718707275484,0.5878158670070222,54
0.0,synthetic_map_00089,54,79,4,0.5660271152863647,0.42793866510930684,0.6032138559577608,66
0.0,synthetic_map_00089,78,79,2,0.7775522116828272,0.23013519591823167,0.4093452944830288,79
0.0,synthetic_map_00090,71,44,8,0.5287839805659695,0.4499559791169404,0.5491289557068867,70
0.0,synthetic_map_00090,70,44,7,0.5944493064336118,0.41015297096132236,0.6003767571374347,58
0.0,synthetic_map_00090,58,44,6,0.6922061003828394,0.28774091350221537,0.44363507647479,46
0.0,synthetic_map_00090,46,44,5,0.7738875093745504,0.23045096008650007,0.40826388165689226,34
0.0,synthetic_map_00090,34,44,4,0.7165489439473133,0.25579894975495115,0.4324090422657389,33
0.0,synthetic_map_00090,33,44,3,0.7531168466864182,0.25882620456717653,0.3924848439940115,32
0.0,synthetic_map_00090,32,44,2,0.7280303959352002,0.29878419924065763,0.521466658536343,44
0.0,synthetic_map_00091,118,48,16,0.9008051070789855,0.10489742774846239,0.3632543385687567,117
0.0,synthetic_map_00091,116,48,14,0.8104706112748357,0.1599048319379533,0.32237345428406255,115
0.0,synthetic_map_00091,113,48,11,0.6314857734033295,0.36575632567742633,0.4584940065863172,101
0.0,synthetic_map_00091,101,48,10,0.5706798577396552,0.432280338289635,0.5137723382131199,100
0.0,synthetic_map_00091,98,48,7,0.7897857415292063,0.22059942108592517,0.3735411394803661,97
0.0,synthetic_map_00091,85,48,5,0.7977202123972983,0.18052559039795113,0.43584449027559075,73
0.0,synthetic_map_00091,72,48,3,0.5091907642660307,0.471933549617459,0.5448162544996566,60
0.0,synthetic_map_00091,60,48,2,0.669264924806194,0.3408376234363602,0.45537929357409673,48
0.0,synthetic_map_00092,57,92,11,0.6765298489376796,0.30599457801533253,0.4996751682032429,56
0.0,synthetic_map_00092,56,92,10,0.6734182371748703,0.3564299753704485,0.4939164992732417,55
0.0,synthetic_map_00092,55,92,9,0.7788883688137717,0.19353843537637733,0.3015922728509949,54
0.0,synthetic_map_00092,54,92,8,0.5304296998959739,0.49337948641423973,0.5608803070964987,66
0.0,synthetic_map_00092,66,92,7,0.7071461700187524,0.3093001189612538,0.39387542024738037,78
0.0,synthetic_map_00092,78,92,6,0.6892469910051118,0.30148836326999595,0.3910992616055644,90
0.0,synthetic_map_00092,102,92,4,0.7594407670239477,0.22019876077347905,0.30528725109738175,103
0.0,synthetic_map_00092,104,92,2,0.7476850559426214,0.23464163354057443,0.4319332030982193,92
0.0,synthetic_map_00093,12,21,14,0.5222473340590849,0.48658401074399743,0.48340153916881556,13
0.0,synthetic_map_00093,13,21,13,0.530387535509846,0.4805194864562319,0.5101292717695896,25
0.0,synthetic_map_00093,25,21,12,0.8008542153157493,0.20964578809383072,0.4406626158237925,37
0.0,synthetic_map_00093,39,21,9,0.6952661736351775,0.3232484449639345,0.5371496662658966,40
0.0,synthetic_map_00093,41,21,7,0.7396558594938952,0.2674881622508657,0.4291177643007547,29
0.0,synthetic_map_00093,29,21,6,0.8331040288363627,0.17967830560381082,0.4342004271389099,30
0.0,synthetic_map_00093,19,21,3,0.8140143089322606,0.2069402015247077,0.35379308914005386,20
0.0,synthetic_map_00093,20,21,2,0.7341949190418646,0.255624239706544,0.38654998515044786,21
0.0,synthetic_map_00094,31,83,9,0.6200668263554879,0.37377164793169204,0.5126480885956964,43
0.0,synthetic_map_00094,43,83,8,0.7303915418595383,0.2552461060004131,0.40316680493677703,55
0.0,synthetic_map_00094,55,83,7,0.7357786363627148,0.23527326074116817,0.3088093916996267,67
0.0,synthetic_map_00094,67,83,6,0.9088693563375292,0.12034336605682522,0.2201518595813013,79
0.0,synthetic_map_00094,79,83,5,0.9074779763065727,0.08877758797436062,0.27681745332899477,80
0.0,synthetic_map_00094,80,83,4,0.7662347059005901,0.23516296278318147,0.30747074123658014,81
0.0,synthetic_map_00094,81,83,3,0.8373399983322413,0.18937872275152776,0.437678399161895,82
0.0,synthetic_map_00094,82,83,2,0.8715209137750745,0.150564496327038,0.21368666294889102,83
0.0,synthetic_map_00095,73,135,8,0.8714484921473311,0.12698269053960165,0.3205693271775996,85
0.0,synthetic_map_00095,85,135,7,0.8560847512133674,0.14857030247462066,0.24401286233894892,97
0.0,synthetic_map_00095,97,135,6,1.0,0.010618608114966566,0.13195286742923212,109
0.0,synthetic_map_00095,109,135,5,0.838946934031109,0.1487273091101053,0.2340894547633216,121
0.0,synthetic_map_00095,121,135,4,0.7945920878813401,0.20627805082864512,0.3918863125471335,133
0.0,synthetic_map_00095,133,135,3,0.4023503819832477,0.6053857037789174,0.5727303154784041,134
0.0,synthetic_map_00095,134,135,2,0.6325767689178072,0.36437049210477185,0.5414623223880352,135
0.0,synthetic_map_00096,85,3,10,1.0,0.0,0.1366512147422021,73
0.0,synthetic_map_00096,73,3,9,0.7973620372440067,0.21928930741789562,0.38641233898906624,74
0.0,synthetic_map_00096,74,3,8,0.8246713228197183,0.19244706545440704,0.3073034005529234,62
0.0,synthetic_map_00096,62,3,7,0.707289287769136,0.2688682535986986,0.4282582359663915,50
0.0,synthetic_map_00096,50,3,6,0.885366812381677,0.1275290977630879,0.35932414033087284,38
0.0,synthetic_map_00096,38,3,5,0.867176182564144,0.13036946753519568,0.27860665745495816,26
0.0,synthetic_map_00096,14,3,3,0.8768225577146928,0.12284721571883062,0.25883814401820365,2
0.0,synthetic_map_00096,2,3,2,0.7086968427415008,0.3158167798150969,0.5088463541827889,3
0.0,synthetic_map_00097,50,6,9,0.8323127891001072,0.1892135569816631,0.42071467677921204,38
0.0,synthetic_map_00097,38,6,8,0.6648139008920652,0.35175802128433364,0.4389549089091516,39
0.0,synthetic_map_00097,39,6,7,0.7722091253606296,0.2531199527785352,0.3998614937566334,40
0.0,synthetic_map_00097,40,6,6,0.743515599487289,0.24056332972725042,0.3620250591803914,28
0.0,synthetic_map_00097,28,6,5,0.761772390737745,0.24350588450338514,0.3855544560099243,16
0.0,synthetic_map_00097,16,6,4,0.7852135621092594,0.18568855217282215,0.3747159724622232,4
0.0,synthetic_map_00097,4,6,3,0.5529368573631762,0.4766122937036916,0.4982343074208091,5
0.0,synthetic_map_00097,5,6,2,0.4944402776149438,0.4924079764173342,0.6315764646292144,6
0.0,synthetic_map_00098,117,134,12,0.8027654184678013,0.22315710663979543,0.38153844495251693,116
0.0,synthetic_map_00098,116,134,11,0.857919516085496,0.12820655773792322,0.3319454841183876,115
0.0,synthetic_map_00098,115,134,10,0.9415014389909728,0.06131370706286943,0.34744588563626605,114
0.0,synthetic_map_00098,114,134,9,0.6354921349264555,0.34207468430379756,0.44917141190285037,126
0.0,synthetic_map_00098,138,134,7,0.4081138570447922,0.5657708082210331,0.6032587112247232,137
0.0,synthetic_map_00098,137,134,6,0.5321779914472504,0.44672942232783447,0.546571742091382,136
0.0,synthetic_map_00098,136,134,5,0.41016759779869866,0.5735870899073597,0.6454692005356144,124
0.0,synthetic_map_00098,123,134,3,0.6390594837563068,0.33594027069477356,0.49682242113643926,122
0.0,synthetic_map_00099,118,57,7,0.6762534732557609,0.34276880191186,0.5466331324899991,106
0.0,synthetic_map_00099,106,57,6,0.7891389820379494,0.18388929276351962,0.4297565880034984,105
0.0,synthetic_map_00099,105,57,5,0.7351788913792127,0.25366525346675756,0.42722118540778947,93
0.0,synthetic_map_00099,93,57,4,0.8596206629625351,0.13046182775991375,0.3192752223868558,81
0.0,synthetic_map_00099,81,57,3,0.7496064370153243,0.25098888334833447,0.3839523637140603,69
0.0,synthetic_map_00099,69,57,2,0.8932277013993454,0.08124495962051967,0.21902250517680627,57
0.0,synthetic_map_00100,54,50,15,0.7547835279666875,0.24572587257610734,0.4425647429100358,66
0.0,synthetic_map_00100,90,50,12,0.6216592940427097,0.3664992320153889,0.5463940323677458,89
0.0,synthetic_map_00100,88,50,10,0.7599642063654375,0.25791027539365974,0.4069503187572099,87
0.0,synthetic_map_00100,87,50,9,0.7622681719830061,0.21607409957080528,0.31379538721958905,75
0.0,synthetic_map_00100,75,50,8,0.6885178115712143,0.31913381250116823,0.5264173175965497,74
0.0,synthetic_map_00100,72,50,5,0.468673743253272,0.5434880675416176,0.6597688645843943,60
0.0,synthetic_map_00100,48,50,3,0.42943068876725177,0.5956819679800899,0.5660747136942386,49
0.0,synthetic_map_00100,49,50,2,0.5192699002193987,0.46814671781184114,0.6262901917984819,50
0.0,synthetic_map_00101,130,138,6,0.9892448389346217,0.02323172983750202,0.27039995067746875,129
0.0,synthetic_map_00101,129,138,5,0.9461992355124964,0.07869696871593612,0.23688379616949068,128
0.0,synthetic_map_00101,128,138,4,0.7848290231899929,0.23085351955815028,0.3759561765687399,127
0.0,synthetic_map_00101,127,138,3,0.7763514471176132,0.22091289494181757,0.3135139929175348,126
0.0,synthetic_map_00101,126,138,2,0.8644408748883222,0.1509155047714314,0.33424389714255015,138
0.0,synthetic_map_00102,90,57,7,0.7167376485495739,0.28744308473849906,0.48978181410199095,78
0.0,synthetic_map_00102,78,57,6,0.6901316488214027,0.28760663765774264,0.4611407420325792,79
0.0,synthetic_map_00102,79,57,5,0.7377401031622876,0.235061955966387,0.43905920271220156,80
0.0,synthetic_map_00102,80,57,4,0.6685838541272726,0.3385301182928256,0.48915834667439284,68
0.0,synthetic_map_00102,68,57,3,0.7957768843522417,0.20992925231892998,0.3603483214334655,56
0.0,synthetic_map_00102,56,57,2,0.6436686486591986,0.35716630649170283,0.39513493653731147,57
0.0,synthetic_map_00103,135,55,12,0.7039792737812918,0.2852045132603479,0.5033037884593893,123
0.0,synthetic_map_00103,123,55,11,0.899483361123409,0.11364149696254333,0.29836213612882784,124
0.0,synthetic_map_00103,125,55,9,0.7699128674860106,0.2516102914993581,0.4496815781530077,113
0.0,synthetic_map_00103,113,55,8,0.7928944136518833,0.2218547007084133,0.4302794112993845,101
0.0,synthetic_map_00103,101,55,7,0.8291627385715458,0.19751347870789596,0.31429453959929726,89
0.0,synthetic_map_00103,77,55,5,0.8682621956985934,0.10634293813140293,0.3501706613784966,78
0.0,synthetic_map_00103,78,55,4,0.7270287203294642,0.24617445205960892,0.35143279586258036,66
0.0,synthetic_map_00103,66,55,3,0.7406401384419273,0.24249736191507704,0.32751980621685034,54
0.0,synthetic_map_00104,2,25,4,0.3241298548819697,0.6853098164024495,0.8080199111826734,1
0.0,synthetic_map_00104,1,25,3,0.5161301478947963,0.4891733477640412,0.5799170156419929,13
0.0,synthetic_map_00104,13,25,2,0.8033540764313524,0.20665029725012657,0.3105604522880011,25
0.0,synthetic_map_00105,75,38,5,0.9230340398317239,0.08081687337357554,0.26693619886649816,74
0.0,synthetic_map_00105,74,38,4,0.7904153154267999,0.21055299326670832,0.36965053683802007,62
0.0,synthetic_map_00105,62,38,3,0.8162289940922596,0.2061657151970206,0.42217351729267566,50
0.0,synthetic_map_00105,50,38,2,0.7722004366456919,0.19810447566931047,0.4462727347262345,38
0.0,synthetic_map_00106,113,37,17,0.5770237426368244,0.40030511453454326,0.5677056519535894,125
0.0,synthetic_map_00106,125,37,16,0.5235666364222443,0.49038305141620353,0.567238194836624,124
0.0,synthetic_map_00106,124,37,15,0.6554253896286815,0.3428538221650429,0.5217334377533369,136
0.0,synthetic_map_00106,136,37,14,0.4708878923843276,0.552342203190569,0.634738603741839,135
0.0,synthetic_map_00106,73,37,6,0.6988332762529164,0.3304973993943581,0.4925335747148982,61
0.0,synthetic_map_00106,62,37,4,0.8649010083947892,0.10574762295685486,0.27619991062416527,50
0.0,synthetic_map_00106,50,37,3,0.9108330813925847,0.08378626686714956,0.21609177565885018,38
0.0,synthetic_map_00106,38,37,2,0.6681433866817361,0.32428251453260004,0.516357928567142,37
0.0,synthetic_map_00107,52,109,11,0.6861564272802265,0.34357819334648393,0.4071983025623726,64
0.0,synthetic_map_00107,64,109,10,0.9009001169774407,0.10819300056221984,0.243418569804115,76
0.0,synthetic_map_00107,88,109,8,0.7370503605808645,0.2562075500667661,0.4319459455859365,100
0.0,synthetic_map_00107,112,109,6,0.7016878651799121,0.3079522280506709,0.48103063012968983,111
0.0,synthetic_map_00107,111,109,5,0.7585514127299303,0.22973058742817937,0.34077752816168516,123
0.0,synthetic_map_00107,123,109,4,0.7071574312417621,0.26443715917297017,0.4323506336644406,122
0.0,synthetic_map_00107,122,109,3,0.7912036018244221,0.20986189854735385,0.3735682767085319,121
0.0,synthetic_map_00107,121,109,2,0.6988554733965348,0.30090310912133456,0.46710465857892114,109
0.0,synthetic_map_00108,86,19,12,0.502560854656402,0.4871586172147301,0.5376538201345418,74
0.0,synthetic_map_00108,50,19,9,0.951901007251159,0.06555348719567383,0.2914867020601435,38
0.0,synthetic_map_00108,38,19,8,0.7160637995449566,0.2596067841602975,0.3700377450988023,39
0.0,synthetic_map_00108,39,19,7,0.8371414306183207,0.14506412048457,0.2949809500227045,27
0.0,synthetic_map_00108,27,19,6,0.8681925788374905,0.14857989470376098,0.24201912942483933,15
0.0,synthetic_map_00108,15,19,5,0.6652212254075067,0.3272100790236507,0.4561919303612526,16
0.0,synthetic_map_00108,17,19,3,0.8442957390578797,0.17998858547669713,0.38657130752652735,18
0.0,synthetic_map_00108,18,19,2,0.7515309247951446,0.25858011802716035,0.30842278107028065,19
0.0,synthetic_map_00109,44,83,9,0.745047815502535,0.23254900826588176,0.36863899279894086,56
0.0,synthetic_map_00109,56,83,8,0.7958711691769098,0.19488244179932968,0.33548560708737685,57
0.0,synthetic_map_00109,57,83,7,0.4910807987289017,0.48229955240069555,0.497570211023331,69
0.0,synthetic_map_00109,69,83,6,0.5695664448680622,0.439449154309547,0.5470580043811418,81
0.0,synthetic_map_00109,81,83,5,0.6238005598176837,0.3663844255215923,0.48469534883185406,93
0.0,synthetic_map_00109,93,83,4,0.8667714226109502,0.1159373339640215,0.21481037320182492,94
0.0,synthetic_map_00109,94,83,3,0.934930503706671,0.09205199068203831,0.22836400387691097,95
0.0,synthetic_map_00109,95,83,2,0.6217782669958524,0.40214736704565757,0.5349108166711041,83
0.0,synthetic_map_00110,33,78,8,0.8588252690346805,0.15000633476516806,0.23275900161263174,45
0.0,synthetic_map_00110,45,78,7,0.6192074950777453,0.3752611530957036,0.5255356742688054,57
0.0,synthetic_map_00110,57,78,6,0.8529343981171007,0.17308086164444184,0.3381262300591127,69
0.0,synthetic_map_00110,69,78,5,0.7441417756753796,0.259516983638605,0.3009663397931139,68
0.0,synthetic_map_00110,68,78,4,0.78559994579164,0.21190818965078806,0.4449016095463067,80
0.0,synthetic_map_00110,80,78,3,0.7330821741705764,0.2421407502906239,0.3617073904476454,79
0.0,synthetic_map_00110,79,78,2,0.6309134810044521,0.38259813964745903,0.45830835421798916,78
0.0,synthetic_map_00111,65,74,7,0.7544819651738953,0.22040247205368252,0.3637205927166955,64
0.0,synthetic_map_00111,64,74,6,0.7832142813181108,0.20791337213143574,0.42785212662432703,76
0.0,synthetic_map_00111,76,74,5,0.8155651416247901,0.17924669842740573,0.3544998615492594,88
0.0,synthetic_map_00111,88,74,4,0.9166401895268798,0.09447143336260254,0.3017444506885704,87
0.0,synthetic_map_00111,87,74,3,0.8665375038680397,0.1495320980221018,0.3320368826334994,86
0.0,synthetic_map_00111,86,74,2,0.6530505469691423,0.3731944398014154,0.48166147386226765,74
0.0,synthetic_map_00112,76,61,5,0.8991722017217265,0.07422712163471468,0.24774867003925696,75
0.0,synthetic_map_00112,75,61,4,0.9261679385633897,0.07580557117363615,0.23896548818638666,74
0.0,synthetic_map_00112,74,61,3,0.9816381246536157,0.0,0.1314830885629299,73
0.0,synthetic_map_00112,73,61,2,0.8575142309053353,0.11681273991053029,0.34287770634369463,61
0.0,synthetic_map_00113,1,95,18,0.48993016718994886,0.5195807817846572,0.6837760543831009,2
0.0,synthetic_map_00113,2,95,17,0.5926394841364855,0.4030586585807689,0.5664866984557897,3
0.0,synthetic_map_00113,15,95,15,0.9291629499514599,0.06966607621816198,0.2362726220587082,27
0.0,synthetic_map_00113,41,95,11,0.7218827836072181,0.28516883514392527,0.470873325656182,42
0.0,synthetic_map_00113,42,95,10,0.8101619549588317,0.18427307274672325,0.39228998072041016,54
0.0,synthetic_map_00113,66,95,8,0.45808564646902433,0.5460456866125092,0.6051249635581234,67
0.0,synthetic_map_00113,67,95,7,0.7910328736463802,0.19366815742963425,0.4151633375695699,79
0.0,synthetic_map_00113,79,95,6,0.7603948322985875,0.24934128082700718,0.3431278964792336,80
0.0,synthetic_map_00114,19,122,15,0.7744613955288948,0.24312793319825782,0.3774313309690075,18
0.0,synthetic_map_00114,18,122,14,0.9229995733099429,0.07178494808180741,0.267926370703582,30
0.0,synthetic_map_00114,42,122,12,0.8975081825895542,0.07461986421402728,0.23112142514717837,54
0.0,synthetic_map_00114,54,122,11,0.7516383808880858,0.22904655205656513,0.3848515119346956,66
0.0,synthetic_map_00114,78,122,9,0.7413832604848546,0.2578387630097715,0.3101679836982444,90
0.0,synthetic_map_00114,101,122,6,0.7722642391607095,0.20984065149006748,0.40667540577111305,100
0.0,synthetic_map_00114,100,122,5,0.8031213583155243,0.2088071376341414,0.4510714271402012,99
0.0,synthetic_map_00114,123,122,2,0.6544850766064214,0.3192641904795587,0.4829508319825977,122
0.0,synthetic_map_00115,22,60,17,0.8865552515680983,0.12289004794399055,0.2975660209359469,21
0.0,synthetic_map_00115,20,60,15,0.9518277860000549,0.0763814249773829,0.2945905155263503,19
0.0,synthetic_map_00115,6,60,12,0.6143834462500146,0.39708364475362384,0.4846980796534712,5
0.0,synthetic_map_00115,16,60,9,0.6807247545832336,0.31661772030838964,0.5169835235944946,15
0.0,synthetic_map_00115,15,60,8,0.6733877941744194,0.34423443180941543,0.43299157841375785,27
0.0,synthetic_map_00115,27,60,7,0.6227333946078732,0.3697924775578333,0.5174552590313541,26
0.0,synthetic_map_00115,25,60,5,0.5688119928656862,0.42009306361585175,0.4908159963548361,37
0.0,synthetic_map_00115,37,60,4,0.7562338587219061,0.25481850542165035,0.4025181967613137,49
0.0,synthetic_map_00116,138,53,9,0.5696757341087813,0.4098043045822657,0.5318030155713476,137
0.0,synthetic_map_00116,137,53,8,0.5986036062324485,0.43087887907527456,0.5426978898320214,125
0.0,synthetic_map_00116,125,53,7,0.7856062102018918,0.19709615591893637,0.33627983013323615,113
0.0,synthetic_map_00116,113,53,6,0.7393705996199181,0.23191143987400123,0.3391312294489338,101
0.0,synthetic_map_00116,101,53,5,0.8310456022779941,0.1447278446621989,0.3479024722704806,89
0.0,synthetic_map_00116,89,53,4,1.0,0.0,0.20739373458237106,77
0.0,synthetic_map_00116,77,53,3,1.0,0.0,0.15685063485488948,65
0.0,synthetic_map_00116,65,53,2,0.993038703456459,0.0,0.2666315623321944,53
0.0,synthetic_map_00117,73,122,6,0.9093401190659367,0.1117134276424558,0.36865277465470914,74
0.0,synthetic_map_00117,74,122,5,0.8664349249705432,0.1127185696286183,0.337822981076437,86
0.0,synthetic_map_00117,86,122,4,0.7230810674957803,0.2528699649057949,0.40689929379571066,98
0.0,synthetic_map_00117,98,122,3,0.7712342281761718,0.2326916163869491,0.3150393558213289,110
0.0,synthetic_map_00117,110,122,2,0.8500949566584332,0.1512524071197867,0.2910008853556054,122
0.0,synthetic_map_00118,136,107,11,0.5710485575597437,0.412482382697461,0.5050894551312939,137
0.0,synthetic_map_00118,137,107,10,0.6800456572899981,0.33819166272418033,0.4100164273685525,138
0.0,synthetic_map_00118,139,107,8,0.5831016484453618,0.4419893351001247,0.5623432716324309,140
0.0,synthetic_map_00118,140,107,7,0.5298679838183412,0.48559990189505525,0.47646927193298244,141
0.0,synthetic_map_00118,129,107,5,0.9296291048240001,0.09213503727956562,0.27014733455491813,117
0.0,synthetic_map_00118,117,107,4,0.7474197457724353,0.2561648241911838,0.30443360950433584,118
0.0,synthetic_map_00118,118,107,3,0.8945192735047803,0.08310581417191314,0.2811714720433298,106
0.0,synthetic_map_00118,106,107,2,0.8580281321141444,0.14238556844441275,0.21042095476128803,107
0.0,synthetic_map_00119,83,130,8,0.45996735403162425,0.5354881660978309,0.6370881019065969,82
0.0,synthetic_map_00119,82,130,7,0.5103842581258526,0.46887597129389635,0.6343934076680569,94
0.0,synthetic_map_00119,94,130,6,0.6461687895370523,0.38168679534751004,0.48116577736876476,106
0.0,synthetic_map_00119,106,130,5,0.6717102940244304,0.29889355021521996,0.5285811427368529,107
0.0,synthetic_map_00119,107,130,4,0.40980621842303566,0.5953464458819574,0.7169764698192782,119
0.0,synthetic_map_00119,119,130,3,0.5506380420296552,0.4535677281880895,0.6323564845271018,131
0.0,synthetic_map_00119,131,130,2,0.4304527423525807,0.5832204490684089,0.5976722831739861,130
0.0,synthetic_map_00120,41,115,9,0.6513312754595473,0.3409465418288399,0.52132318504204,53
0.0,synthetic_map_00120,53,115,8,0.6503482546018974,0.3623485084699749,0.47565460241467517,65
0.0,synthetic_map_00120,65,115,7,0.7710775399171709,0.22501128869084042,0.4181878366692605,77
0.0,synthetic_map_00120,77,115,6,0.7397742751751113,0.27062384809710094,0.3807077524041149,78
0.0,synthetic_map_00120,78,115,5,0.703323686829413,0.2895441346200838,0.40981772648375125,90
0.0,synthetic_map_00120,90,115,4,0.7217005800534966,0.2855500595642666,0.42531348233728095,102
0.0,synthetic_map_00120,102,115,3,0.76409995909793,0.24665420948284908,0.4177432648690828,114
0.0,synthetic_map_00120,114,115,2,0.9580261028597855,0.033279403980679884,0.13136303906585906,115
0.0,synthetic_map_00121,52,65,3,0.7616158054075421,0.2304540826552884,0.3723476849926054,64
0.0,synthetic_map_00121,64,65,2,0.7496459484700521,0.25616735691114767,0.4409772636256013,65
0.0,synthetic_map_00122,2,49,8,0.4811125633868163,0.5488723679721957,0.5651098877401379,14
0.0,synthetic_map_00122,14,49,7,0.6484561234100205,0.34653066324020454,0.44999610962641395,15
0.0,synthetic_map_00122,15,49,6,0.6794915128518872,0.3361528042057809,0.4160938110583548,27
0.0,synthetic_map_00122,27,49,5,0.6553657559084922,0.34920150310446313,0.40122417035024505,39
0.0,synthetic_map_00122,39,49,4,0.670352002220349,0.33481439703378035,0.46595074194124897,38
0.0,synthetic_map_00122,38,49,3,0.9132972388619681,0.08151010366216185,0.2575842260793861,37
0.0,synthetic_map_00122,37,49,2,0.848085471852812,0.1336803353413536,0.22786677813241402,49
0.0,synthetic_map_00123,56,5,10,0.6533172114150723,0.3451467390586903,0.5067710607757467,57
0.0,synthetic_map_00123,57,5,9,0.6724713435996702,0.31943444628272405,0.521731177353859,45
0.0,synthetic_map_00123,45,5,8,0.8737626873527119,0.09741358231735747,0.29334572775823886,33
0.0,synthetic_map_00123,33,5,7,0.86200021866437,0.14599183874845906,0.28170032725799643,32
0.0,synthetic_map_00123,31,5,5,0.793973263677937,0.20255377993791834,0.39575252792768373,19
0.0,synthetic_map_00123,19,5,4,0.9042470494585911,0.07050389979636681,0.3599813607922029,7
0.0,synthetic_map_00123,7,5,3,0.5276279830023392,0.44788687816951994,0.6295992570772069,6
0.0,synthetic_map_00123,6,5,2,0.572558919919417,0.4342077579995605,0.6035682528622045,5
0.0,synthetic_map_00124,93,84,14,0.5952604063334977,0.40071497774345055,0.4806901982674321,81
0.0,synthetic_map_00124,81,84,13,0.5440445717698812,0.4482092271318898,0.4795937803595969,80
0.0,synthetic_map_00124,79,84,11,0.7047252117127751,0.29637795958357815,0.5304225414160709,78
0.0,synthetic_map_00124,66,84,9,0.6845270022429752,0.30843317718088886,0.48477323626891167,65
0.0,synthetic_map_00124,65,84,8,0.7466503287176981,0.2600909726663694,0.4183122839129353,64
0.0,synthetic_map_00124,62,84,5,0.7777241283645177,0.2069439731761904,0.4350979517821086,61
0.0,synthetic_map_00124,61,84,4,0.8533565322344312,0.12463070002053495,0.32483225504790353,60
0.0,synthetic_map_00124,60,84,3,0.7248018039556414,0.29247343795339287,0.496566675968919,72
0.0,synthetic_map_00125,95,47,5,0.545645058155209,0.48179518834636725,0.6204115567092523,83
0.0,synthetic_map_00125,83,47,4,0.5273565713626848,0.47433700588158795,0.6085192315367556,71
0.0,synthetic_map_00125,71,47,3,0.6682778357202965,0.305253851088854,0.48269666696724545,59
0.0,synthetic_map_00125,59,47,2,0.6794140483098751,0.33675577987256233,0.46434968435193735,47
0.0,synthetic_map_00126,110,71,20,0.60993727490829,0.36915220003538646,0.41851845889273137,98
0.0,synthetic_map_00126,85,71,17,0.6683365583038993,0.350873499396161,0.48014862163802646,73
0.0,synthetic_map_00126,61,71,15,0.8034940238919775,0.18234620937961696,0.4517457744172543,62
0.0,synthetic_map_00126,62,71,14,0.9328864543647506,0.06241898412000661,0.314070453684019,63
0.0,synthetic_map_00126,63,71,13,0.9291971388362779,0.07481492700229844,0.36233515792694404,64
0.0,synthetic_map_00126,66,71,10,0.6719014780710058,0.3553150608902417,0.47093511559372603,67
0.0,synthetic_map_00126,55,71,8,0.7122065728393256,0.29485041798385375,0.45570265044609637,43
0.0,synthetic_map_00126,46,71,4,0.6987188216305251,0.3285833159830267,0.48321123761138285,58
0.0,synthetic_map_00127,68,53,5,0.8764406785950466,0.14467299722445626,0.3371415678494975,67
0.0,synthetic_map_00127,67,53,4,0.7762954491974171,0.23315625251767297,0.35527064942652065,66
0.0,synthetic_map_00127,66,53,3,0.8539014896987113,0.15075475925235493,0.22525585614996263,65
0.0,synthetic_map_00127,65,53,2,0.7561315094663759,0.22175685438796047,0.31675106820701077,53
0.0,synthetic_map_00128,15,84,14,0.6394546596028835,0.35552756983627115,0.49139027953173475,16
0.0,synthetic_map_00128,16,84,13,0.7849487539404318,0.18562116047826718,0.3795682082183921,17
0.0,synthetic_map_00128,29,84,11,0.7349714071044032,0.2569717679927687,0.4414994474725668,41
0.0,synthetic_map_00128,41,84,10,0.7883309211086419,0.20798356994558903,0.41141587372440414,53
0.0,synthetic_map_00128,53,84,9,0.8124277591806012,0.19433400995391875,0.45744024185298954,52
0.0,synthetic_map_00128,52,84,8,0.6510469883695104,0.358727500106827,0.5391166718748444,64
0.0,synthetic_map_00128,87,84,4,0.7568154333855334,0.2478936816480768,0.30660639872558737,86
0.0,synthetic_map_00128,86,84,3,0.8855064563423964,0.12431142314075341,0.3547155058500541,85
0.0,synthetic_map_00129,87,38,12,0.976989372974715,0.01686123530184322,0.16891681876623724,75
0.0,synthetic_map_00129,75,38,11,0.8611515800315956,0.1261370242795151,0.23358044092060387,76
0.0,synthetic_map_00129,77,38,9,0.8406695588092713,0.14479609965491677,0.3641367054830047,65
0.0,synthetic_map_00129,65,38,8,0.7444534959504504,0.23516938627730818,0.3919353382363314,66
0.0,synthetic_map_00129,66,38,7,0.843390049444836,0.1446128652700976,0.3617379624424815,54
0.0,synthetic_map_00129,54,38,6,0.8868196894115485,0.11253382885056569,0.24190174543683646,42
0.0,synthetic_map_00129,41,38,4,0.9297915990725193,0.07115976413351627,0.35716055868549823,40
0.0,synthetic_map_00129,40,38,3,0.666561175791245,0.33528002653294703,0.47249962602643936,39
0.0,synthetic_map_00130,52,41,3,0.9143799162204922,0.08267761537090049,0.33239318770182563,40
0.0,synthetic_map_00130,40,41,2,0.972057403784557,0.0,0.14449585118435468,41
0.0,synthetic_map_00131,125,79,7,0.6726611175371018,0.349387744975289,0.4897336170874952,113
0.0,synthetic_map_00131,113,79,6,0.8026381455767838,0.20200432619529546,0.3490182047623769,101
0.0,synthetic_map_00131,101,79,5,0.8163383540923241,0.19397596226795905,0.3619666342416523,89
0.0,synthetic_map_00131,89,79,4,0.7629823131034962,0.20988165854652377,0.3779670066608634,77
0.0,synthetic_map_00131,77,79,3,0.781766127413558,0.19460951741821106,0.30937566890070417,78
0.0,synthetic_map_00131,78,79,2,0.7938530684943904,0.1817188982169448,0.2987460725584132,79
0.0,synthetic_map_00132,39,111,7,0.8638095755373824,0.1589589632394785,0.2212576393174538,51
0.0,synthetic_map_00132,51,111,6,0.8863086319828803,0.1417996872911362,0.31470936297073815,63
0.0,synthetic_map_00132,63,111,5,0.7058143505080308,0.2697877914495557,0.31983202848398373,75
0.0,synthetic_map_00132,75,111,4,0.8465466702443722,0.1601371699074037,0.252076446843221,87
0.0,synthetic_map_00132,87,111,3,0.8474100955124051,0.14074310365687825,0.2245608798823266,99
0.0,synthetic_map_00132,99,111,2,0.8498985897514931,0.14048230331832123,0.3163087805526527,111
0.0,synthetic_map_00133,64,82,8,0.5207324779069515,0.46659506366684567,0.554841007178553,76
0.0,synthetic_map_00133,76,82,7,0.6862202967569352,0.3091665511070579,0.48299161862028367,77
0.0,synthetic_map_00133,77,82,6,0.8731184101085127,0.11470707568784819,0.29637783875098056,78
0.0,synthetic_map_00133,78,82,5,0.8826588923683659,0.10801598693132093,0.23437983004552204,79
0.0,synthetic_map_00133,79,82,4,0.8776909274242853,0.10788425387197939,0.22100556059165127,80
0.0,synthetic_map_00133,80,82,3,0.8927585800533181,0.13160042453249374,0.2790641001430854,81
0.0,synthetic_map_00133,81,82,2,0.7799953013067296,0.2416326980681126,0.396733980183241,82
0.0,synthetic_map_00134,19,78,9,0.5713546429679962,0.42226785055798355,0.5298063192988849,31
0.0,synthetic_map_00134,31,78,8,0.7451241506729546,0.2562863490256115,0.3994809981830987,43
0.0,synthetic_map_00134,43,78,7,0.7332346350706587,0.25890372132848677,0.38125056618464687,42
0.0,synthetic_map_00134,42,78,6,0.7675977889194326,0.2210729220561371,0.3793329392438183,54
0.0,synthetic_map_00134,54,78,5,0.7438981803129142,0.23107083384936414,0.3899630405597985,53
0.0,synthetic_map_00134,53,78,4,0.6633905765469051,0.3185771050048116,0.4939607248460422,65
0.0,synthetic_map_00134,65,78,3,0.7545277794478242,0.2566493531471092,0.4313908335574391,77
0.0,synthetic_map_00134,77,78,2,0.8046693122482813,0.18981682039971154,0.3344907726730367,78
0.0,synthetic_map_00135,36,104,14,0.5523984965136178,0.43516305498672286,0.5442899348163163,48
0.0,synthetic_map_00135,48,104,13,0.41187648617444744,0.5946724871085318,0.6763699651228953,60
0.0,synthetic_map_00135,85,104,9,0.9355900645996097,0.08995162217708084,0.36237952032213844,86
0.0,synthetic_map_00135,87,104,7,0.7623953853333465,0.22797459177917095,0.3547391577779373,88
0.0,synthetic_map_00135,88,104,6,0.7783349320933276,0.19567922074572222,0.4268537747011425,89
0.0,synthetic_map_00135,89,104,5,0.8979471502042444,0.08287516829936523,0.3099345611837623,90
0.0,synthetic_map_00135,91,104,3,0.8235793594294374,0.18655922136232578,0.3411655766494961,103
0.0,synthetic_map_00135,103,104,2,0.7440313359433692,0.24891224262621436,0.36200415571588823,104
0.0,synthetic_map_00136,90,22,11,0.803856443010778,0.2086219020100464,0.4439506110339398,78
0.0,synthetic_map_00136,66,22,9,0.908589168816765,0.10955705421445058,0.21628649285311674,54
0.0,synthetic_map_00136,54,22,8,0.8498085245920394,0.15072124355695266,0.2535152049237448,42
0.0,synthetic_map_00136,42,22,7,0.9341979918762399,0.09474939087572662,0.3194679055385158,43
0.0,synthetic_map_00136,44,22,5,0.8528648927707833,0.12059714384826037,0.3005740070774235,45
0.0,synthetic_map_00136,45,22,4,0.8908598505007266,0.09976912020337998,0.27134785550526347,46
0.0,synthetic_map_00136,46,22,3,0.8866593732478961,0.09262347490785519,0.3484454284762386,34
0.0,synthetic_map_00136,34,22,2,0.9400808049611037,0.08929742250833209,0.32601184558834817,22
0.0,synthetic_map_00137,30,125,12,0.9520282043806279,0.06850723641805134,0.2883927821567787,42
0.0,synthetic_map_00137,42,125,11,0.8517689981608894,0.13533061259230203,0.2864765022764236,43
0.0,synthetic_map_00137,43,125,10,0.7452079161197097,0.2448685969433099,0.303704312887821,55
0.0,synthetic_map_00137,91,125,6,0.9195449006212147,0.09143637414118254,0.22069735847992167,90
0.0,synthetic_map_00137,90,125,5,0.7294058179741518,0.2715564481885049,0.38447002426451415,102
0.0,synthetic_map_00137,102,125,4,0.9457701811685418,0.07005093055326236,0.29963088109634994,101
0.0,synthetic_map_00137,101,125,3,0.69238997579597,0.3236268430532944,0.40802680539311487,113
0.0,synthetic_map_00137,113,125,2,0.9382506471700959,0.08449635939572289,0.23714026083972561,125
0.0,synthetic_map_00138,111,47,17,0.6945434534979731,0.31486647845607824,0.5197621625064845,112
0.0,synthetic_map_00138,112,47,16,0.692238720530114,0.3218869357901167,0.40708712497533744,113
0.0,synthetic_map_00138,89,47,13,0.7760970419641956,0.21355086956468122,0.39454123035360295,77
0.0,synthetic_map_00138,78,47,11,0.7966732917850494,0.1957999047244135,0.38892926705183684,66
0.0,synthetic_map_00138,66,47,10,0.7232686758871243,0.2603501097155479,0.3934356005808353,67
0.0,synthetic_map_00138,67,47,9,0.9029207663598048,0.1082258791123421,0.22358457175508734,68
0.0,synthetic_map_00138,68,47,8,0.9003213103911312,0.09813375571498811,0.23638891610192,56
0.0,synthetic_map_00138,44,47,6,0.657722659079392,0.3271885662947731,0.42927561377698015,45
0.0,synthetic_map_00139,33,103,9,0.8493186493527792,0.13039538199161593,0.27828702153941165,45
0.0,synthetic_map_00139,45,103,8,0.8004618745485544,0.18273107911875702,0.44569890542503204,57
0.0,synthetic_map_00139,57,103,7,0.7438449296240417,0.26959106668909183,0.3976443515886714,56
0.0,synthetic_map_00139,56,103,6,0.8414818310962333,0.15742400706466625,0.29775747527661095,55
0.0,synthetic_map_00139,55,103,5,0.7543462945852909,0.23606416948027942,0.34002273274252476,67
0.0,synthetic_map_00139,67,103,4,0.8643643484631307,0.13710577166313961,0.3350712679608176,79
0.0,synthetic_map_00139,79,103,3,0.9215132857683297,0.07398569089145374,0.3166226523567628,91
0.0,synthetic_map_00139,91,103,2,0.8252270783061244,0.16085137023347418,0.33224592722336577,103
0.0,synthetic_map_00140,50,75,4,0.7114764847639864,0.2625226418249917,0.44908390431458317,62
0.0,synthetic_map_00140,62,75,3,0.9773503139727894,0.0,0.13836374332132712,74
0.0,synthetic_map_00140,74,75,2,1.0,6.034717289968988e-05,0.25518966959927053,75
0.0,synthetic_map_00141,139,131,6,0.4302804183327923,0.5429108808331231,0.6622387068987291,140
0.0,synthetic_map_00141,140,131,5,0.4478914094096574,0.565361037079942,0.5842656534550746,128
0.0,synthetic_map_00141,128,131,4,0.5626822451997092,0.46109725322871176,0.48826468801713946,129
0.0,synthetic_map_00141,129,131,3,0.6184662512055957,0.37847845313651995,0.4248336614254362,130
0.0,synthetic_map_00141,130,131,2,0.6486802355128414,0.344438217109238,0.3931696247534977,131
0.0,synthetic_map_00142,23,44,6,0.6900408412266531,0.28854426203126093,0.4582375843331775,22
0.0,synthetic_map_00142,22,44,5,0.9009038671532299,0.12113081144007193,0.2909040848707727,21
0.0,synthetic_map_00142,21,44,4,0.7703266760917454,0.23480919766270758,0.4146134300555386,33
0.0,synthetic_map_00142,33,44,3,0.8375082887856931,0.15144602972141286,0.2761600056250465,45
0.0,synthetic_map_00142,45,44,2,0.6295877529267951,0.3443541002787438,0.4638111759949236,44
0.0,synthetic_map_00143,118,18,13,0.9360880231224948,0.0793314585453076,0.33795102914970243,106
0.0,synthetic_map_00143,94,18,11,0.8922809596693567,0.09350160477395023,0.3076817445279245,82
0.0,synthetic_map_00143,81,18,9,0.8080869649300804,0.1739104550868319,0.3092245461656352,80
0.0,synthetic_map_00143,79,18,7,0.8326017766548992,0.1549208326605364,0.32278156209554565,67
0.0,synthetic_map_00143,67,18,6,0.7718533804632602,0.2062988374117376,0.39793164754912913,55
0.0,synthetic_map_00143,55,18,5,0.6380253722254061,0.333048721399689,0.4438164171736607,43
0.0,synthetic_map_00143,43,18,4,0.7493882334953227,0.24852231524662985,0.3923107887100926,31
0.0,synthetic_map_00143,31,18,3,0.8310238303059817,0.1879267173030404,0.4127716011262311,30
0.0,synthetic_map_00144,129,27,15,0.6830703605407659,0.31142604427741777,0.5151687876860714,117
0.0,synthetic_map_00144,116,27,13,0.7382420691089893,0.24397795013117757,0.4064799836806249,115
0.0,synthetic_map_00144,115,27,12,0.9033570978923902,0.09713210738400033,0.2555523886854383,114
0.0,synthetic_map_00144,113,27,10,0.8231972931760057,0.1841750104137073,0.3385805144854712,101
0.0,synthetic_map_00144,99,27,7,0.9125975236412679,0.11297919927053184,0.36554103574686564,87
0.0,synthetic_map_00144,87,27,6,0.8858990491968809,0.13452378507132523,0.25203156640981517,75
0.0,synthetic_map_00144,63,27,4,0.718655388214316,0.30193007658302295,0.41217845814076715,51
0.0,synthetic_map_00144,51,27,3,0.5640690970718997,0.4653908719529083,0.5960071289566843,39
0.0,synthetic_map_00145,63,104,11,0.7261977023918352,0.2994415309883005,0.4366861229490181,51
0.0,synthetic_map_00145,51,104,10,0.6839604470912988,0.3169859999715556,0.4890576367225753,52
0.0,synthetic_map_00145,52,104,9,0.8026561334932079,0.22699804069190677,0.3390793837606516,53
0.0,synthetic_map_00145,65,104,7,0.7877054711554298,0.2041392437454385,0.4317698914626144,66
0.0,synthetic_map_00145,66,104,6,0.8119683913239313,0.1808970262524433,0.36590002545983535,78
0.0,synthetic_map_00145,78,104,5,0.8024001193579852,0.18144061952669416,0.40279754396710554,79
0.0,synthetic_map_00145,79,104,4,0.7651817228294476,0.22732286525619644,0.3681726482000026,91
0.0,synthetic_map_00145,103,104,2,0.6698255022197322,0.34785885459777444,0.43236777798189824,104
0.0,synthetic_map_00146,93,20,8,0.706030014137941,0.29772292576199544,0.5421224574071665,81
0.0,synthetic_map_00146,81,20,7,0.534410975422334,0.455128932705458,0.4796392133288455,69
0.0,synthetic_map_00146,69,20,6,0.6707190288771081,0.3429738518889393,0.5280913530041844,57
0.0,synthetic_map_00146,57,20,5,0.5559590763850831,0.45703879727709584,0.6105138576702782,56
0.0,synthetic_map_00146,56,20,4,0.6714695778588347,0.32873801408472314,0.42079583777430013,44
0.0,synthetic_map_00146,44,20,3,0.7748108772432674,0.2374139678945597,0.32038746521036593,32
0.0,synthetic_map_00146,32,20,2,0.804549134949142,0.22397851019093915,0.36718251770629284,20
0.0,synthetic_map_00147,108,98,4,0.406980900667182,0.5899425647966761,0.7065227668613702,96
0.0,synthetic_map_00147,96,98,3,0.6119940587093566,0.4075899849264293,0.5479214355372063,97
0.0,synthetic_map_00147,97,98,2,0.8735666663151673,0.12540611216132766,0.3268350442475247,98
0.0,synthetic_map_00148,69,22,6,0.5397784009129193,0.4685863743751732,0.6131453944925543,70
0.0,synthetic_map_00148,70,22,5,0.5136642815798512,0.510005736088893,0.6548823834556847,58
0.0,synthetic_map_00148,58,22,4,0.5934948480490759,0.37702785432082286,0.3975522163520418,46
0.0,synthetic_map_00148,46,22,3,0.6465962933558582,0.3618050318160586,0.5323485059129159,34
0.0,synthetic_map_00148,34,22,2,0.9117392874398176,0.11119132563546988,0.25691287345099945,22
0.0,synthetic_map_00149,110,112,11,0.42955803188591984,0.5974808910560512,0.6324004603041615,109
0.0,synthetic_map_00149,108,112,9,0.5138796794518126,0.46753001040220943,0.5143451103325403,96
0.0,synthetic_map_00149,96,112,8,0.5271275751121393,0.4516640581371058,0.6061974710274958,84
0.0,synthetic_map_00149,84,112,7,0.35182933691313684,0.6351840311911499,0.655049318815829,85
0.0,synthetic_map_00149,85,112,6,0.5491482272975293,0.4417739501935201,0.5827436313989215,86
0.0,synthetic_map_00149,86,112,5,0.7154592850465342,0.3010468880723785,0.389809229530842,87
0.0,synthetic_map_00149,87,112,4,0.7881890126933707,0.2387001062154614,0.36620080150853823,99
0.0,synthetic_map_00149,100,112,2,0.6416290779541658,0.3583478578246708,0.4883386580892413,112
0.0,synthetic_map_00150,61,9,18,0.6608013985551956,0.3600162260647245,0.40307616338892177,60
0.0,synthetic_map_00150,25,9,13,0.9885909820982466,0.0,0.1409324534707923,26
0.0,synthetic_map_00150,26,9,12,0.8507463147344033,0.12751727745815855,0.3535846815399937,27
0.0,synthetic_map_00150,28,9,10,0.6273960260055504,0.37639074684013296,0.514247921216263,40
0.0,synthetic_map_00150,41,9,8,0.752810917471058,0.2715992177966743,0.44186275504527844,42
0.0,synthetic_map_00150,42,9,7,0.6813974840481462,0.3131578149928108,0.3883437361180295,30
0.0,synthetic_map_00150,30,9,6,0.7084210800610268,0.2849843414827905,0.4240356849089534,18
0.0,synthetic_map_00150,18,9,5,0.7699837840581026,0.23003522617322578,0.3511162515514694,6
0.0,synthetic_map_00151,123,140,7,0.965041248848511,0.02027650935324965,0.18438871872716855,124
0.0,synthetic_map_00151,124,140,6,0.9061617807286723,0.0775239367090393,0.35797704175747674,125
0.0,synthetic_map_00151,125,140,5,0.7292497043321212,0.2599770098050939,0.3336838219306844,126
0.0,synthetic_map_00151,126,140,4,0.8433517396603534,0.1726910141845792,0.3686097497516114,138
0.0,synthetic_map_00151,138,140,3,0.5861582943131113,0.42725560016522396,0.5718134633395684,139
0.0,synthetic_map_00151,139,140,2,0.6724876752865883,0.3550729679106394,0.4808611581699962,140
0.0,synthetic_map_00152,88,5,11,0.7196729716398916,0.2558111847070913,0.31919400285483734,76
0.0,synthetic_map_00152,76,5,10,0.6315443235626066,0.34664284248804694,0.4670329614043057,77
0.0,synthetic_map_00152,77,5,9,0.7435554722554019,0.26106955167436285,0.33018521972676673,65
0.0,synthetic_map_00152,65,5,8,0.6481660891129664,0.38008445221343223,0.5034894552339573,53
0.0,synthetic_map_00152,52,5,6,0.6117675495518904,0.36342696868489943,0.48984306765905444,40
0.0,synthetic_map_00152,40,5,5,0.8358198354256599,0.188910953181911,0.35562247151365206,28
0.0,synthetic_map_00152,28,5,4,0.694011123526763,0.3125563189090359,0.4808688423497959,29
0.0,synthetic_map_00152,29,5,3,0.6941103148486871,0.320217330944325,0.5018151628818139,17
0.0,synthetic_map_00153,18,82,10,0.6208859274229794,0.3542840491041146,0.4163007535093777,30
0.0,synthetic_map_00153,30,82,9,0.5538962952685177,0.47066067158080793,0.5459657385549672,42
0.0,synthetic_map_00153,42,82,8,0.6283793264928987,0.35058353523655744,0.4385810732368562,54
0.0,synthetic_map_00153,54,82,7,0.647698406761008,0.35741319209749084,0.5374705109028758,66
0.0,synthetic_map_00153,66,82,6,0.896547952648685,0.11884965794652663,0.2512309753272993,78
0.0,synthetic_map_00153,78,82,5,0.8468201838416467,0.1364764042887695,0.27973584023438147,79
0.0,synthetic_map_00153,80,82,3,0.7921716746176327,0.20368390980251289,0.30873756477313674,81
0.0,synthetic_map_00153,81,82,2,0.7062911624292415,0.26483058947712135,0.41027960068464187,82
0.0,synthetic_map_00154,72,58,15,0.7141414816971562,0.3018337232845459,0.468520654655592,60
0.0,synthetic_map_00154,60,58,14,0.5512809512289875,0.45557476813722625,0.6257910108848117,61
0.0,synthetic_map_00154,62,58,12,0.6618078128225285,0.3632874806406387,0.48097997011856064,63
0.0,synthetic_map_00154,63,58,11,0.6398532610492524,0.37410800763700536,0.46093157762485754,64
0.0,synthetic_map_00154,76,58,9,0.7942996837701559,0.22922799121322335,0.36287197462592213,77
0.0,synthetic_map_00154,54,58,5,0.5145989042742657,0.46919759878084766,0.5347560741781104,55
0.0,synthetic_map_00154,55,58,4,0.7436066317233233,0.22935092354129655,0.4107208074283427,56
0.0,synthetic_map_00154,57,58,2,0.6046029842726979,0.3829688488959339,0.5071810274930832,58
0.0,synthetic_map_00155,65,71,9,0.6558076237878441,0.34752839703435656,0.3997142705546285,53
0.0,synthetic_map_00155,53,71,8,0.7784280700983948,0.22716738833700997,0.3017781397551664,54
0.0,synthetic_map_00155,54,71,7,0.7108408762950553,0.2665221580719965,0.3595867084691488,55
0.0,synthetic_map_00155,55,71,6,0.6779739268574804,0.33889654948594594,0.5131518656276195,67
0.0,synthetic_map_00155,67,71,5,0.573907111515125,0.4540609955596479,0.5447637029875513,68
0.0,synthetic_map_00155,68,71,4,0.6508336914417384,0.3445142751938545,0.39447319923322277,69
0.0,synthetic_map_00155,69,71,3,0.681285283100877,0.33895708377207046,0.5302744907071867,70
0.0,synthetic_map_00155,70,71,2,0.8433538789338355,0.1604654181124794,0.24102717217481234,71
0.0,synthetic_map_00156,17,27,4,0.9755721483473777,0.0,0.18442355316587072,16
0.0,synthetic_map_00156,16,27,3,0.9135332159762342,0.10674712754851146,0.32807993212594616,15
0.0,synthetic_map_00156,15,27,2,0.8581009595104364,0.1472129940558074,0.33529882331290467,27
0.0,synthetic_map_00157,131,81,9,0.6233920848553621,0.3955718031395996,0.5646343418451027,130
0.0,synthetic_map_00157,130,81,8,0.7180417078541902,0.29831243162062,0.40552610057173066,118
0.0,synthetic_map_00157,118,81,7,0.5845099058440908,0.40781486604829065,0.5910584493009113,117
0.0,synthetic_map_00157,117,81,6,0.6650088510011825,0.3196306853548527,0.41901693831737863,116
0.0,synthetic_map_00157,116,81,5,0.6849742919038497,0.29401463928083044,0.40811285084831117,104
0.0,synthetic_map_00157,104,81,4,0.7678100893721042,0.24218235173913671,0.44910981744153616,92
0.0,synthetic_map_00157,92,81,3,0.7485157811504664,0.2507323017115152,0.33186117571638973,80
0.0,synthetic_map_00157,80,81,2,0.7412744493625811,0.2612138757022882,0.40540727050082,81
0.0,synthetic_map_00158,95,43,9,0.53017101231247,0.4472494577835909,0.5228331416532038,94
0.0,synthetic_map_00158,94,43,8,0.7579018048086706,0.21450587762050552,0.3267652854905177,82
0.0,synthetic_map_00158,82,43,7,0.6797215674030442,0.34068151540066777,0.45414963816470366,81
0.0,synthetic_map_00158,81,43,6,0.8919290509083905,0.11777308896407539,0.3110740401134544,80
0.0,synthetic_map_00158,80,43,5,0.6118940134424475,0.36177478053830103,0.5176790841349757,68
0.0,synthetic_map_00158,68,43,4,0.8862410459472803,0.11232183195363296,0.3418318396205831,67
0.0,synthetic_map_00158,67,43,3,0.9104334322635023,0.09063923811191912,0.2908050778486592,55
0.0,synthetic_map_00158,55,43,2,0.9985129248484255,0.0,0.2165529554522333,43
0.0,synthetic_map_00159,14,21,10,0.6964345286604047,0.3140483132984796,0.39041828782773036,26
0.0,synthetic_map_00159,27,21,8,0.8026290517754755,0.20044443621857586,0.43640553781326946,28
0.0,synthetic_map_00159,28,21,7,0.7136796675893178,0.2898145841583418,0.48811412718417857,29
0.0,synthetic_map_00159,29,21,6,0.8091936448298265,0.20790280046166976,0.37950594757859074,30
0.0,synthetic_map_00159,30,21,5,0.9324133288912441,0.09370088894889084,0.293639361507238,18
0.0,synthetic_map_00159,18,21,4,0.8148252049487776,0.1944012464463913,0.3386482102410683,19
0.0,synthetic_map_00159,19,21,3,0.8551811671289773,0.11725282811149779,0.2174312606221364,20
0.0,synthetic_map_00159,20,21,2,0.9396602403808266,0.09021560127041338,0.21855755071824445,21
0.0,synthetic_map_00160,43,49,12,0.7772743429710302,0.22893106243625472,0.3356471818404685,55
0.0,synthetic_map_00160,67,49,10,0.7735290428431524,0.23009452805891667,0.45228774869179367,79
0.0,synthetic_map_00160,79,49,9,0.9140412988838202,0.09304414969702654,0.22723425902690025,78
0.0,synthetic_map_00160,78,49,8,0.6350479339216825,0.33532693195469976,0.3873572618475444,77
0.0,synthetic_map_00160,77,49,7,0.6589911573638694,0.3266273271936178,0.39217335595237973,76
0.0,synthetic_map_00160,75,49,5,0.9026184919814527,0.11608479709280237,0.3011492909489059,74
0.0,synthetic_map_00160,74,49,4,0.8500620657282376,0.14786197969717368,0.28245825855360296,73
0.0,synthetic_map_00160,61,49,2,0.8869533780468664,0.1317317523752606,0.3541164257853754,49
0.0,synthetic_map_00161,64,89,4,0.6577635652015905,0.3416246920189935,0.42912899295331436,76
0.0,synthetic_map_00161,76,89,3,0.821274276651158,0.19598600527414067,0.3570706203026157,88
0.0,synthetic_map_00161,88,89,2,0.5387199342088931,0.47747850578830514,0.58528109338236,89
0.0,synthetic_map_00162,104,33,12,0.6598591116765328,0.33301422772141465,0.5209401788406358,92
0.0,synthetic_map_00162,92,33,11,0.9044841482713507,0.07734425029751478,0.29826758639118744,80
0.0,synthetic_map_00162,80,33,10,0.7881742761556112,0.23696315811042845,0.36690967142239655,68
0.0,synthetic_map_00162,67,33,8,0.9172339672538327,0.07973582272362673,0.28002444860782044,66
0.0,synthetic_map_00162,66,33,7,0.8546532289499422,0.1596776052220778,0.2964941002651087,54
0.0,synthetic_map_00162,30,33,4,1.0,0.0,0.24319664392264012,31
0.0,synthetic_map_00162,31,33,3,0.8347336167309568,0.13568511732580169,0.3625460061242652,32
0.0,synthetic_map_00162,32,33,2,0.7157883984658774,0.2719933606204944,0.3494284421411815,33
0.0,synthetic_map_00163,114,31,11,0.820709189495575,0.1766913842515626,0.35257541296014866,102
0.0,synthetic_map_00163,102,31,10,0.7526966711054064,0.2668320448996974,0.3870617311083978,90
0.0,synthetic_map_00163,90,31,9,0.7896424941854061,0.21391924418089797,0.4545294969136843,89
0.0,synthetic_map_00163,77,31,7,0.727201259693665,0.24775298090729697,0.4361578132006325,65
0.0,synthetic_map_00163,65,31,6,0.6773579151656057,0.30061678652478424,0.3945719259650867,53
0.0,synthetic_map_00163,53,31,5,0.7845256978451928,0.2331652299934833,0.39887703651101314,41
0.0,synthetic_map_00163,41,31,4,0.8880581018595987,0.13598344295474502,0.2723179846292189,29
0.0,synthetic_map_00163,30,31,2,0.6090165589089149,0.40594967027483625,0.5852828441233,31
0.0,synthetic_map_00164,139,26,15,0.40493457897601864,0.5702798691309986,0.593798996517911,127
0.0,synthetic_map_00164,127,26,14,0.6448407276622117,0.35460078161879366,0.4570717160684049,115
0.0,synthetic_map_00164,114,26,12,0.829245789538989,0.1899012628223305,0.42928908661633636,102
0.0,synthetic_map_00164,101,26,10,0.6756109360233048,0.34764261538202595,0.40907331849801476,89
0.0,synthetic_map_00164,64,26,6,0.7334724617734771,0.24011669227243287,0.3208457752817703,52
0.0,synthetic_map_00164,52,26,5,0.6984361447484385,0.2978080523217309,0.539669894351664,51
0.0,synthetic_map_00164,39,26,3,0.8811665227800227,0.11755561517256305,0.2551787372908407,38
0.0,synthetic_map_00164,38,26,2,0.8645458464588562,0.1581451920009151,0.31808982044213713,26
0.0,synthetic_map_00165,43,53,4,0.9558593066360912,0.043218187612423103,0.12806586060124578,42
0.0,synthetic_map_00165,42,53,3,1.0,0.0,0.21184305307109558,41
0.0,synthetic_map_00165,41,53,2,0.9810440527428079,0.04187023045863028,0.27253020867574795,53
0.0,synthetic_map_00166,128,84,16,0.6401007081602883,0.3705448905528874,0.5009315375925089,116
0.0,synthetic_map_00166,104,84,14,0.5769159371617287,0.4309196092198035,0.524985415327107,92
0.0,synthetic_map_00166,92,84,13,0.7565513454845886,0.21454297909249795,0.32734266862105554,91
0.0,synthetic_map_00166,91,84,12,0.9255025202898777,0.07676402971624778,0.26510449830032984,90
0.0,synthetic_map_00166,90,84,11,0.7576703988948256,0.22508293826261874,0.3158511704907303,78
0.0,synthetic_map_00166,65,84,8,0.809526942080138,0.20900409466865755,0.4448742119520039,64
0.0,synthetic_map_00166,63,84,6,0.8877447219858665,0.1085564878501706,0.36190157564799263,62
0.0,synthetic_map_00166,61,84,4,0.9634402884886129,0.021759766640215117,0.27394018443079593,60
0.0,synthetic_map_00167,49,33,15,0.8836380964448359,0.09627456675825552,0.3138823251626945,37
0.0,synthetic_map_00167,26,33,12,0.9688126109459418,0.010915892385434167,0.22871415389622313,27
0.0,synthetic_map_00167,15,33,10,0.7576439722849573,0.24410934228296904,0.39452809974335934,3
0.0,synthetic_map_00167,17,33,6,0.671784736055837,0.35726458761408375,0.516649688538406,18
0.0,synthetic_map_00167,18,33,5,0.8867794490392541,0.08874890954061397,0.2861219201006231,19
0.0,synthetic_map_00167,19,33,4,0.8327089504990279,0.14429651158183054,0.2470156434999966,31
0.0,synthetic_map_00167,31,33,3,0.742408385690242,0.2451563334224106,0.42806341211173415,32
0.0,synthetic_map_00167,32,33,2,0.9996811695513017,0.0,0.15898239410261217,33
0.0,synthetic_map_00168,64,55,5,0.7958735056849973,0.19619726823398692,0.36548151701108555,52
0.0,synthetic_map_00168,52,55,4,0.7141915746193219,0.3071975490632511,0.5070216821527238,53
0.0,synthetic_map_00168,53,55,3,0.7790124170287633,0.1916945473334321,0.335780428786671,54
0.0,synthetic_map_00168,54,55,2,0.9169588504519915,0.07807282607569657,0.3272057016885327,55
0.0,synthetic_map_00169,107,27,15,0.39031279702889476,0.6020199590215108,0.7223401110357389,95
0.0,synthetic_map_00169,81,27,11,0.7654366941246394,0.22878032355765895,0.3770128112682923,80
0.0,synthetic_map_00169,56,27,8,0.7360384230383391,0.23784679871898276,0.40896619198387113,55
0.0,synthetic_map_00169,54,27,6,0.77619275161715,0.24477041150502646,0.3121340441522594,53
0.0,synthetic_map_00169,53,27,5,0.8791790278272092,0.1354492624289405,0.335769749459702,52
0.0,synthetic_map_00169,52,27,4,0.9241369091305277,0.09470862818708478,0.24681329539031097,51
0.0,synthetic_map_00169,51,27,3,0.9713270127913142,0.0,0.2683874954381022,39
0.0,synthetic_map_00169,39,27,2,0.8933067283562902,0.10482715482155733,0.2560008845807328,27
0.0,synthetic_map_00170,102,24,13,0.6024813982515438,0.3776018282850466,0.5261339573423754,90
0.0,synthetic_map_00170,90,24,12,0.7025552113517312,0.3259315652832908,0.5037798287984301,89
0.0,synthetic_map_00170,89,24,11,0.7854366091072564,0.23600403466825842,0.3585513598918745,88
0.0,synthetic_map_00170,88,24,10,0.6400002108271491,0.34257561949204823,0.5283023421196154,87
0.0,synthetic_map_00170,87,24,9,0.776157886715566,0.23794794952025053,0.44792458821144215,86
0.0,synthetic_map_00170,86,24,8,0.8112288445034469,0.1860354121044206,0.4142783532682332,74
0.0,synthetic_map_00170,73,24,6,0.7964102967108044,0.1812808308117211,0.3382756224657555,61
0.0,synthetic_map_00170,48,24,3,0.4253510078094684,0.549863397778042,0.6708513466394065,36
0.0,synthetic_map_00171,94,73,13,0.9339007569028961,0.0866142147161199,0.36170426517141796,93
0.0,synthetic_map_00171,93,73,12,0.8108806799975568,0.18947883346424998,0.3836771296525058,105
0.0,synthetic_map_00171,103,73,9,0.7520249604867564,0.2694148334660663,0.34882431149723103,102
0.0,synthetic_map_00171,101,73,7,0.859694538624845,0.12340887595699152,0.30089871584423583,100
0.0,synthetic_map_00171,100,73,6,0.7924483762963648,0.21159155224416182,0.37511434817251654,88
0.0,synthetic_map_00171,88,73,5,0.753241037684776,0.2514206040723421,0.45668947374308344,87
0.0,synthetic_map_00171,87,73,4,0.7923080856612273,0.23595227314752923,0.44213589151663524,86
0.0,synthetic_map_00171,86,73,3,0.8937637923769003,0.13154585488449777,0.31548394282221376,85
0.0,synthetic_map_00172,22,82,10,0.7475207781538991,0.23069516618085537,0.4196302189668552,34
0.0,synthetic_map_00172,34,82,9,0.520397319071525,0.4933597927013288,0.5902302513444286,33
0.0,synthetic_map_00172,32,82,7,0.8802474330239686,0.1310786214651187,0.33311538813007635,44
0.0,synthetic_map_00172,44,82,6,0.8644220216270851,0.13794097880577902,0.23240863958838062,56
0.0,synthetic_map_00172,56,82,5,0.7462263004982351,0.24994467451256847,0.32638753453427644,68
0.0,synthetic_map_00172,68,82,4,0.8128383205665092,0.19580499400907095,0.35434255076558097,80
0.0,synthetic_map_00172,80,82,3,0.6690903881836759,0.30321947986373016,0.47293042165393706,81
0.0,synthetic_map_00172,81,82,2,0.8481125889416818,0.17807763685754316,0.36817759470898065,82
0.0,synthetic_map_00173,124,61,9,0.8917305154767539,0.12316031258016964,0.23422399395868582,112
0.0,synthetic_map_00173,112,61,8,0.8825360385226374,0.12248376912643487,0.22641803696931126,111
0.0,synthetic_map_00173,111,61,7,0.7795952844280207,0.23434574554162163,0.38676541599264014,99
0.0,synthetic_map_00173,99,61,6,0.8876605228819988,0.13031934851666716,0.2786349164153983,98
0.0,synthetic_map_00173,98,61,5,0.791587211894793,0.22073014043769043,0.4488321044278229,86
0.0,synthetic_map_00173,86,61,4,0.8538942012817189,0.1759330584022953,0.33915818400119957,74
0.0,synthetic_map_00173,74,61,3,0.8433362193642661,0.15468693446734771,0.3157071835763036,62
0.0,synthetic_map_00173,62,61,2,0.7728630168927625,0.20718178779724972,0.30318249641234324,61
0.0,synthetic_map_00174,89,131,10,1.0,0.0,0.16745824573092993,101
0.0,synthetic_map_00174,101,131,9,1.0,0.011401573726469806,0.19788593267047078,113
0.0,synthetic_map_00174,114,131,7,0.9027116902450629,0.10121402243003877,0.30743940194961344,115
0.0,synthetic_map_00174,115,131,6,0.8022888938730569,0.17810202220165572,0.35573519159016265,116
0.0,synthetic_map_00174,116,131,5,0.6654497491823456,0.32293869916845463,0.4750290603241635,117
0.0,synthetic_map_00174,117,131,4,0.8223416499221154,0.18188722796451925,0.339606010897165,118
0.0,synthetic_map_00174,118,131,3,0.8843699859206335,0.12939771873152844,0.28396658173351247,130
0.0,synthetic_map_00174,130,131,2,0.6639397231051761,0.3063234931189431,0.4675486846397683,131
0.0,synthetic_map_00175,124,10,17,0.7905665844495019,0.18148555581329956,0.42903625215535535,125
0.0,synthetic_map_00175,125,10,16,0.6565911289379285,0.3180160178367457,0.5206562069271012,113
0.0,synthetic_map_00175,101,10,14,0.5765341217801621,0.39765662916518224,0.5120555566820871,89
0.0,synthetic_map_00175,67,10,9,0.917380356209404,0.07703800419527858,0.23013679946686072,55
0.0,synthetic_map_00175,43,10,7,1.0,0.0,0.251834598530172,31
0.0,synthetic_map_00175,7,10,4,0.5629076425493402,0.4460928196757794,0.598102644525604,8
0.0,synthetic_map_00175,8,10,3,0.6546797124278321,0.3317504145583094,0.3895416298580757,9
0.0,synthetic_map_00175,9,10,2,0.6477953138980815,0.3704526920680171,0.44627410289445957,10
0.0,synthetic_map_00176,34,139,13,0.8918910559633306,0.08080191252509658,0.23325507693665803,46
0.0,synthetic_map_00176,58,139,11,0.8132907021661192,0.19529479668415767,0.39176235504995327,70
0.0,synthetic_map_00176,82,139,9,0.7464635078847724,0.25371946653705185,0.3621023771694603,94
0.0,synthetic_map_00176,94,139,8,0.7016456714902309,0.3164203366683901,0.447177134245006,106
0.0,synthetic_map_00176,118,139,6,0.6083780137920947,0.3813664809517935,0.5119692945687666,117
0.0,synthetic_map_00176,129,139,4,0.7491870241444128,0.24101790259230138,0.3917143334980355,128
0.0,synthetic_map_00176,128,139,3,0.6361683669788953,0.35333239370020064,0.39094420126189267,140
0.0,synthetic_map_00176,140,139,2,0.5953387516148683,0.4337134266283373,0.4958553385331623,139
0.0,synthetic_map_00177,80,2,13,0.9551753768390879,0.02230030596895209,0.13932422938299957,79
0.0,synthetic_map_00177,77,2,10,0.9193151378554046,0.07663730905039894,0.30212995753121596,76
0.0,synthetic_map_00177,75,2,8,0.8102502085013245,0.18693463078085493,0.38794236822614664,63
0.0,synthetic_map_00177,63,2,7,0.7847316570134241,0.2306285170864475,0.38205533123080127,51
0.0,synthetic_map_00177,39,2,5,0.6435559751080009,0.3414795574845858,0.5280022983443293,27
0.0,synthetic_map_00177,27,2,4,0.7667151093167968,0.2306871440852448,0.3801710013274185,26
0.0,synthetic_map_00177,26,2,3,0.7337009029529948,0.2546618646181506,0.3248957566093261,14
0.0,synthetic_map_00177,14,2,2,0.7496900793461263,0.23943011158573976,0.31655897015347484,2
0.0,synthetic_map_00178,6,21,5,0.5671047911883098,0.43128377619935965,0.5158930464510684,18
0.0,synthetic_map_00178,18,21,4,0.9200719704009646,0.06193008047788181,0.2399476573211663,19
0.0,synthetic_map_00178,19,21,3,0.9810635578937509,0.0,0.1789762065689114,20
0.0,synthetic_map_00178,20,21,2,0.9708865025039318,0.0,0.13783189331766504,21
0.0,synthetic_map_00179,70,39,12,0.4737519691598942,0.520715867331125,0.6399950738011742,58
0.0,synthetic_map_00179,46,39,10,0.8061553896523994,0.20391610449935266,0.4288843504284685,45
0.0,synthetic_map_00179,45,39,9,0.7983991977863646,0.2016557942275632,0.3688060826859767,33
0.0,synthetic_map_00179,33,39,8,0.7835314197623436,0.19869299922591688,0.37341845578485444,32
0.0,synthetic_map_00179,32,39,7,0.6959008684870591,0.3109235979713916,0.4151548800202209,31
0.0,synthetic_map_00179,30,39,5,0.7375225951333828,0.28901442842366537,0.4835081598175123,29
0.0,synthetic_map_00179,29,39,4,0.7835287132756312,0.20959830028235465,0.36912621272666785,28
0.0,synthetic_map_00179,28,39,3,0.8236755385347171,0.2052614214840251,0.30467116862996285,40
0.0,synthetic_map_00180,105,3,17,0.6483109342300646,0.35594362464804563,0.43820998325745497,93
0.0,synthetic_map_00180,66,3,11,0.9033977916168514,0.11005651824968792,0.34557314631237507,65
0.0,synthetic_map_00180,65,3,10,0.7973152702374116,0.17390340715722694,0.4526687147395083,64
0.0,synthetic_map_00180,63,3,8,0.7945191677878882,0.20054592533774485,0.43274648453609,51
0.0,synthetic_map_00180,39,3,6,0.6163300830729425,0.3659408238854039,0.47242522346188964,38
0.0,synthetic_map_00180,38,3,5,0.9240075637842003,0.06849548959000093,0.2599743585987442,26
0.0,synthetic_map_00180,26,3,4,0.7308648536194312,0.24370234701925858,0.4023551440419672,14
0.0,synthetic_map_00180,14,3,3,0.6760018549775528,0.3255452770632978,0.4164296650146041,2
0.0,synthetic_map_00181,50,54,5,0.7985494412193097,0.19127530761463982,0.43661828762643373,51
0.0,synthetic_map_00181,51,54,4,0.7492707488847509,0.24266926620866097,0.317924841515909,52
0.0,synthetic_map_00181,52,54,3,0.9167726556952586,0.10333933004539643,0.2945818428549257,53
0.0,synthetic_map_00181,53,54,2,0.9108438189687369,0.11775578441332304,0.36062611654103427,54
0.0,synthetic_map_00182,138,80,8,0.4865140594898603,0.5201023260749743,0.6859556467128096,126
0.0,synthetic_map_00182,126,80,7,0.7520039486256511,0.26236477532355323,0.43271638310478167,114
0.0,synthetic_map_00182,114,80,6,0.8844115533102064,0.13886012882969961,0.3158176449646315,102
0.0,synthetic_map_00182,102,80,5,0.9234253070328057,0.08590103752155467,0.2778165659496753,90
0.0,synthetic_map_00182,90,80,4,0.7739937824575158,0.23346208737038782,0.43817670542591086,78
0.0,synthetic_map_00182,78,80,3,0.5376979978030448,0.47332957585938995,0.5885920297329855,79
0.0,synthetic_map_00182,79,80,2,0.6642874423552435,0.35044414409744484,0.5256348061861558,80
0.0,synthetic_map_00183,113,97,6,0.9412869562154719,0.08079866163770778,0.3071319940036684,112
0.0,synthetic_map_00183,112,97,5,0.8760459791871317,0.10474394437152824,0.2490180283419119,111
0.0,synthetic_map_00183,111,97,4,0.7658801259490762,0.24067157688986648,0.42254911014231805,110
0.0,synthetic_map_00183,110,97,3,0.8702275712201242,0.11429735731400363,0.2610034648964761,109
0.0,synthetic_map_00183,109,97,2,0.8831239515214439,0.1384185850935457,0.32254559461727905,97
0.0,synthetic_map_00184,69,19,7,0.7445349464152988,0.2597928389278338,0.4154675473235452,57
0.0,synthetic_map_00184,57,19,6,0.6080008619459555,0.36930531287352514,0.4513819663766247,56
0.0,synthetic_map_00184,56,19,5,0.7501240955912729,0.2643586238758153,0.39124096673388903,55
0.0,synthetic_map_00184,55,19,4,0.7641554782447283,0.23437024168233245,0.3662499624119785,43
0.0,synthetic_map_00184,43,19,3,0.9243474436697174,0.07692706268967103,0.3017814769441362,31
0.0,synthetic_map_00184,31,19,2,1.0,0.0,0.1498431938324456,19
0.0,synthetic_map_00185,109,0,11,0.8207702528314519,0.20235147970942466,0.43144044255586106,97
0.0,synthetic_map_00185,85,0,9,0.6488290825234448,0.361768142145121,0.504028265445858,73
0.0,synthetic_map_00185,73,0,8,0.8174726421983177,0.1824043893263191,0.44811708882140316,61
0.0,synthetic_map_00185,49,0,6,0.7329268101014289,0.2609765778239202,0.38023378972942123,37
0.0,synthetic_map_00185,37,0,5,0.8523811021844148,0.14606466483608754,0.3462023398789019,36
0.0,synthetic_map_00185,36,0,4,0.5787850343641987,0.445714323140108,0.5406700513534393,24
0.0,synthetic_map_00185,24,0,3,0.6837067824968746,0.29486184119964176,0.4470821062300804,12
0.0,synthetic_map_00185,12,0,2,0.6659782092744082,0.34123023390629953,0.40105099079344014,0
0.0,synthetic_map_00186,124,21,17,0.6731559055249944,0.33146311288182856,0.39321953693547146,112
0.0,synthetic_map_00186,112,21,16,0.737628769710728,0.25065237371424326,0.32779019498736206,100
0.0,synthetic_map_00186,66,21,10,0.7019988338958437,0.28949617918297654,0.4769229494375539,54
0.0,synthetic_map_00186,54,21,9,0.6881374338939679,0.3117286486092297,0.4368765729739986,42
0.0,synthetic_map_00186,42,21,8,0.6844475108574728,0.3040767445137331,0.5174762113963287,30
0.0,synthetic_map_00186,30,21,7,0.8105442992118932,0.2126866659500457,0.41579704518492994,18
0.0,synthetic_map_00186,19,21,5,0.7126290794777629,0.2623126119884301,0.40835841788746124,7
0.0,synthetic_map_00186,8,21,3,0.571517027035874,0.4202185895466331,0.5264115167850408,9
0.0,synthetic_map_00187,40,119,16,0.6712357161722305,0.32194661722919043,0.538863478364931,41
0.0,synthetic_map_00187,54,119,13,0.7760831537224003,0.21100069656906495,0.3533841023117572,66
0.0,synthetic_map_00187,66,119,12,0.636462730719171,0.36365484497543243,0.5233564164402147,67
0.0,synthetic_map_00187,67,119,11,0.6163860955628313,0.37513449987337183,0.5103686601095583,79
0.0,synthetic_map_00187,70,119,6,0.8139944988217811,0.21395661508092617,0.36096920363802204,71
0.0,synthetic_map_00187,71,119,5,0.5799507520731695,0.4054180760536403,0.48186533915421337,83
0.0,synthetic_map_00187,95,119,3,0.4342585763539949,0.5567626162017382,0.5796917361199346,107
0.0,synthetic_map_00187,107,119,2,0.43720911521252837,0.5725200970269068,0.721643986295961,119
0.0,synthetic_map_00188,97,92,13,0.5402085922836595,0.4469643011572826,0.5016903760855623,109
0.0,synthetic_map_00188,122,92,10,0.6791178830176443,0.30317885503155295,0.5218100659122089,123
0.0,synthetic_map_00188,112,92,7,0.8979961585761088,0.09320896719954144,0.3459746135855723,100
0.0,synthetic_map_00188,100,92,6,0.7842558744989823,0.19230737076193072,0.3326383230649627,101
0.0,synthetic_map_00188,101,92,5,0.76058632212623,0.23689086457280115,0.2986899630255361,89
0.0,synthetic_map_00188,89,92,4,0.8510114244141145,0.15048768393299655,0.34616615678796575,90
0.0,synthetic_map_00188,90,92,3,0.9865899899974034,0.0,0.25586407708901854,91
0.0,synthetic_map_00188,91,92,2,0.9151722979758559,0.06908602797911531,0.2638347948731353,92
0.0,synthetic_map_00189,14,58,12,0.8908240102067142,0.1316231889406528,0.3173562350447511,26
0.0,synthetic_map_00189,26,58,11,0.7532317655719707,0.257817116684883,0.3359922186047589,27
0.0,synthetic_map_00189,39,58,9,0.756272992963912,0.27187619279277875,0.3688176690248729,51
0.0,synthetic_map_00189,51,58,8,0.7991321156810506,0.21165197251091286,0.44473761565333736,52
0.0,synthetic_map_00189,53,58,6,0.9507763495187518,0.0766656789718618,0.22591394674859022,54
0.0,synthetic_map_00189,54,58,5,0.6719336444058357,0.31757291081333483,0.3940162504724123,55
0.0,synthetic_map_00189,56,58,3,0.6404864119041597,0.3640682354261654,0.5155055674345428,57
0.0,synthetic_map_00189,57,58,2,0.7452717811601439,0.23003172795698895,0.3912942701997608,58
0.0,synthetic_map_00190,8,102,13,0.4104129356042573,0.5723683496788783,0.7201218897333027,9
0.0,synthetic_map_00190,9,102,12,0.5763489491613024,0.44308406783398185,0.5696426498907862,21
0.0,synthetic_map_00190,21,102,11,0.8705782283069308,0.10818188882823848,0.2927104887155131,33
0.0,synthetic_map_00190,32,102,9,0.8404193964342453,0.15892342146196597,0.2792499594989127,31
0.0,synthetic_map_00190,31,102,8,0.8872380066413753,0.10518804333712586,0.21332614119269525,30
0.0,synthetic_map_00190,42,102,6,0.9585130480343772,0.018494718275146566,0.21777588083645166,54
0.0,synthetic_map_00190,54,102,5,0.9441285610160267,0.08200488350916182,0.3357069051947975,66
0.0,synthetic_map_00190,66,102,4,0.601140681382555,0.37131585586580906,0.41559938488492304,78
0.0,synthetic_map_00191,80,137,11,0.8738284667111145,0.10339952539073458,0.2409165728543733,92
0.0,synthetic_map_00191,92,137,10,1.0,0.0,0.24935773645092135,104
0.0,synthetic_map_00191,104,137,9,0.7814911217761087,0.20885533645206794,0.37426678597579377,105
0.0,synthetic_map_00191,105,137,8,0.8996250939497781,0.07946347718880667,0.3584344250436225,117
0.0,synthetic_map_00191,129,137,6,0.9474208238103023,0.06749221051910573,0.22115013317346777,128
0.0,synthetic_map_00191,128,137,5,0.7590154940217219,0.2112204919312612,0.4364508569400092,127
0.0,synthetic_map_00191,139,137,3,0.5683758578128557,0.45185723911402687,0.5836492755666614,138
0.0,synthetic_map_00191,138,137,2,0.5303771612394459,0.4852965059276524,0.5538070972101485,137
0.0,synthetic_map_00192,127,5,13,0.8792998218593358,0.10875987029862334,0.20938975162537576,115
0.0,synthetic_map_00192,103,5,11,0.6961271354417756,0.3148431097572121,0.4785016788638509,102
0.0,synthetic_map_00192,102,5,10,0.7718564438342693,0.25315328528014247,0.44273500012876116,90
0.0,synthetic_map_00192,90,5,9,0.7897922290258829,0.1811384110332387,0.3705003295767796,78
0.0,synthetic_map_00192,66,5,7,0.7923274341519736,0.2223101264578243,0.3961191966199815,54
0.0,synthetic_map_00192,42,5,5,0.6898817089542385,0.2998561363914693,0.43937558498098583,30
0.0,synthetic_map_00192,30,5,4,0.5635124820436868,0.4210286630663431,0.6160288676381228,18
0.0,synthetic_map_00192,18,5,3,0.7147499665162693,0.27192943987915535,0.36333577076783724,17
0.0,synthetic_map_00193,142,1,21,0.5767768973432794,0.4084640880572558,0.4934261530531695,130
0.0,synthetic_map_00193,130,1,20,0.8289807485370152,0.14134423668903845,0.2939941978289285,129
0.0,synthetic_map_00193,117,1,18,0.7709625822857302,0.19921737854693664,0.39203251907551956,105
0.0,synthetic_map_00193,93,1,16,0.7991358562795134,0.17848591938164732,0.37327571723502423,92
0.0,synthetic_map_00193,68,1,13,0.7385075938713943,0.23197420048286096,0.3243320505419939,56
0.0,synthetic_map_00193,56,1,12,0.5141652320844963,0.47127403398099377,0.5063400461786194,55
0.0,synthetic_map_00193,15,1,4,0.893380532971392,0.09768457100144454,0.2525283103087814,14
0.0,synthetic_map_00193,13,1,2,0.7659992774883084,0.20406865725257187,0.3149493732808452,1
0.0,synthetic_map_00194,12,71,18,0.615488003646365,0.4014526328379251,0.6137306204360811,24
0.0,synthetic_map_00194,24,71,17,0.45631384681115905,0.5157102531507554,0.6663211087593804,36
0.0,synthetic_map_00194,48,71,15,0.4702592737073104,0.5225356963120842,0.5878197341748157,49
0.0,synthetic_map_00194,51,71,12,0.7332612303063368,0.24233857404050332,0.3782546572133654,52
0.0,synthetic_map_00194,53,71,10,0.8822060191742251,0.10467063036315309,0.3480918749895333,54
0.0,synthetic_map_00194,43,71,7,0.8791213250452247,0.11375936847652172,0.29348176621206623,44
0.0,synthetic_map_00194,57,71,4,0.654426482203502,0.35542810776803246,0.5332815600886367,58
0.0,synthetic_map_00194,58,71,3,0.7390289679487387,0.23116263991113875,0.4223940558573639,59
0.0,synthetic_map_00195,121,82,14,0.5991609636002441,0.3730001593453347,0.420234008466777,109
0.0,synthetic_map_00195,110,82,12,0.8877984919824001,0.11422332984264186,0.21658085855779544,111
0.0,synthetic_map_00195,113,82,9,0.7759882975492214,0.23514627920562503,0.3523362325634998,114
0.0,synthetic_map_00195,114,82,8,0.6246297621391051,0.36211403359593164,0.4176239408547459,102
0.0,synthetic_map_00195,102,82,7,0.8955280199417092,0.09223775871410989,0.27929507651196767,90
0.0,synthetic_map_00195,90,82,6,0.8291858026864766,0.1550047406711093,0.24556604411350957,91
0.0,synthetic_map_00195,92,82,4,0.7319592027831584,0.23852578006933087,0.432628511352769,93
0.0,synthetic_map_00195,93,82,3,0.7160534233909187,0.2845904298862081,0.48197299556638806,81
0.0,synthetic_map_00196,126,58,13,0.695466852689293,0.2974368992014213,0.4093523364402958,138
0.0,synthetic_map_00196,139,58,11,0.5236812376252518,0.4615244374932538,0.5844324886513586,140
0.0,synthetic_map_00196,140,58,10,0.5556211498788816,0.41709305884715336,0.5081834968742022,128
0.0,synthetic_map_00196,118,58,6,0.7761275951659204,0.2394586441714489,0.34376007637817907,106
0.0,synthetic_map_00196,106,58,5,0.7655607701928119,0.24907676847763993,0.3528041237066271,94
0.0,synthetic_map_00196,94,58,4,0.7924361635246513,0.18613054129139478,0.3156339850145744,82
0.0,synthetic_map_00196,82,58,3,0.99099051992848,0.027282652523103898,0.1750182913667809,70
0.0,synthetic_map_00196,70,58,2,0.9375295466867724,0.0834478338899244,0.26153113235712905,58
0.0,synthetic_map_00197,19,12,14,0.7239626632542486,0.2518482284330289,0.4384926679665754,18
0.0,synthetic_map_00197,18,12,13,0.7817690913924312,0.23790873205294444,0.32136325788739006,30
0.0,synthetic_map_00197,30,12,12,0.6947630472729245,0.3136919301040424,0.4254179143642991,42
0.0,synthetic_map_00197,42,12,11,0.6668717230771422,0.3527988879447127,0.4661926420946729,54
0.0,synthetic_map_00197,54,12,10,0.601891951676951,0.37722291351411,0.41706531429253096,53
0.0,synthetic_map_00197,53,12,9,0.7672214229252883,0.2392286458926296,0.35825906335079266,52
0.0,synthetic_map_00197,40,12,7,0.5186821803075916,0.4603278796671175,0.6260946190863276,39
0.0,synthetic_map_00197,37,12,4,0.6983350143460101,0.3177608123385827,0.43876971557001454,25
0.0,synthetic_map_00198,86,141,14,0.695674817658916,0.2920827323564118,0.4323457255851133,74
0.0,synthetic_map_00198,75,141,12,0.632128896586537,0.3828272645768942,0.4215254812114709,76
0.0,synthetic_map_00198,89,141,9,0.8206990072186817,0.20752239236040088,0.44922649643218837,101
0.0,synthetic_map_00198,101,141,8,0.6525628350549166,0.34233864393581603,0.4606093656220879,113
0.0,synthetic_map_00198,125,141,6,0.9005364501066199,0.08430605120636125,0.2764696440806371,137
0.0,synthetic_map_00198,138,141,4,0.6545646542370934,0.3690621244915403,0.5199576160655087,139
0.0,synthetic_map_00198,139,141,3,0.6723911916503802,0.34043775553589645,0.5052053902499881,140
0.0,synthetic_map_00198,140,141,2,0.6840383487762309,0.30350699588174335,0.417216962826117,141
0.0,synthetic_map_00199,142,139,14,0.6720244666399582,0.3358445132345089,0.4322660788128867,130
0.0,synthetic_map_00199,118,139,12,0.8555467964219254,0.13693498945295424,0.22015216018404643,106
0.0,synthetic_map_00199,106,139,11,0.9194577009040282,0.10142088325920853,0.23068342692496352,105
0.0,synthetic_map_00199,105,139,10,0.7760159407924547,0.23418888252939676,0.33701439242902276,104
0.0,synthetic_map_00199,102,139,7,0.9058621010380773,0.07882874566636709,0.29160129756482495,114
0.0,synthetic_map_00199,114,139,6,0.5958077290430286,0.38298237448220185,0.5248209467381842,113
0.0,synthetic_map_00199,113,139,5,0.7999020153373336,0.2295942934626719,0.4288781057117289,125
0.0,synthetic_map_00199,125,139,4,0.8423946772218631,0.18325010384849083,0.3995247019857774,137
0.0,synthetic_map_00200,112,139,10,0.592505290750043,0.4240299858299286,0.6012780667421933,100
0.0,synthetic_map_00200,100,139,9,0.6644825400433054,0.3159059707219425,0.39852190826074524,88
0.0,synthetic_map_00200,88,139,8,0.9253628632666723,0.0901667072859147,0.29680550035987,89
0.0,synthetic_map_00200,89,139,7,0.7848527401688032,0.2087747231970054,0.41156474299364315,90
0.0,synthetic_map_00200,102,139,5,0.5530240496382802,0.43423645782476283,0.5218278406540571,114
0.0,synthetic_map_00200,114,139,4,0.5169521296219166,0.4931879689000157,0.5796834635280175,126
0.0,synthetic_map_00200,126,139,3,0.6789946027926533,0.3234257381234699,0.41831853399166147,138
0.0,synthetic_map_00200,138,139,2,0.5669009533192763,0.4392274240799204,0.5451005570538767,139
0.0,synthetic_map_00201,104,23,11,0.6314968909752163,0.37260304937783173,0.44011008584114936,92
0.0,synthetic_map_00201,80,23,9,0.7455235076629675,0.23063370938505218,0.3005962294158611,68
0.0,synthetic_map_00201,68,23,8,0.6539586174817666,0.34725141281546396,0.3933068780720587,69
0.0,synthetic_map_00201,69,23,7,0.6043043176362053,0.38032441674294654,0.4587279162817729,57
0.0,synthetic_map_00201,57,23,6,0.922576811768785,0.07163804464618526,0.27659721022495254,45
0.0,synthetic_map_00201,45,23,5,0.8114999836696348,0.203378018356283,0.37746852252548324,46
0.0,synthetic_map_00201,46,23,4,0.9190456199865541,0.10747795711203868,0.28339816958614894,47
0.0,synthetic_map_00201,47,23,3,0.521425048277698,0.4800601404148554,0.6042185615137917,35
0.0,synthetic_map_00202,18,78,8,0.9030928143487867,0.10829657796689832,0.34792686459767086,30
0.0,synthetic_map_00202,30,78,7,1.0,0.0,0.1419862885797163,42
0.0,synthetic_map_00202,42,78,6,0.9886761157564069,0.021018792651706794,0.21744475928996004,54
0.0,synthetic_map_00202,54,78,5,0.8955987010296727,0.12668083328045698,0.30690726215687925,55
0.0,synthetic_map_00202,55,78,4,0.7780284662081134,0.19250492757287277,0.31427311792644685,67
0.0,synthetic_map_00202,67,78,3,0.6293803261480585,0.34488232863681767,0.4975259914937084,79
0.0,synthetic_map_00202,79,78,2,0.4925258324083214,0.4886876776944963,0.4854716712052802,78
0.0,synthetic_map_00203,120,54,13,0.721002084326696,0.2899282320009371,0.39334811496484845,108
0.0,synthetic_map_00203,108,54,12,0.6420666762629688,0.33559711135046394,0.42747421284176235,96
0.0,synthetic_map_00203,97,54,10,0.8376828938942206,0.18037524420205292,0.32513120657999733,85
0.0,synthetic_map_00203,85,54,9,0.7444377552326693,0.2847663004335511,0.49412736663606865,73
0.0,synthetic_map_00203,73,54,8,0.5225485589659772,0.4675568364763518,0.5177053236704714,61
0.0,synthetic_map_00203,61,54,7,0.7838266698216346,0.24614923932610958,0.40874521985312,49
0.0,synthetic_map_00203,49,54,6,0.7035761507855136,0.2960057868711157,0.4364478930849233,50
0.0,synthetic_map_00203,53,54,2,0.9142728857049732,0.08454109489541428,0.21302924541816007,54
0.0,synthetic_map_00204,48,76,9,0.4779292235049579,0.4924685066924232,0.5610613353864169,49
0.0,synthetic_map_00204,49,76,8,0.940366570536138,0.08481826537132728,0.2228462756798131,50
0.0,synthetic_map_00204,50,76,7,0.6565488649000487,0.3289467788362444,0.4545425087108137,38
0.0,synthetic_map_00204,38,76,6,0.9038530241756875,0.08313668355819297,0.27037842682539603,39
0.0,synthetic_map_00204,39,76,5,0.8910733572825076,0.08616869963059885,0.2114658420529288,40
0.0,synthetic_map_00204,40,76,4,0.7683859301835562,0.25404784607066644,0.3733589897657832,52
0.0,synthetic_map_00204,52,76,3,0.669034351338175,0.3472492323940156,0.5315126812110079,64
0.0,synthetic_map_00204,64,76,2,0.7112476666497298,0.31461750959142704,0.5313196241682033,76
0.0,synthetic_map_00205,10,130,19,0.6017267932146948,0.3966196920406792,0.5706270407355026,22
0.0,synthetic_map_00205,21,130,17,0.6659826615770484,0.3114000937627879,0.4202210307080857,20
0.0,synthetic_map_00205,54,130,11,0.8831629023357336,0.09163441898287525,0.2304001302002236,66
0.0,synthetic_map_00205,66,130,10,0.781826826301467,0.19994557195765233,0.35658193549120976,78
0.0,synthetic_map_00205,90,130,8,0.6470357317274383,0.3359978739160762,0.4190380438495088,102
0.0,synthetic_map_00205,114,130,6,0.5572515908573237,0.43059764335160716,0.564500753849241,126
0.0,synthetic_map_00205,127,130,4,0.880150826536656,0.10404279568982305,0.24933068577369552,128
0.0,synthetic_map_00205,128,130,3,0.872866987860057,0.15665185817035684,0.2891530736928461,129
0.0,synthetic_map_00206,11,24,20,0.40885577798422246,0.5918149675725297,0.6675749167286779,10
0.0,synthetic_map_00206,21,24,17,0.8041252976295169,0.17878041993823168,0.33827626939255206,33
0.0,synthetic_map_00206,32,24,15,0.7666557016804499,0.21886370081068865,0.3972211580772895,44
0.0,synthetic_map_00206,44,24,14,0.7550457280505056,0.21696554609537327,0.36468529401838,43
0.0,synthetic_map_00206,43,24,13,0.9189030446650871,0.07831527959917392,0.30337916864806574,42
0.0,synthetic_map_00206,29,24,10,0.8138076514703632,0.20957139775493278,0.43749327880951555,28
0.0,synthetic_map_00206,15,24,7,0.5395558012185737,0.45619525737424405,0.5050372612306246,14
0.0,synthetic_map_00206,14,24,6,0.5667248631219157,0.44469460638611846,0.6180745028581167,2
0.0,synthetic_map_00207,1,23,16,0.5714654175325049,0.4388487922411128,0.5490890733795252,13
0.0,synthetic_map_00207,13,23,15,0.7650125505910206,0.2057384769608651,0.4299863282499027,14
0.0,synthetic_map_00207,15,23,13,0.7347924402639463,0.2721603880805553,0.3633268279212425,27
0.0,synthetic_map_00207,40,23,10,0.8026752877378044,0.17658631105554734,0.32138357583806554,41
0.0,synthetic_map_00207,41,23,9,0.725253234155524,0.2685614625545128,0.4038203847240132,42
0.0,synthetic_map_00207,42,23,8,0.835772051760584,0.150684127116172,0.352130681992048,30
0.0,synthetic_map_00207,31,23,6,0.9048391776685787,0.11312642268327336,0.34106726865434117,32
0.0,synthetic_map_00207,34,23,3,0.4972430342736573,0.491888954756175,0.6015809681608472,35
0.0,synthetic_map_00208,67,83,6,1.0,0.0,0.1535597135596494,79
0.0,synthetic_map_00208,79,83,5,1.0,0.0,0.2391292783301055,80
0.0,synthetic_map_00208,80,83,4,0.9200337252890759,0.1045052601954102,0.2709806011041247,81
0.0,synthetic_map_00208,81,83,3,0.8917469713373278,0.08954884184216758,0.26268435601953954,82
0.0,synthetic_map_00208,82,83,2,0.8558471916497904,0.14216220045670985,0.33820952233885254,83
0.0,synthetic_map_00209,82,134,14,0.6118216584456845,0.39819595505489813,0.5654146420957773,94
0.0,synthetic_map_00209,94,134,13,0.7298068964222519,0.24540945489816823,0.3345328222903875,106
0.0,synthetic_map_00209,106,134,12,0.6327623266117364,0.34664292709354716,0.5335079463078164,105
0.0,synthetic_map_00209,103,134,9,0.8759536044270102,0.11786857469411217,0.24412272073381291,115
0.0,synthetic_map_00209,114,134,7,0.7458718946776393,0.24504273595790765,0.4315564744585564,113
0.0,synthetic_map_00209,112,134,5,0.8172749869118769,0.16043586908002566,0.21194365052415093,111
0.0,synthetic_map_00209,110,134,3,0.9588850116170397,0.018583435773121063,0.24422909800638243,122
0.0,synthetic_map_00209,122,134,2,0.9992554272805975,0.023399875090675287,0.23560003163090587,134
0.0,synthetic_map_00210,61,109,7,0.7632004962007028,0.22207005536232471,0.3673297267396706,73
0.0,synthetic_map_00210,73,109,6,0.8767508761395019,0.14245994380186067,0.2824516373485742,85
0.0,synthetic_map_00210,85,109,5,0.7747294647732313,0.25216142553743454,0.34422404379848365,86
0.0,synthetic_map_00210,86,109,4,0.648242929842172,0.36949976201033546,0.4152293900727712,98
0.0,synthetic_map_00210,98,109,3,0.6692757934165032,0.35378509051347584,0.4739650799378826,110
0.0,synthetic_map_00210,110,109,2,0.7149894332202632,0.269568988530297,0.32033648784699736,109
0.0,synthetic_map_00211,11,131,13,0.4137478065384007,0.5879818235111328,0.7010830166939611,23
0.0,synthetic_map_00211,23,131,12,0.6129752963931691,0.37610599957276364,0.49928957718398226,35
0.0,synthetic_map_00211,35,131,11,0.6192464836208416,0.3591256841140682,0.4583941964174482,47
0.0,synthetic_map_00211,59,131,9,0.643183524423237,0.36928001367136537,0.5385589157281893,71
0.0,synthetic_map_00211,71,131,8,0.5326216120115891,0.4824000517644724,0.5677524010300953,70
0.0,synthetic_map_00211,70,131,7,0.780788920364435,0.20429232545501477,0.3067471498646175,82
0.0,synthetic_map_00211,82,131,6,0.8235835149829139,0.19140677884023105,0.402376804421708,94
0.0,synthetic_map_00211,119,131,2,0.503622582970712,0.48126571186937417,0.528414413062808,131
0.0,synthetic_map_00212,34,142,12,1.0,0.01565579376503813,0.16355653866700748,46
0.0,synthetic_map_00212,46,142,11,0.8174854901493623,0.1753248567579526,0.4376139880241596,45
0.0,synthetic_map_00212,45,142,10,0.7666372578555866,0.24096349728868294,0.3109756186488366,57
0.0,synthetic_map_00212,57,142,9,0.7794211984878001,0.20535987841299988,0.3475968334862868,69
0.0,synthetic_map_00212,81,142,7,0.8206443982645972,0.20652208893450585,0.4121135415493601,93
0.0,synthetic_map_00212,93,142,6,0.8350910197039665,0.18932532711465042,0.34499002231858256,105
0.0,synthetic_map_00212,117,142,4,1.0,0.0,0.1995496885852735,129
0.0,synthetic_map_00212,141,142,2,0.6804375941869298,0.34200213633295573,0.45489552107565295,142
0.0,synthetic_map_00213,34,0,13,0.6980174072091223,0.272035805370773,0.3268038993696203,33
0.0,synthetic_map_00213,33,0,12,0.7395330069256435,0.2601043086035549,0.309249033735163,32
0.0,synthetic_map_00213,32,0,11,0.9288253762945032,0.07533120429079737,0.3370864707141183,31
0.0,synthetic_map_00213,30,0,9,0.7981577807656927,0.20342129252752128,0.34750751361945575,29
0.0,synthetic_map_00213,29,0,8,0.7108179854858269,0.2877520710609799,0.4284881618886331,28
0.0,synthetic_map_00213,28,0,7,0.5974389620616266,0.3818093516304703,0.5415589584932097,27
0.0,synthetic_map_00213,27,0,6,0.8341213667310062,0.17669364210336197,0.3520460868464867,26
0.0,synthetic_map_00213,13,0,3,0.8757570705333194,0.11453922690382896,0.3619105392541116,12
0.0,synthetic_map_00214,63,138,12,0.49786355798553994,0.518595070796581,0.7041037174749211,51
0.0,synthetic_map_00214,52,138,10,0.8258589750726536,0.15647749418407236,0.243312250137503,53
0.0,synthetic_map_00214,53,138,9,0.6850407974617427,0.3092484641368085,0.5270703606706312,65
0.0,synthetic_map_00214,65,138,8,0.6077931996247312,0.40070675649428994,0.5612001390106022,66
0.0,synthetic_map_00214,78,138,6,0.6968297596826092,0.3088061642696322,0.5276069117056187,90
0.0,synthetic_map_00214,90,138,5,0.6801719931823317,0.30186717098539223,0.5085456281861919,102
0.0,synthetic_map_00214,102,138,4,0.7907111196560543,0.20424975472180795,0.33250011735653967,114
0.0,synthetic_map_00214,114,138,3,0.9491573097275013,0.06153671250657276,0.3665395817357647,126
0.0,synthetic_map_00215,33,109,16,0.9602509187869223,0.04693213991337705,0.2799164010331712,32
0.0,synthetic_map_00215,31,109,14,0.8135412076441189,0.18883833599979363,0.42687428410441464,43
0.0,synthetic_map_00215,55,109,12,0.7940152760666642,0.20949359413342786,0.40570407246328904,67
0.0,synthetic_map_00215,67,109,11,0.7322727563258095,0.2594827629253061,0.36058285743570984,79
0.0,synthetic_map_00215,79,109,10,0.7368762130413575,0.28611086543935904,0.5154438772617921,78
0.0,synthetic_map_00215,76,109,7,0.9303393281032536,0.07916361075880211,0.3287500938996457,75
0.0,synthetic_map_00215,85,109,3,0.8688864817181752,0.14262111138603165,0.23863982387381288,97
0.0,synthetic_map_00215,97,109,2,0.7798545844504674,0.22531217606134046,0.3313834447609226,109
0.0,synthetic_map_00216,50,72,5,0.7383017448578237,0.25203827585733096,0.3350366468853069,49
0.0,synthetic_map_00216,49,72,4,0.8453093047815593,0.17772994176858392,0.32808138545244775,61
0.0,synthetic_map_00216,61,72,3,0.6939454259098652,0.2871510788313527,0.48217552448709805,73
0.0,synthetic_map_00216,73,72,2,0.62983830202043,0.35141941642824565,0.5457460240398996,72
0.0,synthetic_map_00217,69,134,14,0.5343629203023605,0.4496610694990941,0.48732031673094695,81
0.0,synthetic_map_00217,81,134,13,0.6571904348425284,0.3286291059178154,0.4327438969229284,93
0.0,synthetic_map_00217,93,134,12,0.7680528267556219,0.24888262913710882,0.43480467967492886,92
0.0,synthetic_map_00217,104,134,10,0.8716542007753937,0.15003555268926216,0.32149455569353624,116
0.0,synthetic_map_00217,127,134,7,0.6757789296586098,0.31024928485049913,0.4628933958101818,139
0.0,synthetic_map_00217,139,134,6,0.4355984058524247,0.5349172456776828,0.6898618659624483,138
0.0,synthetic_map_00217,138,134,5,0.4108991694696754,0.586931798430656,0.6237296144666786,137
0.0,synthetic_map_00217,137,134,4,0.3798307445808261,0.6378592391566329,0.7026442547971303,136
0.0,synthetic_map_00218,45,96,17,0.9023189499773328,0.1246519141771254,0.2410268468004147,44
0.0,synthetic_map_00218,44,96,16,0.7558195079747122,0.21532368183885933,0.3581215199459159,43
0.0,synthetic_map_00218,43,96,15,0.8482683674435274,0.14869829812187074,0.2694523674541889,42
0.0,synthetic_map_00218,42,96,14,0.7641374820424767,0.24929712753306363,0.39436753886788467,41
0.0,synthetic_map_00218,28,96,11,0.8072211530306022,0.19519900480741043,0.34529154790877037,27
0.0,synthetic_map_00218,27,96,10,0.7298801063302113,0.2617298197943999,0.29880415989683107,26
0.0,synthetic_map_00218,26,96,9,0.873430109539912,0.14533538864669948,0.22482282516913343,25
0.0,synthetic_map_00218,72,96,3,0.6058599660761216,0.3703089893729031,0.42721895472334653,84
0.0,synthetic_map_00219,76,71,11,0.47205454215731335,0.5120840075798332,0.6146172557149686,77
0.0,synthetic_map_00219,77,71,10,0.48000873983488423,0.5172249125010998,0.5913793101515936,89
0.0,synthetic_map_00219,89,71,9,0.7481981015068089,0.2552331809142444,0.37547275450118867,90
0.0,synthetic_map_00219,90,71,8,0.8396725296664092,0.17736429478591634,0.42891522966298085,91
0.0,synthetic_map_00219,91,71,7,0.7872171025576113,0.2348387974200224,0.3718354408260328,79
0.0,synthetic_map_00219,67,71,5,0.6124303061453564,0.3973270031384805,0.615713532951524,68
0.0,synthetic_map_00219,68,71,4,0.7932357334582928,0.20754071031182597,0.4473130866694539,69
0.0,synthetic_map_00219,70,71,2,0.7228525678335114,0.25841975145364554,0.33813767209778567,71
0.0,synthetic_map_00220,38,86,9,0.6512680016807726,0.3466695236891517,0.39847801573563907,50
0.0,synthetic_map_00220,50,86,8,0.8691738604225979,0.15434352584312472,0.25738991928184946,51
0.0,synthetic_map_00220,51,86,7,0.8765254271362737,0.12768943560555426,0.31004510287079345,52
0.0,synthetic_map_00220,52,86,6,0.9157214426264179,0.0633249980928341,0.2796854718885352,64
0.0,synthetic_map_00220,64,86,5,0.8406413104531225,0.1607913305412132,0.28248727426317843,76
0.0,synthetic_map_00220,76,86,4,0.7256987506333962,0.2502283786186196,0.34836274405411266,75
0.0,synthetic_map_00220,75,86,3,0.6922380111810151,0.2865006179596524,0.5134804164216726,87
0.0,synthetic_map_00220,87,86,2,0.49201188553100256,0.4849883330248137,0.5941603877308492,86
0.0,synthetic_map_00221,118,104,4,0.7857697323864682,0.23820013579017502,0.41091802281669526,117
0.0,synthetic_map_00221,117,104,3,0.8988094383172827,0.07700363205475305,0.22128261132520385,116
0.0,synthetic_map_00221,116,104,2,0.7424609374501546,0.2584519094153755,0.3683576879502647,104
0.0,synthetic_map_00222,87,25,8,0.9134166721515025,0.10996369501472297,0.25531952276761855,86
0.0,synthetic_map_00222,86,25,7,1.0,0.0,0.26331832083199547,74
0.0,synthetic_map_00222,74,25,6,0.9901621044006759,0.02210220941209104,0.23913027172798862,62
0.0,synthetic_map_00222,62,25,5,0.9547628279420836,0.03478599070596812,0.22935662265016515,50
0.0,synthetic_map_00222,50,25,4,0.7760281046947108,0.2433155732395745,0.45319623183855234,38
0.0,synthetic_map_00222,38,25,3,0.8030859638986032,0.19501050469636216,0.3751411984451611,26
0.0,synthetic_map_00222,26,25,2,0.8208440533756253,0.18107794866288787,0.4206778078915325,25
0.0,synthetic_map_00223,44,78,6,0.9717892225753747,0.0,0.17970128734760638,43
0.0,synthetic_map_00223,43,78,5,1.0,0.005944852960944068,0.19582086020076755,42
0.0,synthetic_map_00223,42,78,4,0.8828774348501014,0.11385355337028988,0.21570043733433958,54
0.0,synthetic_map_00223,54,78,3,1.0,0.0,0.22543169929418416,66
0.0,synthetic_map_00223,66,78,2,0.9867686378050151,0.0364127222789566,0.2451028675033854,78
0.0,synthetic_map_00224,112,140,7,0.9107936492235261,0.10701481678473954,0.2573653552352034,124
0.0,synthetic_map_00224,124,140,6,0.8839559001977132,0.09834746237508166,0.23741412935342976,125
0.0,synthetic_map_00224,125,140,5,0.8540490796446736,0.1483387274787305,0.3182992225050175,137
0.0,synthetic_map_00224,137,140,4,0.569265379747215,0.4114396698002197,0.5530561550027904,138
0.0,synthetic_map_00224,138,140,3,0.6885538291252912,0.3213702565629347,0.4990458986260493,139
0.0,synthetic_map_00224,139,140,2,0.6909148481382292,0.28623039479928497,0.4287984582587989,140
0.0,synthetic_map_00225,57,124,12,0.6624991932219109,0.3323303819280106,0.5362861445793691,69
0.0,synthetic_map_00225,69,124,11,0.7475143193250786,0.2717261937690359,0.4231459863605567,81
0.0,synthetic_map_00225,80,124,9,0.6723382869853848,0.33369953192437063,0.5138777346756667,79
0.0,synthetic_map_00225,79,124,8,0.41267618276818113,0.6032154597220999,0.6105252338539452,78
0.0,synthetic_map_00225,77,124,6,0.7990777860283613,0.1813156658405854,0.3070642080197265,89
0.0,synthetic_map_00225,101,124,4,0.6791219630684602,0.29142203909376263,0.3989828142549538,113
0.0,synthetic_map_00225,113,124,3,0.7603841198674365,0.22219164448082626,0.3940236755124261,112
0.0,synthetic_map_00225,112,124,2,0.7675018188662941,0.20753246549380835,0.39537534299801774,124
0.0,synthetic_map_00226,137,118,26,0.3870598182731686,0.600328360579655,0.5770120627030807,136
0.0,synthetic_map_00226,136,118,25,0.5739306544701495,0.44946200563026506,0.5712286675817,124
0.0,synthetic_map_00226,64,118,17,0.7254681727215089,0.26971793454610316,0.4518139338005135,52
0.0,synthetic_map_00226,30,118,12,0.5952273587911401,0.3771980461547254,0.5062071564791408,42
0.0,synthetic_map_00226,42,118,11,0.7731162686222698,0.22755584017202057,0.34507318074668697,43
0.0,synthetic_map_00226,43,118,10,0.9302681769702569,0.078678994818464,0.3227287118482129,44
0.0,synthetic_map_00226,45,118,8,0.9375537796073132,0.08579628678429858,0.2569368645444295,46
0.0,synthetic_map_00226,94,118,3,0.5104092770732829,0.4790947118607038,0.5450339949411859,106
0.0,synthetic_map_00227,130,47,9,0.9336123665742805,0.08952998482371674,0.24463607917389663,118
0.0,synthetic_map_00227,118,47,8,0.8337800434943696,0.17279961970154106,0.4496591455449705,106
0.0,synthetic_map_00227,106,47,7,0.7623132849143066,0.24403147692018426,0.32242541230909866,94
0.0,synthetic_map_00227,94,47,6,0.7422891352118727,0.23426251938626946,0.3003719110836946,82
0.0,synthetic_map_00227,82,47,5,0.8065274351822669,0.18107954706057627,0.453672007867339,70
0.0,synthetic_map_00227,70,47,4,0.7145315907262617,0.26035999506489277,0.4224848173354586,58
0.0,synthetic_map_00227,58,47,3,0.8569565870889795,0.13093862104508902,0.2675985896630671,46
0.0,synthetic_map_00227,46,47,2,0.7271297998400965,0.27076987069793373,0.3229448792328848,47
0.0,synthetic_map_00228,5,49,11,0.5600075705601623,0.4562973051599922,0.5966785573363463,17
0.0,synthetic_map_00228,16,49,9,0.6485643483082665,0.330732660299164,0.5007243911632475,15
0.0,synthetic_map_00228,15,49,8,0.7722481826374461,0.2559050859490358,0.38448222608822163,27
0.0,synthetic_map_00228,27,49,7,0.9953175465098956,0.0,0.12670249148751167,39
0.0,synthetic_map_00228,39,49,6,0.8155730865018341,0.18822620221874134,0.31820782489164134,51
0.0,synthetic_map_00228,51,49,5,0.836789533089101,0.1928707816530007,0.34478830087306656,63
0.0,synthetic_map_00228,63,49,4,0.6274617387827369,0.34630007744189845,0.39304624550850487,62
0.0,synthetic_map_00228,61,49,2,0.9031639591490909,0.11878026508444059,0.23436976611503493,49
0.0,synthetic_map_00229,140,21,16,0.44010338194881465,0.5580098094837139,0.6233661301077489,139
0.0,synthetic_map_00229,127,21,14,0.7558214454780436,0.25795490753691314,0.3408216164510299,115
0.0,synthetic_map_00229,115,21,13,0.8955735703243775,0.1220644947199164,0.28106383393587475,103
0.0,synthetic_map_00229,103,21,12,0.8047158886036048,0.20255379467832968,0.4376383580311356,104
0.0,synthetic_map_00229,104,21,11,0.9303709418378333,0.07787872481811195,0.23098970809379812,92
0.0,synthetic_map_00229,45,21,5,0.6203503917032822,0.3993660211448407,0.5294574757603023,46
0.0,synthetic_map_00229,46,21,4,0.569883945459233,0.4217948699100829,0.6074760686803136,34
0.0,synthetic_map_00229,22,21,2,0.7556917059920001,0.2377003313541069,0.35780437146446725,21
0.0,synthetic_map_00230,64,137,14,0.686544074066418,0.3398459527610495,0.43536752629723585,63
0.0,synthetic_map_00230,63,137,13,0.723417030030359,0.29202943535692216,0.47929202374216484,62
0.0,synthetic_map_00230,62,137,12,0.6996092487209028,0.30174960060008993,0.42913550511426984,61
0.0,synthetic_map_00230,61,137,11,0.6349425710451853,0.360091192212593,0.46920146633979876,73
0.0,synthetic_map_00230,98,137,7,0.9099638875508811,0.10074070082493167,0.3093853425914127,99
0.0,synthetic_map_00230,111,137,5,0.6453536729293219,0.3533601832378056,0.40878893115008563,123
0.0,synthetic_map_00230,124,137,3,0.5756932503647815,0.4239805935986084,0.5309354821283413,136
0.0,synthetic_map_00230,136,137,2,0.45676922790857855,0.5456806993875386,0.6709940206537347,137
0.0,synthetic_map_00231,83,5,13,0.681298918920221,0.34797862054779577,0.49140965899636213,82
0.0,synthetic_map_00231,82,5,12,0.9882154126782634,0.02045150874462215,0.17825272433919853,81
0.0,synthetic_map_00231,81,5,11,0.9814044364090376,0.023342491128921977,0.26818620069320004,80
0.0,synthetic_map_00231,68,5,9,0.829158948279419,0.15931331413371674,0.2953150032602162,56
0.0,synthetic_map_00231,44,5,7,0.8917417263713782,0.1056176452268615,0.2494587445311746,43
0.0,synthetic_map_00231,43,5,6,0.8707302036903376,0.11441613884418504,0.36603512193812093,42
0.0,synthetic_map_00231,42,5,5,0.6944821888055763,0.301440526432259,0.41743794095334125,30
0.0,synthetic_map_00231,18,5,3,0.7920625729664205,0.2317613086262646,0.29841519381019366,17
0.0,synthetic_map_00232,6,120,17,0.41521268415354967,0.5735662398255135,0.6147280209412888,5
0.0,synthetic_map_00232,5,120,16,0.5355708705632836,0.45529872278881006,0.5171769460244673,4
0.0,synthetic_map_00232,39,120,11,0.497076461986242,0.48464140011685686,0.594197315822792,51
0.0,synthetic_map_00232,75,120,8,0.6231239382950979,0.3522040254535316,0.4109430734780876,87
0.0,synthetic_map_00232,87,120,7,0.6991677099617911,0.2998103153661854,0.46716323146277394,86
0.0,synthetic_map_00232,86,120,6,0.955099159875024,0.06282106711978289,0.29303021270470975,85
0.0,synthetic_map_00232,85,120,5,0.8839670113851047,0.13310076944250246,0.3088265337396022,84
0.0,synthetic_map_00232,108,120,2,0.661271644255752,0.31771126558831064,0.4162812663642763,120
0.0,synthetic_map_00233,7,43,4,0.6218995970522206,0.37920668370069616,0.3991856958437803,19
0.0,synthetic_map_00233,19,43,3,0.9585641334451497,0.04951116627294237,0.15185429276320764,31
0.0,synthetic_map_00233,31,43,2,1.0,0.0,0.25416542534812187,43
0.0,synthetic_map_00234,136,1,17,0.6586753201497398,0.3364874235683772,0.5294895262369936,124
0.0,synthetic_map_00234,124,1,16,0.8843683655535094,0.09497709924318992,0.24252983534339706,112
0.0,synthetic_map_00234,99,1,13,0.6850158720610277,0.32941226991403094,0.4316675674565655,98
0.0,synthetic_map_00234,98,1,12,0.5812545215129847,0.43510643168811775,0.5634929327914179,86
0.0,synthetic_map_00234,86,1,11,0.7908405561155993,0.22672149814377343,0.30503345434379586,74
0.0,synthetic_map_00234,74,1,10,0.5310051815048351,0.46929012376959983,0.631431483174827,62
0.0,synthetic_map_00234,50,1,8,0.5074956299689087,0.467886365386633,0.49711312961506116,38
0.0,synthetic_map_00234,38,1,7,0.7339963413668809,0.29403790238627886,0.5377496981840381,39
0.0,synthetic_map_00235,120,2,13,0.6974902694233744,0.30786100794829835,0.4083103138037649,108
0.0,synthetic_map_00235,108,2,12,0.672551541225227,0.35119747653463507,0.44297064086645205,96
0.0,synthetic_map_00235,72,2,9,0.4794097387788492,0.49236854935520236,0.5568455660448286,60
0.0,synthetic_map_00235,60,2,8,0.5098826297736422,0.469696369625809,0.5014506176934512,48
0.0,synthetic_map_00235,48,2,7,0.6401270116407676,0.3316802225200675,0.4492731919678417,36
0.0,synthetic_map_00235,24,2,5,0.5326572760873363,0.4793386755515395,0.6347066428623654,12
0.0,synthetic_map_00235,12,2,4,0.5841624829196936,0.39621199487978587,0.5695401386513171,0
0.0,synthetic_map_00235,0,2,3,0.31804411567248914,0.7081877211083473,0.6914396390568587,1
0.0,synthetic_map_00236,121,85,6,0.9570937105147524,0.03262241552932624,0.23926411713045373,109
0.0,synthetic_map_00236,109,85,5,0.8229280740910604,0.18518330222840615,0.40715839592450864,110
0.0,synthetic_map_00236,110,85,4,0.8843603541969893,0.13386138829641223,0.35505224798393287,98
0.0,synthetic_map_00236,98,85,3,0.9107888091834113,0.10553429654339679,0.2520031630367,86
0.0,synthetic_map_00236,86,85,2,0.7854592449159498,0.18509336446288485,0.344296644103424,85
0.0,synthetic_map_00237,59,111,14,0.5003272926339817,0.4838370296355139,0.5835631865984322,71
0.0,synthetic_map_00237,71,111,13,0.57199514629224,0.4153873201282358,0.5505761566487793,70
0.0,synthetic_map_00237,69,111,11,0.887211552004118,0.12194823577220565,0.3205588196303183,68
0.0,synthetic_map_00237,67,111,9,0.7301669663690513,0.24776319026986873,0.4492210375463356,79
0.0,synthetic_map_00237,90,111,6,0.8364559372069087,0.14234402516660158,0.28220404413827976,89
0.0,synthetic_map_00237,88,111,4,0.8710284046615377,0.1130414293343047,0.27680158055518056,87
0.0,synthetic_map_00237,87,111,3,0.6845925961939541,0.33173205817681095,0.5216325046441893,99
0.0,synthetic_map_00237,99,111,2,0.7268789275697837,0.24850218012581665,0.3843705324601583,111
0.0,synthetic_map_00238,110,95,12,0.8224159191778002,0.15004796184601896,0.22289387993472687,98
0.0,synthetic_map_00238,98,95,11,0.7954957976779379,0.18123450336080435,0.3088425900001427,99
0.0,synthetic_map_00238,99,95,10,0.8535010035430659,0.12790548170611507,0.24908303335698156,100
0.0,synthetic_map_00238,100,95,9,0.8380554006432723,0.18914519414060083,0.34296071873580575,101
0.0,synthetic_map_00238,101,95,8,0.7996709873082838,0.21028929767085153,0.335586588764796,102
0.0,synthetic_map_00238,102,95,7,0.7561768519989194,0.2639607858101518,0.39383831731400465,103
0.0,synthetic_map_00238,103,95,6,0.7302535788668182,0.2908808106021775,0.4358638697836119,104
0.0,synthetic_map_00238,105,95,4,0.7791899825592773,0.21706154351351276,0.4536415846515234,93
0.0,synthetic_map_00239,90,136,7,0.8954452385465667,0.09374270971227075,0.3169735991559456,89
0.0,synthetic_map_00239,89,136,6,0.9950005919698889,0.0,0.2603861289852437,88
0.0,synthetic_map_00239,88,136,5,0.9600551158093289,0.028776468256357032,0.13401104594510382,100
0.0,synthetic_map_00239,100,136,4,0.8874388524253889,0.09215616535235606,0.2373132584391262,112
0.0,synthetic_map_00239,112,136,3,0.9310894739058978,0.062354476948279045,0.23656596919394451,124
0.0,synthetic_map_00239,124,136,2,0.8600182152185892,0.1333784081412333,0.2907642094333805,136
0.0,synthetic_map_00240,48,44,10,0.6777726671623234,0.3463347622772279,0.5202616050091802,49
0.0,synthetic_map_00240,49,44,9,0.9768698751204543,0.03316759643197861,0.18936847768704212,50
0.0,synthetic_map_00240,50,44,8,0.9708257733307155,0.0,0.2568492599645608,51
0.0,synthetic_map_00240,51,44,7,1.0,0.01078809983887992,0.24625542936714578,52
0.0,synthetic_map_00240,52,44,6,0.9612302653555833,0.027473021211171747,0.13152207133658722,53
0.0,synthetic_map_00240,53,44,5,0.9905382602413323,0.0,0.2688860445627797,54
0.0,synthetic_map_00240,55,44,3,0.784997211464959,0.20836796249225353,0.3141022321672179,56
0.0,synthetic_map_00240,56,44,2,0.7613606081207318,0.21715068658514464,0.40071948341471253,44
0.0,synthetic_map_00241,35,10,4,0.45215385660519075,0.5538379340794429,0.6961346693809065,23
0.0,synthetic_map_00241,23,10,3,0.5830009818792724,0.4205705349941798,0.5874577299943194,11
0.0,synthetic_map_00241,11,10,2,0.31259213590612545,0.6692507958294174,0.7916567248926835,10
0.0,synthetic_map_00242,4,25,6,0.5190526428596065,0.4758566252578612,0.4900037479193553,16
0.0,synthetic_map_00242,16,25,5,0.7699041482888265,0.2495003113169822,0.41290945377871413,15
0.0,synthetic_map_00242,15,25,4,0.7743803798536041,0.23353235387909663,0.3572329276416696,14
0.0,synthetic_map_00242,14,25,3,0.5977572860834492,0.3736375242997783,0.46494867494417685,13
0.0,synthetic_map_00242,13,25,2,0.8594090107955664,0.15681926387268402,0.22497418333077318,25
0.0,synthetic_map_00243,59,64,9,0.5157047086680774,0.4751680209412954,0.5457425643110194,58
0.0,synthetic_map_00243,58,64,8,0.8510385605470632,0.1573162769657136,0.3236418624950374,57
0.0,synthetic_map_00243,57,64,7,0.8045247703292063,0.17831341067027542,0.33254720107088787,69
0.0,synthetic_map_00243,69,64,6,0.6916660777482823,0.33585915756995915,0.3963559969950716,68
0.0,synthetic_map_00243,68,64,5,0.708685218115528,0.2919338874104293,0.3898038119011596,67
0.0,synthetic_map_00243,67,64,4,0.6318493159183578,0.3406233189591178,0.5139324532912284,66
0.0,synthetic_map_00243,66,64,3,0.7522308965738614,0.2243274878420119,0.4224175834687833,65
0.0,synthetic_map_00243,65,64,2,0.8278296064709088,0.1609804910955856,0.3436514400645018,64
0.0,synthetic_map_00244,14,19,10,0.7951291732646406,0.20375974476386302,0.412268006829482,26
0.0,synthetic_map_00244,26,19,9,0.892960966403343,0.08310884140261669,0.2982895470912962,38
0.0,synthetic_map_00244,38,19,8,0.8680631740084847,0.113281848204113,0.3107835259528812,39
0.0,synthetic_map_00244,39,19,7,0.7161604554123938,0.26252209447510777,0.424672741254628,40
0.0,synthetic_map_00244,28,19,5,0.7610777582949351,0.22994092201940947,0.38719508544595943,29
0.0,synthetic_map_00244,29,19,4,0.9264002237004494,0.09542238087209837,0.3658551605713803,17
0.0,synthetic_map_00244,17,19,3,0.8156293060697284,0.21326641438228464,0.4372195372634516,18
0.0,synthetic_map_00244,18,19,2,1.0,0.0,0.24834124612146713,19
0.0,synthetic_map_00245,20,72,16,0.6597772572033737,0.3560392999527575,0.513850889073952,8
0.0,synthetic_map_00245,8,72,15,0.5586918882032195,0.44780678230441456,0.48748893234970864,7
0.0,synthetic_map_00245,7,72,14,0.5312052153673216,0.48117411766044593,0.6115990140818123,6
0.0,synthetic_map_00245,15,72,9,0.7539590626194612,0.26246972600614044,0.4114622050724905,14
0.0,synthetic_map_00245,26,72,7,0.6860545980656227,0.2886761545482459,0.4604611142156017,38
0.0,synthetic_map_00245,38,72,6,0.7876772873448221,0.23350453457602124,0.3536465325256542,37
0.0,synthetic_map_00245,49,72,4,0.8548663131807123,0.11566859932681443,0.3591760890455553,61
0.0,synthetic_map_00245,73,72,2,0.8775503265900978,0.1432048851721578,0.22427209080432206,72
0.0,synthetic_map_00246,59,119,12,0.6074151072845319,0.4118949957766779,0.5239267219180351,71
0.0,synthetic_map_00246,71,119,11,0.3996305391360718,0.6042558847152273,0.5663413382916681,70
0.0,synthetic_map_00246,70,119,10,0.6796449654561725,0.31686134581203806,0.3890501582946333,69
0.0,synthetic_map_00246,68,119,8,0.7526518243077268,0.2651269052125948,0.3584983286489406,80
0.0,synthetic_map_00246,80,119,7,0.8544553409631394,0.11696456169245828,0.22455196899386295,92
0.0,synthetic_map_00246,92,119,6,0.8859828199664106,0.09552936582032015,0.21167666580454622,104
0.0,synthetic_map_00246,104,119,5,0.761499438550399,0.21130081147490487,0.3841761361406187,105
0.0,synthetic_map_00246,118,119,2,0.7128780983745062,0.28746938469465155,0.3992893422341032,119
0.0,synthetic_map_00247,28,115,13,0.6903901909986636,0.3305525386623424,0.4273243897520822,29
0.0,synthetic_map_00247,30,115,11,0.7909855497200707,0.23113829717109236,0.36698266194305024,31
0.0,synthetic_map_00247,31,115,10,0.6509580993485241,0.3495207866879131,0.5165145597480294,43
0.0,synthetic_map_00247,54,115,7,0.5738589946027438,0.43667463070787266,0.520977187399012,66
0.0,synthetic_map_00247,66,115,6,0.6803042432777593,0.33127086017170376,0.4113453230668044,78
0.0,synthetic_map_00247,78,115,5,0.7513280733961359,0.22493129188769745,0.3242582530053956,90
0.0,synthetic_map_00247,90,115,4,0.8097079663742706,0.21824942795606997,0.44856125695168914,91
0.0,synthetic_map_00247,103,115,2,0.5684614424378169,0.4331212777191892,0.6260354566368462,115
0.0,synthetic_map_00248,110,102,6,0.7312664407203293,0.2653249838689217,0.3545534616608276,98
0.0,synthetic_map_00248,98,102,5,0.8362187599977594,0.14249576642989276,0.34958426561728667,99
0.0,synthetic_map_00248,99,102,4,1.0,0.0,0.2050166827726693,100
0.0,synthetic_map_00248,100,102,3,0.920569670746409,0.08301613957835868,0.319299864503155,101
0.0,synthetic_map_00248,101,102,2,0.7366084822668345,0.2678651651436833,0.35152143835641747,102
0.0,synthetic_map_00249,20,51,9,0.7640707225377783,0.21593677885135354,0.3280457956174894,19
0.0,synthetic_map_00249,19,51,8,0.9506523431643648,0.06210628409811135,0.29220171033524756,18
0.0,synthetic_map_00249,18,51,7,0.8821870629263426,0.09788728519129729,0.21986378341177426,17
0.0,synthetic_map_00249,17,51,6,1.0,0.022013849342480463,0.19342818038855814,16
0.0,synthetic_map_00249,16,51,5,0.9330303729648051,0.04538454138088671,0.2783134228927142,28
0.0,synthetic_map_00249,28,51,4,0.830025639320832,0.14169892705102716,0.28325747535683304,40
0.0,synthetic_map_00249,40,51,3,0.8723438885612831,0.15469945815752684,0.2770562764436554,52
0.0,synthetic_map_00249,52,51,2,0.8570881276914092,0.15617041457042996,0.22548435499157254,51
0.0,synthetic_map_00250,7,104,10,0.6151889784329951,0.41438682980726926,0.6179386865063101,19
0.0,synthetic_map_00250,19,104,9,0.9468921671810573,0.06218259798565262,0.2995304685830296,31
0.0,synthetic_map_00250,31,104,8,0.7984459966970054,0.17445160617426092,0.30685040238675854,43
0.0,synthetic_map_00250,43,104,7,0.8837340256335999,0.13187149997000616,0.23020595510250194,55
0.0,synthetic_map_00250,55,104,6,0.7850228036688104,0.20942062845451237,0.36465980550702004,56
0.0,synthetic_map_00250,56,104,5,0.7901216107682741,0.20089419658987434,0.4572613541591659,68
0.0,synthetic_map_00250,80,104,3,0.8202882258178712,0.16074352554681812,0.3480256503099378,92
0.0,synthetic_map_00250,92,104,2,0.9683354259295351,0.0038611182666861005,0.17704199018754663,104
0.0,synthetic_map_00251,14,40,5,0.8914456824019323,0.12654041546330402,0.36266332719299305,26
0.0,synthetic_map_00251,26,40,4,0.8528875525938802,0.15361171684922986,0.20941209241723613,38
0.0,synthetic_map_00251,38,40,3,0.9195709948320877,0.06263457090825864,0.23078876798017628,39
0.0,synthetic_map_00251,39,40,2,0.8989028882505374,0.0935488496069993,0.31893601347804545,40
0.0,synthetic_map_00252,11,69,8,0.3360008272682841,0.6915476921961987,0.7619798190910518,23
0.0,synthetic_map_00252,23,69,7,0.6055787198399748,0.41481327376907706,0.5335953587698989,22
0.0,synthetic_map_00252,22,69,6,0.7970608995605386,0.17297808136851062,0.39224743535093937,21
0.0,synthetic_map_00252,21,69,5,0.7967717605993403,0.21548533030522757,0.45654722740388004,33
0.0,synthetic_map_00252,33,69,4,0.9727839982264735,0.0,0.2587332287404601,45
0.0,synthetic_map_00252,45,69,3,0.9595443273577396,0.04018780717166795,0.2773053224440628,57
0.0,synthetic_map_00252,57,69,2,0.8737331726308984,0.11995548282067617,0.25565240243474563,69
0.0,synthetic_map_00253,103,129,5,0.7354695187445364,0.2348828962375591,0.31825384402015333,115
0.0,synthetic_map_00253,115,129,4,0.6329741684935031,0.3821297655050907,0.546241439618254,116
0.0,synthetic_map_00253,116,129,3,0.7162036952417543,0.26916755934795794,0.37616184611192366,128
0.0,synthetic_map_00253,128,129,2,0.9242826341873807,0.09032719139707737,0.29336517469191703,129
0.0,synthetic_map_00254,142,129,3,0.713950880046164,0.31300093814966173,0.54577056746652,141
0.0,synthetic_map_00254,141,129,2,0.5582288895630075,0.41978222222276684,0.5649906797860883,129
0.0,synthetic_map_00255,15,111,11,0.8778224568067168,0.12978054427212982,0.3057045046566563,14
0.0,synthetic_map_00255,14,111,10,0.5426691815775354,0.4858210692218882,0.4886557236718404,26
0.0,synthetic_map_00255,26,111,9,0.6621090512812302,0.3564573650523667,0.47301208365430236,38
0.0,synthetic_map_00255,62,111,6,0.6273468509532085,0.35934144912180316,0.4667864284063157,63
0.0,synthetic_map_00255,63,111,5,0.643289066955163,0.3293647910561055,0.44479805341084877,75
0.0,synthetic_map_00255,75,111,4,0.5472804577727242,0.4788683837769877,0.5485871887055638,87
0.0,synthetic_map_00255,87,111,3,0.5047696009339107,0.4917581075609356,0.5624288703222876,99
0.0,synthetic_map_00255,99,111,2,0.5528625366887512,0.4374473190858271,0.6268567607343205,111
0.0,synthetic_map_00256,26,1,4,0.8837761334544688,0.1449515800290907,0.21513596738458352,25
0.0,synthetic_map_00256,25,1,3,0.7183780295593234,0.26373389152591015,0.3153386499589501,13
0.0,synthetic_map_00256,13,1,2,0.6029650510087453,0.3734111315140086,0.5349156680738649,1
0.0,synthetic_map_00257,85,107,14,0.7972401828393089,0.2233750976914594,0.4490538495303272,86
0.0,synthetic_map_00257,88,107,11,0.7562227776871424,0.2274706347135147,0.37991301580227393,76
0.0,synthetic_map_00257,77,107,9,0.8344046139293528,0.1918282935470532,0.309915286384143,78
0.0,synthetic_map_00257,78,107,8,0.6968434332664822,0.2853060552855692,0.4372473796549535,90
0.0,synthetic_map_00257,91,107,6,0.9723672603469221,0.0,0.18194865932456097,92
0.0,synthetic_map_00257,93,107,4,0.9014003037066604,0.08650261072481052,0.23982741024979898,94
0.0,synthetic_map_00257,94,107,3,0.9065275971694743,0.09043121497079941,0.2807532753268688,106
0.0,synthetic_map_00257,106,107,2,0.8469766541223045,0.15511003765867304,0.2474629045768095,107
0.0,synthetic_map_00258,35,65,10,0.545070069632396,0.45934978034765994,0.47964917062001633,47
0.0,synthetic_map_00258,47,65,9,0.43293969814731414,0.5488574574885771,0.6407292542622797,46
0.0,synthetic_map_00258,46,65,8,0.648276790081261,0.35153846194516825,0.4960343127977926,45
0.0,synthetic_map_00258,57,65,6,0.6640927577238835,0.3488677657376277,0.5203923397999505,56
0.0,synthetic_map_00258,56,65,5,0.7920382992121047,0.18822673731632728,0.3891048490528086,55
0.0,synthetic_map_00258,55,65,4,0.7889648838917074,0.21215224844230282,0.35643923408459727,54
0.0,synthetic_map_00258,54,65,3,0.895698502761899,0.10407745649353774,0.343144408947612,66
0.0,synthetic_map_00258,66,65,2,0.7168445897834745,0.2965303847207169,0.4150223648934383,65
0.0,synthetic_map_00259,113,82,9,0.8646601148336542,0.14026610644474222,0.3518162838905881,101
0.0,synthetic_map_00259,101,82,8,0.8585809178583574,0.11824297609212264,0.23472885044758404,89
0.0,synthetic_map_00259,89,82,7,0.7103332185127281,0.3002762846135163,0.5168811974326076,90
0.0,synthetic_map_00259,90,82,6,0.7578337611984868,0.22577771009213476,0.3505203952176285,91
0.0,synthetic_map_00259,91,82,5,0.6917926432468331,0.31749219107404936,0.4004641614021036,92
0.0,synthetic_map_00259,92,82,4,0.5188604164426629,0.46600210746806436,0.6078290712111795,93
0.0,synthetic_map_00259,93,82,3,0.5404710002599371,0.48105925765384927,0.4832100878208938,94
0.0,synthetic_map_00259,94,82,2,0.7442243128093504,0.25048834040063195,0.33058918772589546,82
0.0,synthetic_map_00260,24,57,14,0.4565457695556857,0.526035544843897,0.6766306594728639,25
0.0,synthetic_map_00260,13,57,12,0.588149978365933,0.4115658100722017,0.5511559914602051,14
0.0,synthetic_map_00260,14,57,11,0.7765332517404322,0.2504736016090884,0.4340790285427276,15
0.0,synthetic_map_00260,15,57,10,0.8719586254699121,0.1013476171324464,0.3525495755146089,27
0.0,synthetic_map_00260,27,57,9,0.786744525802224,0.20009334320990285,0.4298542244487914,28
0.0,synthetic_map_00260,28,57,8,0.8004856195614598,0.2123908921804114,0.44216800984090354,29
0.0,synthetic_map_00260,43,57,4,0.8921848737120125,0.11713337808505292,0.3051385395764533,44
0.0,synthetic_map_00260,44,57,3,0.8982248326674417,0.1240874405934477,0.22448971856724323,45
0.0,synthetic_map_00261,100,121,6,0.7519716683473429,0.22582058766921206,0.4473447218125577,99
0.0,synthetic_map_00261,99,121,5,0.7921473782769741,0.20494506877085034,0.404837392687759,98
0.0,synthetic_map_00261,98,121,4,0.762850713202273,0.2288150305702538,0.36644417228345966,110
0.0,synthetic_map_00261,110,121,3,0.8867311816045262,0.13964298023237004,0.31426475401578685,109
0.0,synthetic_map_00261,109,121,2,0.8997250716309692,0.07977842151429321,0.28181213063143157,121
0.0,synthetic_map_00262,44,120,16,0.8020664443283525,0.18983490753712018,0.40520766400306935,56
0.0,synthetic_map_00262,56,120,15,0.9051467042527677,0.1096675260143071,0.26844397891866506,55
0.0,synthetic_map_00262,53,120,12,0.8849060965690099,0.13654906589551863,0.2692995287030751,65
0.0,synthetic_map_00262,65,120,11,0.9055229799109918,0.10951997616518819,0.310591254575756,77
0.0,synthetic_map_00262,75,120,8,0.48253938944925256,0.5326606165350792,0.7225274439674833,74
0.0,synthetic_map_00262,74,120,7,0.5847856389636644,0.4395023794635874,0.4928753611299246,73
0.0,synthetic_map_00262,72,120,5,0.5267597031842701,0.4583577703934233,0.50472133873428,84
0.0,synthetic_map_00262,84,120,4,0.6675609697357566,0.31006080083082654,0.522901423377617,96
0.0,synthetic_map_00263,76,26,11,0.563804353992458,0.45588845051854493,0.47885180657225834,75
0.0,synthetic_map_00263,74,26,9,0.7765917210407194,0.2504783040661177,0.30024370107783166,73
0.0,synthetic_map_00263,73,26,8,0.8005729893781344,0.2113500498984297,0.35994889617612846,72
0.0,synthetic_map_00263,72,26,7,0.592234382601759,0.39958816473772235,0.4865853403139303,60
0.0,synthetic_map_00263,60,26,6,0.5987187219592672,0.40205673820253407,0.5648110277595171,48
0.0,synthetic_map_00263,48,26,5,0.41712417062167867,0.5658374731549569,0.7225741599104533,49
0.0,synthetic_map_00263,49,26,4,0.6726667856687696,0.3444583675188828,0.5222840715404115,37
0.0,synthetic_map_00263,25,26,2,0.8458493650457942,0.18258963933955896,0.37534852529712637,26
0.0,synthetic_map_00264,100,142,12,0.8711522089759941,0.12305482360384024,0.2270638096216826,101
0.0,synthetic_map_00264,101,142,11,0.701886570755315,0.270748184345628,0.3675991362860006,102
0.0,synthetic_map_00264,91,142,8,0.8202303420924371,0.18668089552087058,0.3322047468844982,92
0.0,synthetic_map_00264,92,142,7,0.7919751384114624,0.20064967537597292,0.4402192854383633,93
0.0,synthetic_map_00264,93,142,6,0.866779585755206,0.11202439489911181,0.2296824601589817,105
0.0,synthetic_map_00264,105,142,5,0.8131562300214916,0.20155930840384234,0.35020454747445073,117
0.0,synthetic_map_00264,129,142,3,0.6793713629060801,0.3237245919555534,0.4982060784294592,141
0.0,synthetic_map_00264,141,142,2,0.486079114618432,0.5212223219688978,0.687851720553438,142
0.0,synthetic_map_00265,46,36,19,0.7262835182603589,0.2924123442450877,0.5380412924602261,45
0.0,synthetic_map_00265,45,36,18,0.6524870092433311,0.3574249830480404,0.5326581430109271,57
0.0,synthetic_map_00265,69,36,16,0.6781195266148167,0.33783393815471224,0.3960456250425113,68
0.0,synthetic_map_00265,65,36,12,0.9942059078281849,0.0,0.12274576552709493,64
0.0,synthetic_map_00265,52,36,10,0.7388654280974915,0.24556350811072955,0.40150980417715476,40
0.0,synthetic_map_00265,15,36,6,0.7460260806108883,0.24938744873602792,0.3090665077114564,14
0.0,synthetic_map_00265,25,36,3,0.8214701732151236,0.20832462962305723,0.38912179816476683,24
0.0,synthetic_map_00265,24,36,2,0.5613816684937164,0.40942260558222354,0.5021151863533116,36
0.0,synthetic_map_00266,78,119,13,0.6396041344368392,0.35289099253146805,0.41100842317654307,66
0.0,synthetic_map_00266,66,119,12,0.6728287459408268,0.30680865671939267,0.4941548922020855,54
0.0,synthetic_map_00266,54,119,11,0.6424479213057165,0.367588396090914,0.4415533577318466,55
0.0,synthetic_map_00266,55,119,10,0.8436059187355827,0.13229105896011573,0.2701435753508809,56
0.0,synthetic_map_00266,56,119,9,0.9275706373252215,0.08562588870290777,0.2848471782170523,68
0.0,synthetic_map_00266,80,119,7,0.5522885360193655,0.41897350669717653,0.5886890158572451,92
0.0,synthetic_map_00266,105,119,4,0.6325342557745315,0.33925644692224005,0.40788150716530325,117
0.0,synthetic_map_00266,118,119,2,0.8466985822567434,0.12535661227487566,0.23673601434602073,119
0.0,synthetic_map_00267,57,70,3,0.7709499865411575,0.23004638785900625,0.33569892337739565,69
0.0,synthetic_map_00267,69,70,2,0.819376483585861,0.19436635404580585,0.4169916425111475,70
0.0,synthetic_map_00268,6,74,11,0.6516685811507388,0.34724372073169696,0.47139487725308,5
0.0,synthetic_map_00268,5,74,10,0.5037361079035495,0.48283740058299307,0.5826589469259748,17
0.0,synthetic_map_00268,16,74,8,0.8370935687424387,0.1482383145733427,0.22440222495275705,15
0.0,synthetic_map_00268,15,74,7,0.7548646641799415,0.23976356959796963,0.4190183861737761,27
0.0,synthetic_map_00268,27,74,6,0.8843820176989068,0.13033488694062972,0.22651599982773005,26
0.0,synthetic_map_00268,26,74,5,0.806642697008429,0.2049033883133314,0.31238948383756737,38
0.0,synthetic_map_00268,38,74,4,0.8429378248212342,0.15577976755131012,0.24162044673212135,50
0.0,synthetic_map_00268,62,74,2,0.744166542327236,0.2413770092728512,0.40669968668748685,74
0.0,synthetic_map_00269,101,2,12,0.6427306907883105,0.3648281780276821,0.4313027501736055,89
0.0,synthetic_map_00269,89,2,11,0.5520998291971204,0.4427788790752267,0.5056536074367817,77
0.0,synthetic_map_00269,65,2,9,0.7997221871659319,0.22794419405465963,0.45038602341846196,64
0.0,synthetic_map_00269,64,2,8,0.8142163805987283,0.212452311038196,0.42831463909006967,63
0.0,synthetic_map_00269,39,2,5,0.9797587462410571,0.0,0.27877199164891936,27
0.0,synthetic_map_00269,27,2,4,0.8286276544565016,0.1427093032946376,0.29020866854646876,15
0.0,synthetic_map_00269,15,2,3,0.8972813397316337,0.11339740831319994,0.24989377467684692,3
0.0,synthetic_map_00269,3,2,2,0.5513693633477054,0.45110777454289286,0.6144449879923468,2
0.0,synthetic_map_00270,121,31,15,0.9680325368592432,0.007231710520022729,0.24992398485327172,109
0.0,synthetic_map_00270,109,31,14,0.9157253979741844,0.06620181958054608,0.295229427642928,110
0.0,synthetic_map_00270,110,31,13,0.6400289252501743,0.3369364206794601,0.41259290654927916,98
0.0,synthetic_map_00270,98,31,12,0.8174334915519496,0.19782426673873518,0.38410657247523067,86
0.0,synthetic_map_00270,86,31,11,0.6957591957423942,0.30669744379528213,0.4417334596037462,87
0.0,synthetic_map_00270,87,31,10,0.7957577813818159,0.20508931021779647,0.32644561783393755,75
0.0,synthetic_map_00270,75,31,9,0.8933498910582028,0.09796431947272605,0.2750333230297076,63
0.0,synthetic_map_00270,52,31,6,0.767583173636636,0.20817309420669738,0.32110299502258416,40
0.0,synthetic_map_00271,142,59,13,0.44868001966401255,0.5584702713153106,0.680513257818464,141
0.0,synthetic_map_00271,141,59,12,0.5247520192146451,0.4850922024787875,0.47914093804212354,140
0.0,synthetic_map_00271,128,59,10,0.9555677785716029,0.06999786253959178,0.23483547366398175,116
0.0,synthetic_map_00271,117,59,8,0.7226948807760376,0.29050064408523235,0.45596528550818616,105
0.0,synthetic_map_00271,105,59,7,0.772459165341917,0.20603621575508796,0.44752195561099756,93
0.0,synthetic_map_00271,81,59,5,0.966811332971519,0.021530246726430544,0.1394227707431518,69
0.0,synthetic_map_00271,69,59,4,0.7767303802846152,0.2322285433625483,0.3396435615550039,70
0.0,synthetic_map_00271,58,59,2,0.9027114400132991,0.08382986956618299,0.2730462981486308,59
0.0,synthetic_map_00272,35,11,5,0.5639065139384907,0.46557466473597775,0.48114049189524766,34
0.0,synthetic_map_00272,34,11,4,0.8923256807080069,0.13606967747531568,0.2415099205516174,22
0.0,synthetic_map_00272,22,11,3,0.8635202962897508,0.10974553584573819,0.3019615385891029,10
0.0,synthetic_map_00272,10,11,2,0.5429148517139615,0.47250935034252844,0.5909446671500936,11
0.0,synthetic_map_00273,31,100,10,0.9947274725555291,0.0,0.19689786349952898,30
0.0,synthetic_map_00273,30,100,9,0.9875614976379827,0.0,0.2572882094500888,29
0.0,synthetic_map_00273,29,100,8,0.9562098391826244,0.0421953222017004,0.2438692717995097,28
0.0,synthetic_map_00273,28,100,7,0.8302252380442149,0.17860895929605053,0.41944665716766716,40
0.0,synthetic_map_00273,52,100,5,0.9889961282460785,0.025696103416078142,0.1796667185818391,64
0.0,synthetic_map_00273,64,100,4,0.89319759779259,0.11879433774799003,0.3405800768402666,76
0.0,synthetic_map_00273,76,100,3,0.7645474061612878,0.26287161016724003,0.3216304088560396,88
0.0,synthetic_map_00273,88,100,2,0.7378532135806971,0.2638796957208576,0.39808547391346943,100
0.0,synthetic_map_00274,69,32,5,0.6356757616672369,0.37199231665387994,0.43082040058973087,57
0.0,synthetic_map_00274,57,32,4,0.6320124296097429,0.3413328975497739,0.5392426779190016,56
0.0,synthetic_map_00274,56,32,3,0.9050866771317467,0.11817091506124817,0.22084985379638994,44
0.0,synthetic_map_00274,44,32,2,0.9319383492928364,0.08264481492195391,0.313492991260157,32
0.0,synthetic_map_00275,130,138,6,0.9450038198475718,0.0807895228305453,0.2510100350739331,129
0.0,synthetic_map_00275,129,138,5,0.671486517053199,0.31265938804091226,0.4873624252424909,128
0.0,synthetic_map_00275,128,138,4,0.5829659684873,0.42707535300664307,0.5416855591696106,127
0.0,synthetic_map_00275,127,138,3,0.6901761678873295,0.2920594268941492,0.4257559044637748,126
0.0,synthetic_map_00275,126,138,2,0.7349468573320661,0.2506478144241173,0.4522368565514772,138
0.0,synthetic_map_00276,2,98,13,0.4619485746345901,0.5482736651038712,0.6260741975550193,3
0.0,synthetic_map_00276,3,98,12,0.47567615531631574,0.5259784342667018,0.6172020346660411,15
0.0,synthetic_map_00276,27,98,10,0.7549934989133971,0.23894652644441192,0.44044653922886207,39
0.0,synthetic_map_00276,39,98,9,0.721240951223699,0.2653290338517522,0.3327713585953012,40
0.0,synthetic_map_00276,52,98,7,0.7872947676373836,0.2261508103426587,0.38822422594953143,64
0.0,synthetic_map_00276,63,98,5,0.7609462016181064,0.21994858534097744,0.428471113778984,62
0.0,synthetic_map_00276,62,98,4,0.7638459548882608,0.21471404156872187,0.36650334236682175,74
0.0,synthetic_map_00276,74,98,3,0.8820733425676546,0.13441246793220524,0.3039186776685327,86
0.0,synthetic_map_00277,108,112,7,0.5984465966220073,0.4263425492014679,0.5165275954860434,120
0.0,synthetic_map_00277,120,112,6,0.5458453411970479,0.44051551539357436,0.5028203702406715,121
0.0,synthetic_map_00277,121,112,5,0.6510505282866234,0.33101596093459423,0.5152946243185909,122
0.0,synthetic_map_00277,122,112,4,0.5628167722152295,0.4079819315820072,0.4840775134059051,123
0.0,synthetic_map_00277,123,112,3,0.638730698317186,0.33345993724416434,0.4267333242015276,111
0.0,synthetic_map_00277,111,112,2,0.7819495532831698,0.22441100744693965,0.4230366364564332,112
0.0,synthetic_map_00278,43,65,5,0.9089626458742928,0.08610271083792728,0.2791412560533092,42
0.0,synthetic_map_00278,42,65,4,0.8173978427345775,0.1787606408269725,0.34394210492210314,54
0.0,synthetic_map_00278,54,65,3,0.7751752325983676,0.24883496489039025,0.4004827980124481,66
0.0,synthetic_map_00278,66,65,2,0.6651959106025322,0.3627621124681504,0.4640300019300406,65
0.0,synthetic_map_00279,67,53,4,0.5063582143218661,0.4804381338388483,0.6324802361927726,55
0.0,synthetic_map_00279,55,53,3,0.5286635387193789,0.4672573585217446,0.5872241158937491,54
0.0,synthetic_map_00279,54,53,2,0.6573931134194859,0.362141299015177,0.42266883335298816,53
0.0,synthetic_map_00280,104,29,10,0.6799673318318344,0.3166106627444859,0.39985183077793274,92
0.0,synthetic_map_00280,92,29,9,0.7453921411245608,0.22619378561932668,0.30437689861715433,80
0.0,synthetic_map_00280,80,29,8,0.756323338286011,0.2694276268653353,0.32556231421050136,79
0.0,synthetic_map_00280,79,29,7,0.658554473939721,0.3125418160414791,0.47395537712645164,67
0.0,synthetic_map_00280,67,29,6,0.7591162347783623,0.23816353694900233,0.37299252026424645,66
0.0,synthetic_map_00280,54,29,4,0.5364799040156996,0.48332056125096723,0.5857427473585083,53
0.0,synthetic_map_00280,53,29,3,0.8055023369685298,0.20684257958544613,0.34566947870941545,41
0.0,synthetic_map_00280,41,29,2,0.8664403343001943,0.1288520875738718,0.30691011760123066,29
0.0,synthetic_map_00281,118,109,14,0.8604692358896399,0.1296532098428811,0.3683000840283273,117
0.0,synthetic_map_00281,105,109,12,0.7434053704825618,0.2609636613792629,0.42943157552478295,93
0.0,synthetic_map_00281,93,109,11,0.865970014266047,0.12326210037761944,0.3424933376698378,92
0.0,synthetic_map_00281,90,109,8,1.0,0.0,0.26532374032106343,89
0.0,synthetic_map_00281,88,109,6,0.7667490155614795,0.2448677157397195,0.42656728080448664,100
0.0,synthetic_map_00281,99,109,4,0.8060157262908776,0.2049858776525499,0.42319289343314465,98
0.0,synthetic_map_00281,98,109,3,0.769190825214657,0.2521777559373089,0.4420666624851347,97
0.0,synthetic_map_00281,97,109,2,0.9630314123966573,0.034079319180088316,0.2449039016371786,109
0.0,synthetic_map_00282,41,47,11,0.9389936316339671,0.06484812580093463,0.20970100337489267,53
0.0,synthetic_map_00282,53,47,10,0.8638973743424325,0.10786742304362856,0.21931114194084853,54
0.0,synthetic_map_00282,54,47,9,0.9500815896549643,0.06395211272520374,0.25232640133687867,55
0.0,synthetic_map_00282,55,47,8,0.9101790003395662,0.07412099639296493,0.29107786611526115,43
0.0,synthetic_map_00282,43,47,7,0.6847971160852382,0.31751135048436263,0.41021196338361815,44
0.0,synthetic_map_00282,45,47,5,0.7987702142442176,0.2079064926288781,0.41988450390138843,33
0.0,synthetic_map_00282,33,47,4,0.7159864875425553,0.28465678168575903,0.4077964538636832,34
0.0,synthetic_map_00282,35,47,2,0.38347631761630546,0.5986724229836285,0.6984004464207074,47
0.0,synthetic_map_00283,75,14,13,0.721605590413952,0.25624479319623744,0.4564284059158844,63
0.0,synthetic_map_00283,63,14,12,0.7803123721857909,0.19840791801599655,0.3754655374472144,64
0.0,synthetic_map_00283,64,14,11,0.8451621034259781,0.13202622775018116,0.22692006891633393,52
0.0,synthetic_map_00283,52,14,10,0.6544823083309976,0.36956855382687287,0.4190541493838293,53
0.0,synthetic_map_00283,53,14,9,0.7980459252781661,0.21102450406203982,0.3810223514736554,54
0.0,synthetic_map_00283,54,14,8,0.5777383321015208,0.44978438262156817,0.5418317672381652,42
0.0,synthetic_map_00283,30,14,6,0.5995742283330692,0.40661134416769684,0.6137481463818402,29
0.0,synthetic_map_00283,15,14,2,0.8725759471609074,0.1568952108475929,0.36568089253827907,14
0.0,synthetic_map_00284,110,51,7,0.832870030749908,0.18145153772078126,0.4281048223857421,98
0.0,synthetic_map_00284,98,51,6,0.9099666018413898,0.10069060395889352,0.25442731851614075,86
0.0,synthetic_map_00284,86,51,5,0.8735435241365209,0.10589664440249273,0.33162219478176036,74
0.0,synthetic_map_00284,74,51,4,0.8614075659879438,0.11297670418868097,0.29307064988536957,62
0.0,synthetic_map_00284,62,51,3,0.8408919729512571,0.15424898697442974,0.21769193074154253,50
0.0,synthetic_map_00284,50,51,2,0.8653155572716345,0.12652127310853944,0.2608313242482639,51
0.0,synthetic_map_00285,91,72,11,0.7905162391259335,0.2140966338216072,0.32266884107955174,103
0.0,synthetic_map_00285,103,72,10,0.9154049811478904,0.08740655988490677,0.2925142111236135,102
0.0,synthetic_map_00285,101,72,8,0.7298092184871303,0.24312528173508285,0.34428789516093466,100
0.0,synthetic_map_00285,100,72,7,0.9397930950968165,0.08362440277660055,0.2708800236130619,99
0.0,synthetic_map_00285,99,72,6,0.8731301565964561,0.14471204993366749,0.2594288353868331,87
0.0,synthetic_map_00285,87,72,5,0.9110834201971312,0.08578791866610926,0.2795962218643434,86
0.0,synthetic_map_00285,86,72,4,0.860366908856902,0.15393371577679077,0.3209607965038581,85
0.0,synthetic_map_00285,73,72,2,0.7972485125567694,0.22709163859166118,0.37766177591261574,72
0.0,synthetic_map_00286,35,21,4,0.6433488930161751,0.37913886136909936,0.4718034161959737,34
0.0,synthetic_map_00286,34,21,3,1.0,0.005453841356236458,0.17496343344949866,33
0.0,synthetic_map_00286,33,21,2,0.9415007416138381,0.07454249779320841,0.32702528786699225,21
0.0,synthetic_map_00287,27,103,11,0.4967602541499105,0.4774697475787534,0.4939334854667299,39
0.0,synthetic_map_00287,39,103,10,0.7982895895657943,0.18501924353088503,0.3352802044868503,51
0.0,synthetic_map_00287,51,103,9,0.675071815398518,0.3213763594854631,0.519461861040169,63
0.0,synthetic_map_00287,63,103,8,0.8352016358235024,0.1778686165931973,0.40525164462730107,75
0.0,synthetic_map_00287,75,103,7,0.8423985896072818,0.17394983482528592,0.3772031078365196,87
0.0,synthetic_map_00287,87,103,6,0.9940583728484376,0.0,0.20665282187870748,99
0.0,synthetic_map_00287,99,103,5,1.0,0.0,0.165198985471032,100
0.0,synthetic_map_00287,102,103,2,0.8722697270960538,0.09899270656159383,0.27435499666915786,103
0.0,synthetic_map_00288,125,95,12,0.8183072600327179,0.20289989493876606,0.32384894310873125,113
0.0,synthetic_map_00288,113,95,11,0.7109169494592495,0.2688317659019216,0.4485193177004791,101
0.0,synthetic_map_00288,101,95,10,0.9208109769981576,0.06343202677801343,0.22030954395585095,102
0.0,synthetic_map_00288,102,95,9,0.9128700822379213,0.09591379411747988,0.35689928280059346,103
0.0,synthetic_map_00288,91,95,7,0.9604371433568302,0.06877173021972663,0.2557874899160764,92
0.0,synthetic_map_00288,92,95,6,0.7246425273237526,0.27014193162018085,0.33212925928663856,80
0.0,synthetic_map_00288,81,95,4,0.7403287991248118,0.25889750876705964,0.44499066294414136,82
0.0,synthetic_map_00288,82,95,3,0.7289266957191155,0.29395356606743817,0.38845971020561265,94
0.0,synthetic_map_00289,0,101,14,0.4208479502779297,0.5973231432147991,0.707565116351289,12
0.0,synthetic_map_00289,24,101,12,0.6408877482603286,0.334426257472988,0.5224701994843463,36
0.0,synthetic_map_00289,37,101,10,0.6823985225366686,0.33545141200356504,0.412920058143992,49
0.0,synthetic_map_00289,49,101,9,0.6379618567138456,0.3393540747508034,0.5357515598427143,61
0.0,synthetic_map_00289,61,101,8,0.6730586373850976,0.35449594040646887,0.448251946211142,73
0.0,synthetic_map_00289,98,101,4,0.9053484346183611,0.0674233416912601,0.3324873656648839,99
0.0,synthetic_map_00289,99,101,3,0.9014586671385955,0.09639869775642479,0.2748376552905516,100
0.0,synthetic_map_00289,100,101,2,0.8580941171828096,0.12754996418093412,0.23904448457249428,101
0.0,synthetic_map_00290,141,128,3,0.3757087748216512,0.6034165551177169,0.6608384525337915,140
0.0,synthetic_map_00290,140,128,2,0.6248647042308099,0.4010134550897923,0.5227197590010286,128
0.0,synthetic_map_00291,116,90,5,0.7546017058974073,0.2701895469636022,0.29968865801633665,115
0.0,synthetic_map_00291,115,90,4,0.8866130145771757,0.09727848088514904,0.35287855498001475,114
0.0,synthetic_map_00291,114,90,3,0.9841572900561294,0.018851900654636267,0.18163587901651723,102
0.0,synthetic_map_00291,102,90,2,0.9883105521113003,0.024862767959701215,0.13512365423961947,90
0.0,synthetic_map_00292,32,45,3,0.6426124687093085,0.35871976909793574,0.49115620781005387,33
0.0,synthetic_map_00292,33,45,2,0.6023745676831491,0.41531616411757444,0.5140958749778908,45
0.0,synthetic_map_00293,25,39,8,0.5738527904336789,0.41282187648144103,0.5221415435990058,13
0.0,synthetic_map_00293,13,39,7,0.5401673680685709,0.4639782650379719,0.581532289426476,1
0.0,synthetic_map_00293,1,39,6,0.5157602091820694,0.5121041330032907,0.5735816008026399,2
0.0,synthetic_map_00293,2,39,5,0.5071899441634931,0.4850396460736483,0.4840734792646549,3
0.0,synthetic_map_00293,3,39,4,0.328452473416676,0.6526066027933881,0.7373002582783527,15
0.0,synthetic_map_00293,15,39,3,0.5134331657738249,0.4767562803778176,0.5402774455734716,27
0.0,synthetic_map_00293,27,39,2,0.6080044093756357,0.41055673253411384,0.6153181265842751,39
0.0,synthetic_map_00294,84,108,3,0.38926903954582154,0.5811989796681065,0.6791168202204116,96
0.0,synthetic_map_00294,96,108,2,0.4603994222295067,0.5555295475802624,0.6554680634701648,108
0.0,synthetic_map_00295,31,141,12,0.8456204515733802,0.13970998315533206,0.3200322984886943,43
0.0,synthetic_map_00295,43,141,11,0.7779882947309665,0.20168940791989876,0.35956354503242777,44
0.0,synthetic_map_00295,56,141,9,0.9603198304289464,0.0635952864565819,0.2890998875687256,68
0.0,synthetic_map_00295,92,141,6,0.5638938586616087,0.43198407635811525,0.5049136515739922,104
0.0,synthetic_map_00295,104,141,5,0.6431300026151645,0.37460588897692804,0.4452244061155446,116
0.0,synthetic_map_00295,116,141,4,0.7860865100654739,0.2223499473069532,0.3619987158147287,128
0.0,synthetic_map_00295,128,141,3,0.8967083690949147,0.11454032418052533,0.365774162660582,140
0.0,synthetic_map_00295,140,141,2,0.5352575473787063,0.46291623238947266,0.568802272980867,141
0.0,synthetic_map_00296,127,131,5,0.9923869792494088,0.028915264096969664,0.18307008179728823,128
0.0,synthetic_map_00296,128,131,4,0.8935020695511199,0.10799084717330516,0.24421132583000227,129
0.0,synthetic_map_00296,129,131,3,0.7885857381585066,0.18366855509936775,0.4199809984526214,130
0.0,synthetic_map_00296,130,131,2,0.7613902183997033,0.23622223731906605,0.43135836628263186,131
0.0,synthetic_map_00297,103,4,14,0.8285257731295155,0.18548582676179393,0.3251644578206997,104
0.0,synthetic_map_00297,80,4,11,0.5705808506369906,0.431161613705571,0.4778217789840976,68
0.0,synthetic_map_00297,44,4,8,0.7770530298302615,0.23114192408599826,0.4366077573691679,32
0.0,synthetic_map_00297,32,4,7,0.9595570965426811,0.06538205690123272,0.29111933598512635,20
0.0,synthetic_map_00297,20,4,6,0.9124327442039691,0.07701627748808601,0.3265566369973367,19
0.0,synthetic_map_00297,19,4,5,0.7181384556438174,0.2965203352400405,0.5440147012017819,18
0.0,synthetic_map_00297,18,4,4,0.3910492294763275,0.6010287037468901,0.711159750105863,17
0.0,synthetic_map_00297,17,4,3,0.38801881365414687,0.5918051679414539,0.7098821320026003,16
0.0,synthetic_map_00298,87,138,8,0.9499803218187063,0.07536501351493824,0.23414363398720658,99
0.0,synthetic_map_00298,99,138,7,0.8363323151608222,0.19010046386955387,0.3212433085182102,111
0.0,synthetic_map_00298,111,138,6,0.7565611253569077,0.21632964948884684,0.29950037706015936,123
0.0,synthetic_map_00298,123,138,5,0.655886161916319,0.36159479569158137,0.5370513405345332,124
0.0,synthetic_map_00298,124,138,4,0.7874848451974282,0.2098306553965224,0.32737292970636844,136
0.0,synthetic_map_00298,136,138,3,0.5475290114844042,0.46787959081572494,0.4888445261763305,137
0.0,synthetic_map_00298,137,138,2,0.5647705352168003,0.42162550727664905,0.5920843796771434,138
0.0,synthetic_map_00299,56,92,6,1.0,0.0,0.2419637497771227,68
0.0,synthetic_map_00299,68,92,5,0.8935275025614159,0.10293329056994664,0.2744713866822593,67
0.0,synthetic_map_00299,67,92,4,0.6775840034958496,0.32638300493408096,0.544450986215978,79
0.0,synthetic_map_00299,79,92,3,0.7081788833870016,0.30742111263854016,0.46952146677100415,91
0.0,synthetic_map_00299,91,92,2,0.5700657271053047,0.4128061269673624,0.5781487949570978,92
