map_name,current_x,current_y,goal_x,goal_y,delta_goal_x,delta_goal_y,path_remaining,vision_mean,vision_dark,vision_edge,free_up,free_down,free_left,free_right,teacher_action
synthetic_map_00000,0.26666666666666666,0.6,0.13333333333333333,0.4666666666666667,-0.13333333333333333,-0.13333333333333333,0.15625,0.7642220712845887,0.25463593007217794,0.36669720551415064,1.0,0.0,1.0,1.0,0
synthetic_map_00000,0.26666666666666666,0.5333333333333333,0.13333333333333333,0.4666666666666667,-0.13333333333333333,-0.06666666666666667,0.125,0.9128150064950721,0.06611857804990168,0.28513889330739406,1.0,1.0,0.0,1.0,0
synthetic_map_00000,0.26666666666666666,0.4666666666666667,0.13333333333333333,0.4666666666666667,-0.13333333333333333,0.0,0.09375,0.6838894157157357,0.30239712344605985,0.5122935836866515,1.0,1.0,1.0,1.0,2
synthetic_map_00000,0.2,0.4666666666666667,0.13333333333333333,0.4666666666666667,-0.06666666666666667,0.0,0.0625,0.6934394288413573,0.3349842289179119,0.48026659486748424,0.0,0.0,1.0,1.0,2
synthetic_map_00001,0.8666666666666667,1.0,0.13333333333333333,0.6666666666666666,-0.7333333333333333,-0.3333333333333333,0.53125,0.36214494985436874,0.6351876819116132,0.6544538847185162,1.0,0.0,0.0,0.0,0
synthetic_map_00001,0.8666666666666667,0.9333333333333333,0.13333333333333333,0.6666666666666666,-0.7333333333333333,-0.26666666666666666,0.5,0.5501918751452439,0.4217465487585539,0.4986161088177814,1.0,1.0,0.0,1.0,0
synthetic_map_00001,0.8666666666666667,0.8666666666666667,0.13333333333333333,0.6666666666666666,-0.7333333333333333,-0.2,0.46875,0.5162437153166562,0.46403090361399435,0.513698873767365,1.0,1.0,1.0,0.0,2
synthetic_map_00001,0.7333333333333333,0.8666666666666667,0.13333333333333333,0.6666666666666666,-0.6,-0.2,0.40625,0.5638933136366335,0.4245473382157714,0.6049512649930577,1.0,1.0,1.0,1.0,2
synthetic_map_00001,0.6,0.8666666666666667,0.13333333333333333,0.6666666666666666,-0.4666666666666667,-0.2,0.34375,0.7150827183072862,0.30145336721006244,0.4333112663452747,0.0,1.0,1.0,1.0,2
synthetic_map_00001,0.5333333333333333,0.8666666666666667,0.13333333333333333,0.6666666666666666,-0.4,-0.2,0.3125,0.8797285732974472,0.11911145259446881,0.2239639808075078,1.0,1.0,1.0,1.0,2
synthetic_map_00001,0.4666666666666667,0.8666666666666667,0.13333333333333333,0.6666666666666666,-0.3333333333333333,-0.2,0.28125,0.9033249989993619,0.08422668934665531,0.28759044806968825,1.0,1.0,1.0,1.0,2
synthetic_map_00001,0.4,0.8,0.13333333333333333,0.6666666666666666,-0.26666666666666666,-0.13333333333333333,0.21875,0.7860961270722956,0.22150238139806439,0.3979944253091271,1.0,1.0,0.0,1.0,0
synthetic_map_00001,0.4,0.7333333333333333,0.13333333333333333,0.6666666666666666,-0.26666666666666666,-0.06666666666666667,0.1875,0.7655541170214573,0.24593952418172713,0.39939051584756835,1.0,1.0,0.0,1.0,0
synthetic_map_00001,0.4,0.6666666666666666,0.13333333333333333,0.6666666666666666,-0.26666666666666666,0.0,0.15625,0.7403884389763933,0.23076068186665832,0.4240583250811375,1.0,1.0,1.0,1.0,2
synthetic_map_00001,0.3333333333333333,0.6666666666666666,0.13333333333333333,0.6666666666666666,-0.2,0.0,0.125,0.9410219088536471,0.08128039618874557,0.32094551922994463,1.0,0.0,1.0,1.0,2
synthetic_map_00001,0.26666666666666666,0.6666666666666666,0.13333333333333333,0.6666666666666666,-0.13333333333333333,0.0,0.09375,0.9250516504394773,0.06471439487983768,0.25868605996442334,1.0,1.0,1.0,1.0,2
synthetic_map_00002,0.4,0.5333333333333333,0.8666666666666667,0.8666666666666667,0.4666666666666667,0.3333333333333333,0.40625,0.8186378138436532,0.15267344741553013,0.23347910403198568,1.0,1.0,1.0,1.0,1
synthetic_map_00002,0.4,0.6,0.8666666666666667,0.8666666666666667,0.4666666666666667,0.26666666666666666,0.375,0.7012118720995036,0.31428104014172487,0.5236577849093659,1.0,0.0,0.0,1.0,3
synthetic_map_00002,0.4666666666666667,0.6,0.8666666666666667,0.8666666666666667,0.4,0.26666666666666666,0.34375,0.5222594240106748,0.475963919858428,0.6161861008137133,1.0,0.0,1.0,1.0,3
synthetic_map_00002,0.5333333333333333,0.6,0.8666666666666667,0.8666666666666667,0.3333333333333333,0.26666666666666666,0.3125,0.5040414969199947,0.4918474724325947,0.5357711614506525,0.0,0.0,1.0,1.0,3
synthetic_map_00002,0.6,0.6,0.8666666666666667,0.8666666666666667,0.26666666666666666,0.26666666666666666,0.28125,0.6503377461556721,0.34577681058332826,0.42591527456247497,1.0,0.0,1.0,1.0,3
synthetic_map_00002,0.6666666666666666,0.6,0.8666666666666667,0.8666666666666667,0.2,0.26666666666666666,0.25,0.8840044732049386,0.14173705854171545,0.21826986525901904,1.0,1.0,1.0,1.0,1
synthetic_map_00002,0.6666666666666666,0.6666666666666666,0.8666666666666667,0.8666666666666667,0.2,0.2,0.21875,0.7949576163988701,0.1886353186452136,0.3278291053707949,1.0,1.0,0.0,1.0,1
synthetic_map_00002,0.6666666666666666,0.7333333333333333,0.8666666666666667,0.8666666666666667,0.2,0.13333333333333333,0.1875,0.6583284264694216,0.3131635167479952,0.5244882228506607,1.0,1.0,1.0,0.0,1
synthetic_map_00002,0.6666666666666666,0.8,0.8666666666666667,0.8666666666666667,0.2,0.06666666666666667,0.15625,0.7777566314575333,0.2128150524943839,0.3205782361935843,1.0,1.0,0.0,1.0,1
synthetic_map_00002,0.6666666666666666,0.8666666666666667,0.8666666666666667,0.8666666666666667,0.2,0.0,0.125,0.8660982826319806,0.11448752188324231,0.23771480591607236,1.0,1.0,1.0,1.0,3
synthetic_map_00002,0.7333333333333333,0.8666666666666667,0.8666666666666667,0.8666666666666667,0.13333333333333333,0.0,0.09375,0.9752575723791721,0.0,0.20132427100219447,1.0,1.0,1.0,1.0,3
synthetic_map_00002,0.8,0.8666666666666667,0.8666666666666667,0.8666666666666667,0.06666666666666667,0.0,0.0625,1.0,0.0,0.2025675592994377,1.0,1.0,1.0,1.0,3
synthetic_map_00003,0.8666666666666667,0.6,0.4,0.8,-0.4666666666666667,0.2,0.34375,0.9374699944065318,0.08649688030453216,0.3080070203664149,1.0,1.0,0.0,1.0,1
synthetic_map_00003,0.8666666666666667,0.6666666666666666,0.4,0.8,-0.4666666666666667,0.13333333333333333,0.3125,0.777634629179004,0.22672798006049377,0.3160992729746134,1.0,1.0,1.0,1.0,2
synthetic_map_00003,0.8,0.6666666666666666,0.4,0.8,-0.4,0.13333333333333333,0.28125,0.8823079437240116,0.14488845118463203,0.3281043556518474,0.0,1.0,1.0,1.0,2
synthetic_map_00003,0.7333333333333333,0.6666666666666666,0.4,0.8,-0.3333333333333333,0.13333333333333333,0.25,0.8653261704895074,0.11415275801906263,0.24687721935278142,1.0,1.0,1.0,1.0,2
synthetic_map_00003,0.6666666666666666,0.6666666666666666,0.4,0.8,-0.26666666666666666,0.13333333333333333,0.21875,0.8785917147329063,0.13438450605917038,0.2540185200867706,1.0,1.0,0.0,1.0,1
synthetic_map_00003,0.6666666666666666,0.7333333333333333,0.4,0.8,-0.26666666666666666,0.06666666666666667,0.1875,0.8935811459901067,0.09808132249060535,0.3496699918023481,1.0,1.0,1.0,1.0,2
synthetic_map_00003,0.6,0.7333333333333333,0.4,0.8,-0.2,0.06666666666666667,0.15625,0.7842041244609935,0.2143398626710523,0.4518699327172799,0.0,1.0,1.0,1.0,2
synthetic_map_00003,0.5333333333333333,0.7333333333333333,0.4,0.8,-0.13333333333333333,0.06666666666666667,0.125,0.785840398863827,0.1906122036273336,0.43328010274467715,0.0,1.0,1.0,1.0,2
synthetic_map_00003,0.4666666666666667,0.7333333333333333,0.4,0.8,-0.06666666666666667,0.06666666666666667,0.09375,0.9284671615932972,0.07427502648778889,0.2883895958777517,1.0,1.0,1.0,1.0,2
synthetic_map_00003,0.4,0.7333333333333333,0.4,0.8,0.0,0.06666666666666667,0.0625,1.0,0.01827652912620746,0.2589119427228432,1.0,1.0,1.0,1.0,1
synthetic_map_00004,0.7333333333333333,0.26666666666666666,0.7333333333333333,0.5333333333333333,0.0,0.26666666666666666,0.15625,0.8312722482849956,0.19825557638973307,0.37660085885012057,1.0,1.0,1.0,1.0,1
synthetic_map_00004,0.7333333333333333,0.3333333333333333,0.7333333333333333,0.5333333333333333,0.0,0.2,0.125,0.9886327146878707,0.029841202419150004,0.1427165040330973,1.0,1.0,1.0,1.0,1
synthetic_map_00004,0.7333333333333333,0.4,0.7333333333333333,0.5333333333333333,0.0,0.13333333333333333,0.09375,0.9384306700677275,0.06952029018734393,0.27938606808754796,1.0,1.0,1.0,1.0,1
synthetic_map_00004,0.7333333333333333,0.4666666666666667,0.7333333333333333,0.5333333333333333,0.0,0.06666666666666667,0.0625,0.8960890559625336,0.10886144901337357,0.2746446364292226,1.0,1.0,1.0,0.0,1
synthetic_map_00005,0.3333333333333333,0.13333333333333333,0.6666666666666666,0.26666666666666666,0.3333333333333333,0.13333333333333333,0.375,0.8914804575706378,0.12338655652345751,0.33473401000466824,1.0,1.0,1.0,1.0,3
synthetic_map_00005,0.4,0.13333333333333333,0.6666666666666666,0.26666666666666666,0.26666666666666666,0.13333333333333333,0.34375,0.9155075153657151,0.06190718830368312,0.23392002319752625,1.0,1.0,1.0,1.0,3
synthetic_map_00005,0.4666666666666667,0.13333333333333333,0.6666666666666666,0.26666666666666666,0.2,0.13333333333333333,0.3125,0.9324460546188175,0.09499780882742408,0.2860024502398389,0.0,1.0,1.0,1.0,3
synthetic_map_00005,0.5333333333333333,0.13333333333333333,0.6666666666666666,0.26666666666666666,0.13333333333333333,0.13333333333333333,0.28125,0.8116127738776813,0.21333440876543497,0.4099973625263351,1.0,1.0,1.0,1.0,3
synthetic_map_00005,0.6,0.13333333333333333,0.6666666666666666,0.26666666666666666,0.06666666666666667,0.13333333333333333,0.25,0.7596615904666343,0.24032184083023722,0.3107273680864988,1.0,0.0,1.0,1.0,3
synthetic_map_00005,0.6666666666666666,0.13333333333333333,0.6666666666666666,0.26666666666666666,0.0,0.13333333333333333,0.21875,0.6693106684873239,0.3305777884960972,0.4959017955648618,1.0,0.0,1.0,1.0,3
synthetic_map_00005,0.7333333333333333,0.13333333333333333,0.6666666666666666,0.26666666666666666,-0.06666666666666667,0.13333333333333333,0.1875,0.8070354812994887,0.2104503980822613,0.3349138118440358,1.0,0.0,1.0,1.0,3
synthetic_map_00005,0.8,0.13333333333333333,0.6666666666666666,0.26666666666666666,-0.13333333333333333,0.13333333333333333,0.15625,0.9328616397765664,0.08415131319316038,0.318440680071598,1.0,1.0,1.0,1.0,1
synthetic_map_00005,0.8,0.2,0.6666666666666666,0.26666666666666666,-0.13333333333333333,0.06666666666666667,0.125,0.8234928516555422,0.159973155323732,0.21630559755923653,1.0,1.0,0.0,1.0,1
synthetic_map_00005,0.8,0.26666666666666666,0.6666666666666666,0.26666666666666666,-0.13333333333333333,0.0,0.09375,0.8344969770697962,0.19482717928314633,0.3221570609240795,1.0,1.0,1.0,1.0,2
synthetic_map_00005,0.7333333333333333,0.26666666666666666,0.6666666666666666,0.26666666666666666,-0.06666666666666667,0.0,0.0625,0.5043492833138316,0.4895049203573366,0.6225631165836519,0.0,0.0,1.0,1.0,2
synthetic_map_00006,0.5333333333333333,0.13333333333333333,0.26666666666666666,0.0,-0.26666666666666666,-0.13333333333333333,0.21875,0.783109863741515,0.23279975674700354,0.30499848147328085,1.0,1.0,1.0,0.0,2
synthetic_map_00006,0.4666666666666667,0.13333333333333333,0.26666666666666666,0.0,-0.2,-0.13333333333333333,0.1875,0.9286841061284594,0.07231899727489309,0.24978880864850392,1.0,1.0,1.0,1.0,2
synthetic_map_00006,0.4,0.13333333333333333,0.26666666666666666,0.0,-0.13333333333333333,-0.13333333333333333,0.15625,0.8247007837960237,0.1724688332818779,0.2985068292205873,0.0,1.0,1.0,1.0,2
synthetic_map_00006,0.3333333333333333,0.13333333333333333,0.26666666666666666,0.0,-0.06666666666666667,-0.13333333333333333,0.125,0.757307354711497,0.2382356695810925,0.3986354996081195,1.0,0.0,1.0,1.0,2
synthetic_map_00006,0.26666666666666666,0.13333333333333333,0.26666666666666666,0.0,0.0,-0.13333333333333333,0.09375,0.7503537270676811,0.26713239068203987,0.31490016562600764,1.0,1.0,0.0,1.0,0
synthetic_map_00006,0.26666666666666666,0.06666666666666667,0.26666666666666666,0.0,0.0,-0.06666666666666667,0.0625,0.8945577601857337,0.11432904872115567,0.22751897898125362,1.0,1.0,1.0,1.0,0
synthetic_map_00007,0.7333333333333333,0.8666666666666667,0.8666666666666667,0.6,0.13333333333333333,-0.26666666666666666,0.40625,0.8770684906219279,0.09317118112911435,0.2366808252341702,1.0,1.0,1.0,1.0,0
synthetic_map_00007,0.7333333333333333,0.8,0.8666666666666667,0.6,0.13333333333333333,-0.2,0.375,0.7902837192528822,0.20907025947253738,0.43953082350332623,0.0,1.0,1.0,1.0,3
synthetic_map_00007,0.8,0.8,0.8666666666666667,0.6,0.06666666666666667,-0.2,0.34375,0.693994133797223,0.30447650871484977,0.5057849785909175,0.0,1.0,1.0,1.0,3
synthetic_map_00007,0.8666666666666667,0.8,0.8666666666666667,0.6,0.0,-0.2,0.3125,0.8413370315552856,0.1882404017668131,0.37995655148876206,0.0,1.0,1.0,1.0,3
synthetic_map_00007,0.9333333333333333,0.8,0.8666666666666667,0.6,-0.06666666666666667,-0.2,0.28125,0.8694003043056271,0.13224266420225872,0.2653162250284237,1.0,1.0,1.0,1.0,0
synthetic_map_00007,0.9333333333333333,0.7333333333333333,0.8666666666666667,0.6,-0.06666666666666667,-0.13333333333333333,0.25,0.6523084670273938,0.33076769929945565,0.4643247955439577,0.0,1.0,0.0,1.0,3
synthetic_map_00007,1.0,0.7333333333333333,0.8666666666666667,0.6,-0.13333333333333333,-0.13333333333333333,0.21875,0.5981070918261314,0.4208197531602776,0.4851541176246842,1.0,1.0,1.0,0.0,0
synthetic_map_00007,1.0,0.6666666666666666,0.8666666666666667,0.6,-0.13333333333333333,-0.06666666666666667,0.1875,0.4767175420272914,0.5525947009432937,0.5858999249630077,1.0,1.0,0.0,0.0,0
synthetic_map_00007,1.0,0.6,0.8666666666666667,0.6,-0.13333333333333333,0.0,0.15625,0.4383670337390983,0.5710722776158379,0.6754095898255523,1.0,1.0,0.0,0.0,0
synthetic_map_00007,1.0,0.5333333333333333,0.8666666666666667,0.6,-0.13333333333333333,0.06666666666666667,0.125,0.5292624323586106,0.4464326373663102,0.6238366779095222,1.0,1.0,1.0,0.0,2
synthetic_map_00007,0.9333333333333333,0.5333333333333333,0.8666666666666667,0.6,-0.06666666666666667,0.06666666666666667,0.09375,0.8877003683898962,0.12295875700733873,0.36431794290727504,1.0,0.0,1.0,1.0,2
synthetic_map_00007,0.8666666666666667,0.5333333333333333,0.8666666666666667,0.6,0.0,0.06666666666666667,0.0625,0.9167566390622068,0.09438502109647831,0.2697031765954277,1.0,1.0,1.0,1.0,1
synthetic_map_00008,0.8,0.7333333333333333,0.8666666666666667,0.06666666666666667,0.06666666666666667,-0.6666666666666666,0.5,0.5177123663283422,0.46830003848102947,0.5393511444162257,1.0,1.0,1.0,0.0,0
synthetic_map_00008,0.8,0.6666666666666666,0.8666666666666667,0.06666666666666667,0.06666666666666667,-0.6,0.46875,0.7720895677114923,0.24553562284857672,0.37839135897286896,1.0,1.0,1.0,0.0,0
synthetic_map_00008,0.8,0.6,0.8666666666666667,0.06666666666666667,0.06666666666666667,-0.5333333333333333,0.4375,0.9227127059249642,0.08613127161024152,0.3080212620945147,1.0,1.0,1.0,1.0,0
synthetic_map_00008,0.8666666666666667,0.5333333333333333,0.8666666666666667,0.06666666666666667,0.0,-0.4666666666666667,0.375,0.8109045170954117,0.15972845943709152,0.2153705193847404,1.0,1.0,1.0,1.0,0
synthetic_map_00008,0.8666666666666667,0.4666666666666667,0.8666666666666667,0.06666666666666667,0.0,-0.4,0.34375,0.8214768537953249,0.15682809939105635,0.2850548196312721,1.0,1.0,0.0,1.0,0
synthetic_map_00008,0.9333333333333333,0.4,0.8666666666666667,0.06666666666666667,-0.06666666666666667,-0.3333333333333333,0.28125,0.9362276891797175,0.08664123893989072,0.29770010982356804,1.0,1.0,1.0,1.0,0
synthetic_map_00008,0.9333333333333333,0.3333333333333333,0.8666666666666667,0.06666666666666667,-0.06666666666666667,-0.26666666666666666,0.25,0.8998874532304834,0.09286452137785978,0.32596942908626286,1.0,1.0,0.0,1.0,0
synthetic_map_00008,0.9333333333333333,0.2,0.8666666666666667,0.06666666666666667,-0.06666666666666667,-0.13333333333333333,0.1875,0.7758410933899651,0.23701828889763157,0.37009066436273447,0.0,1.0,1.0,1.0,3
synthetic_map_00008,1.0,0.2,0.8666666666666667,0.06666666666666667,-0.13333333333333333,-0.13333333333333333,0.15625,0.5426886047699054,0.4792984565854483,0.6045836098932328,1.0,1.0,1.0,0.0,0
synthetic_map_00008,1.0,0.13333333333333333,0.8666666666666667,0.06666666666666667,-0.13333333333333333,-0.06666666666666667,0.125,0.5944422734758443,0.43152792760883635,0.5235299803046983,1.0,1.0,0.0,0.0,0
synthetic_map_00008,1.0,0.06666666666666667,0.8666666666666667,0.06666666666666667,-0.13333333333333333,0.0,0.09375,0.5343426654238415,0.43897323178419284,0.5425449684138,1.0,1.0,1.0,0.0,2
synthetic_map_00008,0.9333333333333333,0.06666666666666667,0.8666666666666667,0.06666666666666667,-0.06666666666666667,0.0,0.0625,0.8121540030921415,0.1794234343868034,0.4449331003570798,1.0,0.0,1.0,1.0,2
synthetic_map_00009,0.26666666666666666,0.13333333333333333,0.8666666666666667,0.9333333333333333,0.6,0.8,0.6875,0.8429851953701835,0.14910224990895038,0.2770999797804211,1.0,1.0,1.0,1.0,1
synthetic_map_00009,0.26666666666666666,0.2,0.8666666666666667,0.9333333333333333,0.6,0.7333333333333333,0.65625,0.9268270199923572,0.07231931644398934,0.23725183732802596,1.0,1.0,1.0,0.0,1
synthetic_map_00009,0.26666666666666666,0.26666666666666666,0.8666666666666667,0.9333333333333333,0.6,0.6666666666666666,0.625,0.8352167816833121,0.17836703491419525,0.45100316067367635,1.0,0.0,1.0,1.0,3
synthetic_map_00009,0.3333333333333333,0.4666666666666667,0.8666666666666667,0.9333333333333333,0.5333333333333333,0.4666666666666667,0.5,0.7291346686128481,0.2640123078278064,0.4537010287859917,1.0,1.0,1.0,1.0,1
synthetic_map_00009,0.3333333333333333,0.6666666666666666,0.8666666666666667,0.9333333333333333,0.5333333333333333,0.26666666666666666,0.40625,0.8448892748231428,0.1795563496971683,0.4317043457058693,1.0,0.0,1.0,1.0,3
synthetic_map_00009,0.4,0.7333333333333333,0.8666666666666667,0.9333333333333333,0.4666666666666667,0.2,0.34375,0.638923707603002,0.34214002872775395,0.4771417346820617,1.0,1.0,0.0,0.0,1
synthetic_map_00009,0.4,0.8,0.8666666666666667,0.9333333333333333,0.4666666666666667,0.13333333333333333,0.3125,0.6411973762533862,0.35809210255472734,0.49045313018188835,1.0,1.0,0.0,1.0,1
synthetic_map_00009,0.4,0.8666666666666667,0.8666666666666667,0.9333333333333333,0.4666666666666667,0.06666666666666667,0.28125,0.7533973897024808,0.2382917721502773,0.45471530910206576,1.0,1.0,1.0,1.0,1
synthetic_map_00009,0.5333333333333333,0.9333333333333333,0.8666666666666667,0.9333333333333333,0.3333333333333333,0.0,0.1875,0.9570236428081693,0.023068024273580484,0.19574800822928357,1.0,1.0,1.0,1.0,3
synthetic_map_00009,0.6666666666666666,0.9333333333333333,0.8666666666666667,0.9333333333333333,0.2,0.0,0.125,0.8846330208796326,0.14532249159791516,0.3527017000967504,1.0,1.0,1.0,1.0,3
synthetic_map_00009,0.7333333333333333,0.9333333333333333,0.8666666666666667,0.9333333333333333,0.13333333333333333,0.0,0.09375,0.8864157102427664,0.12579783445853837,0.3242604779030984,1.0,0.0,1.0,1.0,3
synthetic_map_00009,0.8,0.9333333333333333,0.8666666666666667,0.9333333333333333,0.06666666666666667,0.0,0.0625,0.8783078358902422,0.11398436619359373,0.307618615873012,1.0,1.0,1.0,1.0,3
synthetic_map_00010,0.6,0.8,0.26666666666666666,1.0,-0.3333333333333333,0.2,0.40625,0.8426653408279526,0.18305589888571924,0.40474184400333624,1.0,1.0,1.0,0.0,0
synthetic_map_00010,0.6,0.7333333333333333,0.26666666666666666,1.0,-0.3333333333333333,0.26666666666666666,0.375,0.7976261315729516,0.2106015588872201,0.3607562464695416,1.0,1.0,0.0,1.0,0
synthetic_map_00010,0.6,0.6666666666666666,0.26666666666666666,1.0,-0.3333333333333333,0.3333333333333333,0.34375,0.6679291220970349,0.35281782816533813,0.4401134260640026,0.0,1.0,1.0,1.0,2
synthetic_map_00010,0.5333333333333333,0.6666666666666666,0.26666666666666666,1.0,-0.26666666666666666,0.3333333333333333,0.3125,0.5642917674967912,0.43383965887498893,0.6300315399858959,0.0,0.0,1.0,1.0,2
synthetic_map_00010,0.4666666666666667,0.6666666666666666,0.26666666666666666,1.0,-0.2,0.3333333333333333,0.28125,0.6939563894115983,0.32494916719086614,0.44209192078426557,1.0,0.0,1.0,1.0,2
synthetic_map_00010,0.4,0.6666666666666666,0.26666666666666666,1.0,-0.13333333333333333,0.3333333333333333,0.25,0.8759209537515589,0.09525942005000891,0.22680172489823755,1.0,1.0,1.0,1.0,2
synthetic_map_00010,0.3333333333333333,0.6666666666666666,0.26666666666666666,1.0,-0.06666666666666667,0.3333333333333333,0.21875,1.0,0.0,0.20240956456624626,1.0,1.0,1.0,1.0,2
synthetic_map_00010,0.26666666666666666,0.6666666666666666,0.26666666666666666,1.0,0.0,0.3333333333333333,0.1875,0.9777885158549435,0.0,0.20714664611827951,1.0,1.0,1.0,1.0,1
synthetic_map_00010,0.26666666666666666,0.7333333333333333,0.26666666666666666,1.0,0.0,0.26666666666666666,0.15625,0.795246659695529,0.21924940451871736,0.2994795518660604,1.0,1.0,1.0,1.0,1
synthetic_map_00010,0.26666666666666666,0.8,0.26666666666666666,1.0,0.0,0.2,0.125,0.7514072104440811,0.22842581812203253,0.37828767660658646,1.0,1.0,0.0,0.0,1
synthetic_map_00010,0.26666666666666666,0.8666666666666667,0.26666666666666666,1.0,0.0,0.13333333333333333,0.09375,0.7815076878522804,0.19317169296305503,0.3489631622162593,1.0,1.0,1.0,1.0,1
synthetic_map_00010,0.26666666666666666,0.9333333333333333,0.26666666666666666,1.0,0.0,0.06666666666666667,0.0625,0.9748178207797563,0.04422690923799581,0.12000878220758449,1.0,1.0,1.0,1.0,1
synthetic_map_00011,0.0,0.8666666666666667,0.7333333333333333,0.3333333333333333,0.7333333333333333,-0.5333333333333333,0.625,0.6812089683427046,0.338774933827503,0.44925052957313427,1.0,1.0,0.0,1.0,0
synthetic_map_00011,0.06666666666666667,0.8,0.7333333333333333,0.3333333333333333,0.6666666666666666,-0.4666666666666667,0.5625,0.785643834716123,0.20902829717286647,0.394576659328121,1.0,1.0,1.0,0.0,0
synthetic_map_00011,0.06666666666666667,0.7333333333333333,0.7333333333333333,0.3333333333333333,0.6666666666666666,-0.4,0.53125,0.7741184438618572,0.19829038617304495,0.30471792259195113,1.0,1.0,0.0,1.0,0
synthetic_map_00011,0.13333333333333333,0.6666666666666666,0.7333333333333333,0.3333333333333333,0.6,-0.3333333333333333,0.46875,0.7877587887591474,0.2215097280441511,0.31840325616789206,1.0,1.0,1.0,0.0,0
synthetic_map_00011,0.13333333333333333,0.4666666666666667,0.7333333333333333,0.3333333333333333,0.6,-0.13333333333333333,0.375,0.8871718960482181,0.10614110270035383,0.31320517065715037,1.0,1.0,1.0,0.0,0
synthetic_map_00011,0.2,0.4,0.7333333333333333,0.3333333333333333,0.5333333333333333,-0.06666666666666667,0.3125,0.5457396836914494,0.47039148779306206,0.5157234367204573,0.0,0.0,1.0,1.0,3
synthetic_map_00011,0.26666666666666666,0.4,0.7333333333333333,0.3333333333333333,0.4666666666666667,-0.06666666666666667,0.28125,0.5568044810600343,0.44413607172343295,0.6341844146784044,0.0,0.0,1.0,1.0,3
synthetic_map_00011,0.3333333333333333,0.4,0.7333333333333333,0.3333333333333333,0.4,-0.06666666666666667,0.25,0.7749933017556633,0.2301002563699105,0.4438761578480885,1.0,1.0,1.0,1.0,3
synthetic_map_00011,0.4666666666666667,0.4,0.7333333333333333,0.3333333333333333,0.26666666666666666,-0.06666666666666667,0.1875,0.7830775449614731,0.20889748270865494,0.45776569092499103,1.0,0.0,1.0,1.0,3
synthetic_map_00011,0.5333333333333333,0.4,0.7333333333333333,0.3333333333333333,0.2,-0.06666666666666667,0.15625,0.6622203097449348,0.3584721222828002,0.4750985056571946,1.0,0.0,1.0,1.0,3
synthetic_map_00011,0.6,0.4,0.7333333333333333,0.3333333333333333,0.13333333333333333,-0.06666666666666667,0.125,0.6397282623282192,0.37570223869385505,0.45222063441714355,0.0,1.0,1.0,1.0,3
synthetic_map_00011,0.6666666666666666,0.4,0.7333333333333333,0.3333333333333333,0.06666666666666667,-0.06666666666666667,0.09375,0.7608426735365383,0.26634874745025416,0.38809146577174847,0.0,1.0,1.0,1.0,3
synthetic_map_00012,0.06666666666666667,0.4666666666666667,0.5333333333333333,0.4,0.4666666666666667,-0.06666666666666667,0.34375,0.6314331011490891,0.3407741970813214,0.4151351932438459,0.0,0.0,1.0,1.0,3
synthetic_map_00012,0.13333333333333333,0.4666666666666667,0.5333333333333333,0.4,0.4,-0.06666666666666667,0.3125,0.6374943489711633,0.37588554503202387,0.494403653221015,1.0,1.0,1.0,1.0,3
synthetic_map_00012,0.2,0.4666666666666667,0.5333333333333333,0.4,0.3333333333333333,-0.06666666666666667,0.28125,0.7978233771281578,0.20321026917719348,0.38877366431508315,1.0,0.0,1.0,1.0,3
synthetic_map_00012,0.26666666666666666,0.4666666666666667,0.5333333333333333,0.4,0.26666666666666666,-0.06666666666666667,0.25,0.6707692348400907,0.34500435483173814,0.5322204827202712,0.0,1.0,1.0,0.0,1
synthetic_map_00012,0.26666666666666666,0.5333333333333333,0.5333333333333333,0.4,0.26666666666666666,-0.13333333333333333,0.21875,0.6571219542877937,0.35615629046881764,0.49649922250418516,1.0,1.0,0.0,1.0,3
synthetic_map_00012,0.3333333333333333,0.5333333333333333,0.5333333333333333,0.4,0.2,-0.13333333333333333,0.1875,0.798747286369866,0.2259721846565363,0.3401634513156163,0.0,1.0,1.0,1.0,3
synthetic_map_00012,0.4,0.5333333333333333,0.5333333333333333,0.4,0.13333333333333333,-0.13333333333333333,0.15625,0.6805123981991802,0.3240215875325541,0.4530187758571146,1.0,0.0,1.0,1.0,0
synthetic_map_00012,0.4,0.4666666666666667,0.5333333333333333,0.4,0.13333333333333333,-0.06666666666666667,0.125,0.7474374460844466,0.26224419466585974,0.3244028007358544,0.0,1.0,0.0,1.0,3
synthetic_map_00012,0.4666666666666667,0.4666666666666667,0.5333333333333333,0.4,0.06666666666666667,-0.06666666666666667,0.09375,0.9007757949415837,0.0785662781993667,0.3118013814939725,1.0,1.0,1.0,1.0,0
synthetic_map_00012,0.4666666666666667,0.4,0.5333333333333333,0.4,0.06666666666666667,0.0,0.0625,0.6031705357102629,0.3760727972690997,0.5274112145685242,0.0,1.0,0.0,1.0,3
synthetic_map_00013,0.7333333333333333,1.0,0.06666666666666667,0.6,-0.6666666666666666,-0.4,0.65625,0.5534475080814454,0.4540790085635837,0.5779917923985164,1.0,0.0,0.0,1.0,0
synthetic_map_00013,0.7333333333333333,0.9333333333333333,0.06666666666666667,0.6,-0.6666666666666666,-0.3333333333333333,0.625,0.9028907557486073,0.07226755456154087,0.3206787538533377,1.0,1.0,1.0,1.0,0
synthetic_map_00013,0.6666666666666666,0.6,0.06666666666666667,0.6,-0.6,0.0,0.4375,0.8642188194082041,0.14082887079556566,0.3228550992554805,1.0,0.0,1.0,1.0,2
synthetic_map_00013,0.6,0.6,0.06666666666666667,0.6,-0.5333333333333333,0.0,0.40625,0.878979430880557,0.13408653620800898,0.21826385585702476,1.0,1.0,1.0,1.0,2
synthetic_map_00013,0.5333333333333333,0.6,0.06666666666666667,0.6,-0.4666666666666667,0.0,0.375,0.7501513066911908,0.2682599338060706,0.30662880712321994,1.0,1.0,0.0,1.0,0
synthetic_map_00013,0.4,0.5333333333333333,0.06666666666666667,0.6,-0.3333333333333333,0.06666666666666667,0.28125,0.7318703253881755,0.2468672103594715,0.33260290687896854,0.0,1.0,1.0,1.0,2
synthetic_map_00013,0.3333333333333333,0.5333333333333333,0.06666666666666667,0.6,-0.26666666666666666,0.06666666666666667,0.25,0.6141735152996506,0.35770348911026495,0.5207360290322511,1.0,1.0,0.0,1.0,0
synthetic_map_00013,0.26666666666666666,0.4666666666666667,0.06666666666666667,0.6,-0.2,0.13333333333333333,0.1875,0.7730470048436389,0.20170273083375626,0.4089355139225389,0.0,0.0,1.0,1.0,2
synthetic_map_00013,0.2,0.4666666666666667,0.06666666666666667,0.6,-0.13333333333333333,0.13333333333333333,0.15625,0.5360434278221461,0.48398958329434383,0.5963143367714691,1.0,1.0,1.0,1.0,2
synthetic_map_00013,0.13333333333333333,0.4666666666666667,0.06666666666666667,0.6,-0.06666666666666667,0.13333333333333333,0.125,0.8078099998079394,0.17839926329964495,0.3306420319756823,0.0,0.0,1.0,1.0,2
synthetic_map_00013,0.06666666666666667,0.4666666666666667,0.06666666666666667,0.6,0.0,0.13333333333333333,0.09375,0.7926163749002907,0.22331570727372957,0.3167771833484893,1.0,1.0,1.0,1.0,1
synthetic_map_00013,0.06666666666666667,0.5333333333333333,0.06666666666666667,0.6,0.0,0.06666666666666667,0.0625,0.9331010597752797,0.09085678706863778,0.29731416961511065,1.0,1.0,1.0,0.0,1
synthetic_map_00014,0.8666666666666667,0.8,0.6,0.0,-0.26666666666666666,-0.8,0.65625,0.7627649423715297,0.2603761790428886,0.37995395946490695,1.0,0.0,1.0,1.0,2
synthetic_map_00014,0.8,0.8,0.6,0.0,-0.2,-0.8,0.625,0.9032550802658386,0.1255124240974169,0.2857536521308993,1.0,1.0,1.0,1.0,2
synthetic_map_00014,0.7333333333333333,0.8,0.6,0.0,-0.13333333333333333,-0.8,0.59375,0.8631900534162599,0.15617956475567152,0.2951481918138869,1.0,1.0,1.0,1.0,0
synthetic_map_00014,0.7333333333333333,0.7333333333333333,0.6,0.0,-0.13333333333333333,-0.7333333333333333,0.5625,0.9992545846471549,0.0071327342012897366,0.24559389151040112,1.0,1.0,1.0,1.0,0
synthetic_map_00014,0.7333333333333333,0.6,0.6,0.0,-0.13333333333333333,-0.6,0.5,0.7481120213580139,0.24144021961460266,0.3665639689646605,1.0,1.0,0.0,1.0,0
synthetic_map_00014,0.7333333333333333,0.5333333333333333,0.6,0.0,-0.13333333333333333,-0.5333333333333333,0.46875,0.6614928209701225,0.3599263803574151,0.49181995630877573,0.0,1.0,1.0,0.0,2
synthetic_map_00014,0.5333333333333333,0.5333333333333333,0.6,0.0,0.06666666666666667,-0.5333333333333333,0.375,0.7509958789848431,0.2449560115202033,0.4551773192456812,1.0,0.0,1.0,1.0,0
synthetic_map_00014,0.4666666666666667,0.4666666666666667,0.6,0.0,0.13333333333333333,-0.4666666666666667,0.3125,0.7466669089978947,0.26173646700138975,0.3030483320560488,1.0,1.0,1.0,1.0,0
synthetic_map_00014,0.4666666666666667,0.3333333333333333,0.6,0.0,0.13333333333333333,-0.3333333333333333,0.25,0.6908535526411158,0.31819194272583057,0.4748647208841108,1.0,1.0,1.0,0.0,0
synthetic_map_00014,0.4666666666666667,0.2,0.6,0.0,0.13333333333333333,-0.2,0.1875,0.9112622281650892,0.09832339883483987,0.31272800363329367,1.0,1.0,1.0,0.0,0
synthetic_map_00014,0.4666666666666667,0.06666666666666667,0.6,0.0,0.13333333333333333,-0.06666666666666667,0.125,0.8213928263289733,0.1742861957177623,0.29838826268985014,1.0,1.0,1.0,0.0,0
synthetic_map_00014,0.4666666666666667,0.0,0.6,0.0,0.13333333333333333,0.0,0.09375,0.4117250710246192,0.5946389483395366,0.6532434252634031,0.0,1.0,0.0,1.0,3
synthetic_map_00015,0.8666666666666667,0.3333333333333333,0.26666666666666666,0.5333333333333333,-0.6,0.2,0.46875,1.0,0.016692754890084344,0.12622426674741796,1.0,1.0,1.0,1.0,2
synthetic_map_00015,0.8,0.3333333333333333,0.26666666666666666,0.5333333333333333,-0.5333333333333333,0.2,0.4375,0.9784698132848072,0.029478827113151168,0.1427500744385291,1.0,1.0,1.0,1.0,2
synthetic_map_00015,0.7333333333333333,0.3333333333333333,0.26666666666666666,0.5333333333333333,-0.4666666666666667,0.2,0.40625,0.892339292860159,0.10301224853187343,0.29460877717544065,1.0,1.0,1.0,1.0,1
synthetic_map_00015,0.7333333333333333,0.4,0.26666666666666666,0.5333333333333333,-0.4666666666666667,0.13333333333333333,0.375,0.9151293383808369,0.08842007810195553,0.2856686786819757,1.0,1.0,1.0,1.0,1
synthetic_map_00015,0.7333333333333333,0.4666666666666667,0.26666666666666666,0.5333333333333333,-0.4666666666666667,0.06666666666666667,0.34375,0.8237539154144196,0.15217890530641653,0.3637203954382817,1.0,1.0,0.0,1.0,1
synthetic_map_00015,0.6666666666666666,0.5333333333333333,0.26666666666666666,0.5333333333333333,-0.4,0.0,0.28125,0.762478555640337,0.22344854233037773,0.30166491615055685,0.0,1.0,1.0,1.0,2
synthetic_map_00015,0.6,0.5333333333333333,0.26666666666666666,0.5333333333333333,-0.3333333333333333,0.0,0.25,0.5251442644878831,0.49210524778514086,0.5575315315399592,1.0,0.0,1.0,1.0,2
synthetic_map_00015,0.5333333333333333,0.5333333333333333,0.26666666666666666,0.5333333333333333,-0.26666666666666666,0.0,0.21875,0.6220024597673179,0.373335363470861,0.5170488490043637,0.0,0.0,1.0,1.0,2
synthetic_map_00015,0.4666666666666667,0.5333333333333333,0.26666666666666666,0.5333333333333333,-0.2,0.0,0.1875,0.5519743532960034,0.45839824833085163,0.6156108692227912,1.0,1.0,0.0,1.0,1
synthetic_map_00015,0.4666666666666667,0.6,0.26666666666666666,0.5333333333333333,-0.2,-0.06666666666666667,0.15625,0.5439036742381741,0.472997553181972,0.63202648256503,1.0,1.0,1.0,0.0,2
synthetic_map_00015,0.3333333333333333,0.6,0.26666666666666666,0.5333333333333333,-0.06666666666666667,-0.06666666666666667,0.09375,0.7105253884441363,0.3019775896345502,0.4123573230640232,1.0,0.0,1.0,1.0,2
synthetic_map_00015,0.26666666666666666,0.6,0.26666666666666666,0.5333333333333333,0.0,-0.06666666666666667,0.0625,0.8896376615689198,0.1250828746266608,0.3043579970127689,1.0,1.0,1.0,1.0,0
synthetic_map_00016,0.9333333333333333,0.4666666666666667,0.13333333333333333,0.2,-0.8,-0.26666666666666666,0.53125,0.6403566220380322,0.3491681291492393,0.41479896204137956,1.0,1.0,1.0,0.0,2
synthetic_map_00016,0.8666666666666667,0.4666666666666667,0.13333333333333333,0.2,-0.7333333333333333,-0.26666666666666666,0.5,0.7696813058852493,0.20415656916014777,0.4247733288143086,0.0,1.0,1.0,1.0,2
synthetic_map_00016,0.8,0.4666666666666667,0.13333333333333333,0.2,-0.6666666666666666,-0.26666666666666666,0.46875,0.69881748548295,0.28741415458406405,0.5421070509455047,1.0,0.0,1.0,1.0,2
synthetic_map_00016,0.7333333333333333,0.4666666666666667,0.13333333333333333,0.2,-0.6,-0.26666666666666666,0.4375,0.6006523038615494,0.3745188557730178,0.48760549209437254,1.0,0.0,0.0,1.0,0
synthetic_map_00016,0.6,0.4,0.13333333333333333,0.2,-0.4666666666666667,-0.2,0.34375,0.6231087865786362,0.35262507020191197,0.4934658165431251,1.0,1.0,1.0,1.0,2
synthetic_map_00016,0.5333333333333333,0.4,0.13333333333333333,0.2,-0.4,-0.2,0.3125,0.8738032600899838,0.11067486766622578,0.2952350058944484,0.0,1.0,1.0,1.0,2
synthetic_map_00016,0.4,0.4,0.13333333333333333,0.2,-0.26666666666666666,-0.2,0.25,0.871929647987978,0.11600547335299505,0.2118834079844344,1.0,1.0,0.0,1.0,0
synthetic_map_00016,0.4,0.3333333333333333,0.13333333333333333,0.2,-0.26666666666666666,-0.13333333333333333,0.21875,0.791534903851256,0.22511825181905476,0.4266841145281646,1.0,1.0,1.0,1.0,2
synthetic_map_00016,0.3333333333333333,0.3333333333333333,0.13333333333333333,0.2,-0.2,-0.13333333333333333,0.1875,0.7592557203967524,0.2317112274231376,0.36295959583004456,1.0,0.0,1.0,1.0,2
synthetic_map_00016,0.26666666666666666,0.3333333333333333,0.13333333333333333,0.2,-0.13333333333333333,-0.13333333333333333,0.15625,0.7621006301163566,0.22293041309152312,0.4528909219007807,1.0,0.0,1.0,1.0,2
synthetic_map_00016,0.2,0.3333333333333333,0.13333333333333333,0.2,-0.06666666666666667,-0.13333333333333333,0.125,0.7879373591843251,0.2314048421098288,0.2979114712289271,1.0,1.0,1.0,1.0,2
synthetic_map_00016,0.13333333333333333,0.3333333333333333,0.13333333333333333,0.2,0.0,-0.13333333333333333,0.09375,0.6546782986720548,0.32843700919712054,0.47527569721152835,1.0,0.0,1.0,1.0,0
synthetic_map_00017,0.6666666666666666,1.0,0.9333333333333333,0.3333333333333333,0.26666666666666666,-0.6666666666666666,0.71875,0.5433812477106422,0.4856289637140402,0.5428020771239954,1.0,0.0,0.0,1.0,0
synthetic_map_00017,0.6666666666666666,0.9333333333333333,0.9333333333333333,0.3333333333333333,0.26666666666666666,-0.6,0.6875,0.611790625933213,0.3818406586107631,0.4796145796940155,0.0,1.0,1.0,1.0,3
synthetic_map_00017,0.7333333333333333,0.9333333333333333,0.9333333333333333,0.3333333333333333,0.2,-0.6,0.65625,0.8165556884844645,0.20023404673541284,0.43408748480357534,1.0,1.0,1.0,1.0,0
synthetic_map_00017,0.7333333333333333,0.8666666666666667,0.9333333333333333,0.3333333333333333,0.2,-0.5333333333333333,0.625,0.7642597067165477,0.23874382019754975,0.4538463889243944,1.0,1.0,0.0,1.0,0
synthetic_map_00017,0.7333333333333333,0.8,0.9333333333333333,0.3333333333333333,0.2,-0.4666666666666667,0.59375,0.759290610810474,0.21572560413432126,0.42923477700857454,1.0,1.0,1.0,0.0,0
synthetic_map_00017,0.7333333333333333,0.7333333333333333,0.9333333333333333,0.3333333333333333,0.2,-0.4,0.5625,0.9226211827179093,0.10692216779494287,0.23930106130895257,1.0,1.0,1.0,1.0,0
synthetic_map_00017,0.7333333333333333,0.6666666666666666,0.9333333333333333,0.3333333333333333,0.2,-0.3333333333333333,0.53125,0.989193318532208,0.0,0.21750833398287944,1.0,1.0,1.0,1.0,0
synthetic_map_00017,0.6,0.5333333333333333,0.9333333333333333,0.3333333333333333,0.3333333333333333,-0.2,0.40625,0.914670106895906,0.10060029415364932,0.3502670691683991,0.0,1.0,1.0,1.0,2
synthetic_map_00017,0.5333333333333333,0.5333333333333333,0.9333333333333333,0.3333333333333333,0.4,-0.2,0.375,0.6331979072000422,0.3524912960069888,0.49094217134063095,1.0,1.0,0.0,1.0,0
synthetic_map_00017,0.5333333333333333,0.4,0.9333333333333333,0.3333333333333333,0.4,-0.06666666666666667,0.3125,0.5119086613661817,0.5059757607854157,0.6169404816739857,1.0,1.0,1.0,0.0,0
synthetic_map_00017,0.5333333333333333,0.3333333333333333,0.9333333333333333,0.3333333333333333,0.4,0.0,0.28125,0.6574496808450648,0.3615934781217126,0.5175099722741221,1.0,1.0,0.0,0.0,0
synthetic_map_00017,0.6666666666666666,0.3333333333333333,0.9333333333333333,0.3333333333333333,0.26666666666666666,0.0,0.15625,0.5379380656715347,0.46734393764785337,0.6312530136617585,1.0,0.0,0.0,1.0,3
synthetic_map_00018,0.8,0.6666666666666666,0.5333333333333333,0.4,-0.26666666666666666,-0.26666666666666666,0.28125,0.8851285847293942,0.14094466814043966,0.27925722616274085,0.0,1.0,1.0,1.0,2
synthetic_map_00018,0.7333333333333333,0.6666666666666666,0.5333333333333333,0.4,-0.2,-0.26666666666666666,0.25,0.7067296257074825,0.2645757738045582,0.3811905360191445,1.0,1.0,1.0,1.0,0
synthetic_map_00018,0.7333333333333333,0.6,0.5333333333333333,0.4,-0.2,-0.2,0.21875,0.788996128229776,0.23473091158894135,0.3186334140465963,1.0,1.0,0.0,0.0,0
synthetic_map_00018,0.7333333333333333,0.5333333333333333,0.5333333333333333,0.4,-0.2,-0.13333333333333333,0.1875,0.8113157213745223,0.18040455467674263,0.31846150536741735,1.0,1.0,1.0,1.0,2
synthetic_map_00018,0.6666666666666666,0.5333333333333333,0.5333333333333333,0.4,-0.13333333333333333,-0.13333333333333333,0.15625,0.8827143280960041,0.1347354090033795,0.28279090565335574,1.0,0.0,1.0,1.0,2
synthetic_map_00018,0.6,0.5333333333333333,0.5333333333333333,0.4,-0.06666666666666667,-0.13333333333333333,0.125,0.7870537738294934,0.2059598489025617,0.30666908948654514,1.0,1.0,1.0,1.0,2
synthetic_map_00018,0.5333333333333333,0.5333333333333333,0.5333333333333333,0.4,0.0,-0.13333333333333333,0.09375,0.8981719592623454,0.1263237876550789,0.2928625852906027,1.0,0.0,1.0,1.0,0
synthetic_map_00018,0.5333333333333333,0.4666666666666667,0.5333333333333333,0.4,0.0,-0.06666666666666667,0.0625,0.9562735256523668,0.018882166381323312,0.13751594902799186,1.0,1.0,1.0,1.0,0
synthetic_map_00019,0.5333333333333333,0.0,0.2,0.8666666666666667,-0.3333333333333333,0.8666666666666667,0.59375,0.4183550667283454,0.5738602529557736,0.6249792396468128,0.0,1.0,0.0,0.0,1
synthetic_map_00019,0.5333333333333333,0.06666666666666667,0.2,0.8666666666666667,-0.3333333333333333,0.8,0.5625,0.6762928133203362,0.32473586545380817,0.4104634752557179,1.0,1.0,1.0,1.0,2
synthetic_map_00019,0.4666666666666667,0.06666666666666667,0.2,0.8666666666666667,-0.26666666666666666,0.8,0.53125,0.8503391425650718,0.176287411376525,0.31835457372746584,0.0,1.0,1.0,1.0,1
synthetic_map_00019,0.4,0.2,0.2,0.8666666666666667,-0.2,0.6666666666666666,0.4375,0.778635147394689,0.24172826655477714,0.3260435457863775,0.0,1.0,1.0,1.0,1
synthetic_map_00019,0.4,0.26666666666666666,0.2,0.8666666666666667,-0.2,0.6,0.40625,0.82968614185764,0.1480288574647448,0.28677121837883734,1.0,1.0,1.0,1.0,1
synthetic_map_00019,0.4,0.4,0.2,0.8666666666666667,-0.2,0.4666666666666667,0.34375,0.6315488718711468,0.3532692506827428,0.3908753115239376,1.0,1.0,0.0,0.0,1
synthetic_map_00019,0.4,0.4666666666666667,0.2,0.8666666666666667,-0.2,0.4,0.3125,0.7374530274640502,0.24511893210911936,0.36110408599541133,1.0,1.0,1.0,1.0,2
synthetic_map_00019,0.3333333333333333,0.4666666666666667,0.2,0.8666666666666667,-0.13333333333333333,0.4,0.28125,0.8801508076065949,0.11935349170027368,0.2801396176931864,0.0,1.0,1.0,1.0,2
synthetic_map_00019,0.26666666666666666,0.4666666666666667,0.2,0.8666666666666667,-0.06666666666666667,0.4,0.25,0.7334729342658901,0.23686434439897844,0.390158082775746,1.0,1.0,0.0,1.0,1
synthetic_map_00019,0.26666666666666666,0.5333333333333333,0.2,0.8666666666666667,-0.06666666666666667,0.3333333333333333,0.21875,0.7558042079737977,0.2309618070542512,0.36935032931056583,1.0,1.0,1.0,1.0,2
synthetic_map_00019,0.2,0.5333333333333333,0.2,0.8666666666666667,0.0,0.3333333333333333,0.1875,0.7360093731194655,0.2655771219652795,0.31131493540944416,0.0,1.0,0.0,1.0,1
synthetic_map_00019,0.2,0.8,0.2,0.8666666666666667,0.0,0.06666666666666667,0.0625,1.0,0.0,0.2022047821284006,1.0,1.0,1.0,1.0,1
synthetic_map_00020,0.26666666666666666,0.7333333333333333,0.8,0.4,0.5333333333333333,-0.3333333333333333,0.5625,0.7576799375533282,0.260302264615769,0.4279247879751733,1.0,0.0,1.0,1.0,3
synthetic_map_00020,0.3333333333333333,0.7333333333333333,0.8,0.4,0.4666666666666667,-0.3333333333333333,0.53125,0.6074063903275491,0.41278743551031155,0.6128802928162396,0.0,1.0,1.0,0.0,1
synthetic_map_00020,0.4,0.8,0.8,0.4,0.4,-0.4,0.46875,0.7502955792168422,0.26907903185882825,0.37543798650274773,0.0,1.0,1.0,0.0,1
synthetic_map_00020,0.4666666666666667,0.8666666666666667,0.8,0.4,0.3333333333333333,-0.4666666666666667,0.40625,0.7947000665975852,0.2170164016346729,0.42496980006357477,0.0,1.0,1.0,1.0,3
synthetic_map_00020,0.5333333333333333,0.8666666666666667,0.8,0.4,0.26666666666666666,-0.4666666666666667,0.375,0.7778838528216576,0.24802229837518242,0.36249740735015296,1.0,1.0,1.0,1.0,0
synthetic_map_00020,0.5333333333333333,0.8,0.8,0.4,0.26666666666666666,-0.4,0.34375,0.7751603873978649,0.19538911861522,0.30332677442891137,1.0,1.0,0.0,0.0,0
synthetic_map_00020,0.5333333333333333,0.7333333333333333,0.8,0.4,0.26666666666666666,-0.3333333333333333,0.3125,0.6554693352961175,0.321010163989569,0.48322343641778237,1.0,1.0,1.0,1.0,0
synthetic_map_00020,0.5333333333333333,0.6666666666666666,0.8,0.4,0.26666666666666666,-0.26666666666666666,0.28125,0.8484039525972424,0.15456710241725452,0.2719075018004625,1.0,1.0,1.0,0.0,0
synthetic_map_00020,0.5333333333333333,0.4666666666666667,0.8,0.4,0.26666666666666666,-0.06666666666666667,0.1875,0.6769438344793017,0.30724664139383845,0.4942644202131039,0.0,1.0,1.0,1.0,3
synthetic_map_00020,0.6,0.4666666666666667,0.8,0.4,0.2,-0.06666666666666667,0.15625,0.6597541173661454,0.3543215438237798,0.3997814683561532,1.0,0.0,1.0,1.0,0
synthetic_map_00020,0.6666666666666666,0.4,0.8,0.4,0.13333333333333333,0.0,0.09375,1.0,0.0,0.21097705042775222,1.0,1.0,1.0,1.0,3
synthetic_map_00020,0.7333333333333333,0.4,0.8,0.4,0.06666666666666667,0.0,0.0625,1.0,0.011198215304458171,0.20006466653224841,1.0,1.0,1.0,1.0,3
synthetic_map_00021,0.3333333333333333,0.2,0.8,0.13333333333333333,0.4666666666666667,-0.06666666666666667,0.34375,0.7483573905559412,0.23024891993205931,0.31611447077247423,1.0,0.0,1.0,1.0,3
synthetic_map_00021,0.4,0.2,0.8,0.13333333333333333,0.4,-0.06666666666666667,0.3125,0.7186704390662014,0.2621753751479217,0.3136717518018892,0.0,1.0,1.0,1.0,3
synthetic_map_00021,0.4666666666666667,0.2,0.8,0.13333333333333333,0.3333333333333333,-0.06666666666666667,0.28125,0.8875495406964882,0.13868620154781244,0.27327597809929144,1.0,1.0,1.0,1.0,0
synthetic_map_00021,0.4666666666666667,0.13333333333333333,0.8,0.13333333333333333,0.3333333333333333,0.0,0.25,0.9267092606936342,0.06561757707048352,0.362237287620298,1.0,1.0,0.0,1.0,3
synthetic_map_00021,0.5333333333333333,0.13333333333333333,0.8,0.13333333333333333,0.26666666666666666,0.0,0.21875,0.7677873000379445,0.23395046816039783,0.34620612330998135,1.0,1.0,1.0,0.0,0
synthetic_map_00021,0.5333333333333333,0.06666666666666667,0.8,0.13333333333333333,0.26666666666666666,0.06666666666666667,0.1875,0.7849646108298406,0.24502586120302103,0.37223210952721264,1.0,1.0,1.0,1.0,3
synthetic_map_00021,0.6,0.06666666666666667,0.8,0.13333333333333333,0.2,0.06666666666666667,0.15625,0.8418366103523035,0.14097600334152513,0.27389096911178107,1.0,0.0,1.0,1.0,3
synthetic_map_00021,0.6666666666666666,0.06666666666666667,0.8,0.13333333333333333,0.13333333333333333,0.06666666666666667,0.125,0.7394932609697935,0.23094112887422402,0.323534707079542,1.0,1.0,1.0,1.0,3
synthetic_map_00021,0.7333333333333333,0.06666666666666667,0.8,0.13333333333333333,0.06666666666666667,0.06666666666666667,0.09375,0.9183406222851838,0.06361195766378662,0.26838935229722516,1.0,0.0,1.0,1.0,3
synthetic_map_00021,0.8,0.06666666666666667,0.8,0.13333333333333333,0.0,0.06666666666666667,0.0625,0.7746008962622455,0.24985416976016267,0.32739951822002117,1.0,1.0,1.0,0.0,1
synthetic_map_00022,0.13333333333333333,0.6,0.2,0.2,0.06666666666666667,-0.4,0.25,0.7229174633270394,0.25244662654989275,0.4536492756281712,1.0,0.0,1.0,1.0,0
synthetic_map_00022,0.13333333333333333,0.5333333333333333,0.2,0.2,0.06666666666666667,-0.3333333333333333,0.21875,0.9715554722322322,0.009172469303894572,0.22045515667730792,1.0,1.0,1.0,1.0,0
synthetic_map_00022,0.13333333333333333,0.4666666666666667,0.2,0.2,0.06666666666666667,-0.26666666666666666,0.1875,1.0,0.0,0.16473517167643514,1.0,1.0,1.0,1.0,0
synthetic_map_00022,0.13333333333333333,0.4,0.2,0.2,0.06666666666666667,-0.2,0.15625,0.7627856654327698,0.22650548388801667,0.3926205701307939,0.0,1.0,1.0,1.0,3
synthetic_map_00022,0.2,0.4,0.2,0.2,0.0,-0.2,0.125,0.7588485418058935,0.22026376935124306,0.3773183785400698,1.0,1.0,1.0,1.0,0
synthetic_map_00022,0.2,0.3333333333333333,0.2,0.2,0.0,-0.13333333333333333,0.09375,0.8004465492658395,0.21262725362803667,0.3852041653908411,1.0,1.0,0.0,1.0,0
synthetic_map_00022,0.2,0.26666666666666666,0.2,0.2,0.0,-0.06666666666666667,0.0625,0.6054081559770658,0.3790878051380262,0.4210825625004853,1.0,1.0,0.0,1.0,0
synthetic_map_00023,0.13333333333333333,0.4666666666666667,0.9333333333333333,0.26666666666666666,0.8,-0.2,0.5,0.9020704114095066,0.08574482223949162,0.2778380337994289,1.0,1.0,1.0,0.0,0
synthetic_map_00023,0.13333333333333333,0.4,0.9333333333333333,0.26666666666666666,0.8,-0.13333333333333333,0.46875,0.858631184224872,0.13368105709660877,0.23355802880640358,1.0,1.0,1.0,1.0,0
synthetic_map_00023,0.2,0.3333333333333333,0.9333333333333333,0.26666666666666666,0.7333333333333333,-0.06666666666666667,0.40625,0.826714606926,0.19668309663491157,0.31467086074566064,1.0,1.0,1.0,1.0,3
synthetic_map_00023,0.26666666666666666,0.3333333333333333,0.9333333333333333,0.26666666666666666,0.6666666666666666,-0.06666666666666667,0.375,0.7941759262397619,0.18517852279089841,0.40318136778552577,0.0,1.0,1.0,1.0,3
synthetic_map_00023,0.3333333333333333,0.3333333333333333,0.9333333333333333,0.26666666666666666,0.6,-0.06666666666666667,0.34375,0.6968681116363944,0.30955795949488757,0.49285222245342686,1.0,0.0,1.0,0.0,0
synthetic_map_00023,0.3333333333333333,0.26666666666666666,0.9333333333333333,0.26666666666666666,0.6,0.0,0.3125,0.6100331969535288,0.37378365377889705,0.5163537450009829,1.0,1.0,0.0,1.0,3
synthetic_map_00023,0.4,0.26666666666666666,0.9333333333333333,0.26666666666666666,0.5333333333333333,0.0,0.28125,0.9409204929736419,0.08689693067374539,0.2705416069416942,1.0,0.0,1.0,1.0,3
synthetic_map_00023,0.4666666666666667,0.26666666666666666,0.9333333333333333,0.26666666666666666,0.4666666666666667,0.0,0.25,0.8188425148415427,0.15346931566411237,0.34926160823438557,1.0,1.0,1.0,1.0,3
synthetic_map_00023,0.6666666666666666,0.26666666666666666,0.9333333333333333,0.26666666666666666,0.26666666666666666,0.0,0.15625,0.6728070450750956,0.3553243526921032,0.47729600569343084,0.0,1.0,1.0,1.0,3
synthetic_map_00023,0.7333333333333333,0.26666666666666666,0.9333333333333333,0.26666666666666666,0.2,0.0,0.125,0.7030975219246388,0.2878286372012153,0.4117045689491667,1.0,0.0,1.0,1.0,3
synthetic_map_00023,0.8,0.26666666666666666,0.9333333333333333,0.26666666666666666,0.13333333333333333,0.0,0.09375,0.6970389666669048,0.2878330072621291,0.3869043051650853,0.0,1.0,1.0,1.0,3
synthetic_map_00023,0.8666666666666667,0.26666666666666666,0.9333333333333333,0.26666666666666666,0.06666666666666667,0.0,0.0625,0.8111610722250409,0.1901663865870187,0.38233120032404744,1.0,0.0,1.0,1.0,3
synthetic_map_00024,0.0,0.6666666666666666,0.8,0.26666666666666666,0.8,-0.4,0.59375,0.5301256856846326,0.4867555325704248,0.6044271379477363,0.0,1.0,0.0,1.0,3
synthetic_map_00024,0.06666666666666667,0.6666666666666666,0.8,0.26666666666666666,0.7333333333333333,-0.4,0.5625,0.7376572525557047,0.271775186276352,0.3310400629412552,1.0,1.0,1.0,1.0,0
synthetic_map_00024,0.06666666666666667,0.6,0.8,0.26666666666666666,0.7333333333333333,-0.3333333333333333,0.53125,0.6604919423516147,0.35546026404621206,0.4461072046539756,1.0,1.0,0.0,0.0,0
synthetic_map_00024,0.06666666666666667,0.4666666666666667,0.8,0.26666666666666666,0.7333333333333333,-0.2,0.46875,0.7734914505676875,0.20680649804321724,0.30193568782988134,0.0,1.0,1.0,1.0,3
synthetic_map_00024,0.13333333333333333,0.4,0.8,0.26666666666666666,0.6666666666666666,-0.13333333333333333,0.40625,0.8174877858588955,0.17481676715080835,0.3978096269994997,1.0,1.0,0.0,1.0,3
synthetic_map_00024,0.2,0.4,0.8,0.26666666666666666,0.6,-0.13333333333333333,0.375,0.7693805994034031,0.22685146829071715,0.3513204790828095,0.0,1.0,1.0,1.0,3
synthetic_map_00024,0.26666666666666666,0.4,0.8,0.26666666666666666,0.5333333333333333,-0.13333333333333333,0.34375,0.800555074585909,0.1820734538265475,0.3776603060217271,1.0,0.0,1.0,1.0,0
synthetic_map_00024,0.26666666666666666,0.3333333333333333,0.8,0.26666666666666666,0.5333333333333333,-0.06666666666666667,0.3125,0.8113779785225733,0.20780804869811476,0.3757032038425231,1.0,1.0,0.0,1.0,0
synthetic_map_00024,0.26666666666666666,0.26666666666666666,0.8,0.26666666666666666,0.5333333333333333,0.0,0.28125,0.7068509299582659,0.289986447897802,0.46644308016709846,1.0,1.0,0.0,1.0,3
synthetic_map_00024,0.4,0.26666666666666666,0.8,0.26666666666666666,0.4,0.0,0.21875,0.996388777188454,0.00782913367044271,0.14238906673152404,1.0,1.0,1.0,1.0,3
synthetic_map_00024,0.4666666666666667,0.26666666666666666,0.8,0.26666666666666666,0.3333333333333333,0.0,0.1875,0.9745293313172448,0.0,0.216847803878497,1.0,1.0,1.0,1.0,3
synthetic_map_00024,0.6,0.26666666666666666,0.8,0.26666666666666666,0.2,0.0,0.125,0.7354014793008787,0.25212386522711994,0.310747071228417,1.0,0.0,1.0,1.0,3
synthetic_map_00025,0.4,0.13333333333333333,0.9333333333333333,0.8666666666666667,0.5333333333333333,0.7333333333333333,0.625,0.7389392360951815,0.2542891854873699,0.3328330774252064,0.0,1.0,1.0,1.0,1
synthetic_map_00025,0.4,0.26666666666666666,0.9333333333333333,0.8666666666666667,0.5333333333333333,0.6,0.5625,0.8148094137832752,0.20854089812967364,0.3976696001254293,1.0,1.0,1.0,0.0,1
synthetic_map_00025,0.4,0.3333333333333333,0.9333333333333333,0.8666666666666667,0.5333333333333333,0.5333333333333333,0.53125,0.6791874984021905,0.31514629419372814,0.4608642446831992,1.0,1.0,0.0,1.0,1
synthetic_map_00025,0.4,0.4,0.9333333333333333,0.8666666666666667,0.5333333333333333,0.4666666666666667,0.5,0.6658705659584448,0.308808827113202,0.39839768761789807,1.0,0.0,0.0,1.0,3
synthetic_map_00025,0.4666666666666667,0.5333333333333333,0.9333333333333333,0.8666666666666667,0.4666666666666667,0.3333333333333333,0.40625,0.5070295399890626,0.48789142172602074,0.5221939715119746,1.0,1.0,0.0,1.0,1
synthetic_map_00025,0.4666666666666667,0.7333333333333333,0.9333333333333333,0.8666666666666667,0.4666666666666667,0.13333333333333333,0.3125,0.6466502223692364,0.33738308724218163,0.4930656760450219,1.0,1.0,1.0,0.0,1
synthetic_map_00025,0.4666666666666667,0.8,0.9333333333333333,0.8666666666666667,0.4666666666666667,0.06666666666666667,0.28125,0.7916767298607229,0.20683924378917107,0.37475020705292006,1.0,1.0,0.0,1.0,1
synthetic_map_00025,0.5333333333333333,0.8666666666666667,0.9333333333333333,0.8666666666666667,0.4,0.0,0.21875,0.9720676121143177,0.0,0.20737964587132812,1.0,1.0,1.0,1.0,3
synthetic_map_00025,0.6,0.8666666666666667,0.9333333333333333,0.8666666666666667,0.3333333333333333,0.0,0.1875,0.8730276998598567,0.14429262247219887,0.2411644811252589,1.0,1.0,1.0,1.0,3
synthetic_map_00025,0.6666666666666666,0.8666666666666667,0.9333333333333333,0.8666666666666667,0.26666666666666666,0.0,0.15625,0.8860616946822736,0.09533443522758894,0.3388601788254677,1.0,0.0,1.0,1.0,3
synthetic_map_00025,0.8,0.8666666666666667,0.9333333333333333,0.8666666666666667,0.13333333333333333,0.0,0.09375,0.9558506942710112,0.03928463184277503,0.2787189497970319,1.0,1.0,1.0,1.0,3
synthetic_map_00025,0.8666666666666667,0.8666666666666667,0.9333333333333333,0.8666666666666667,0.06666666666666667,0.0,0.0625,0.907123662199699,0.11927898621529558,0.22924066286385059,1.0,1.0,1.0,1.0,3
synthetic_map_00026,0.7333333333333333,0.2,0.26666666666666666,0.26666666666666666,-0.4666666666666667,0.06666666666666667,0.28125,0.9816591891089599,0.0036883560335472035,0.1644220949729279,1.0,1.0,1.0,1.0,2
synthetic_map_00026,0.6666666666666666,0.2,0.26666666666666666,0.26666666666666666,-0.4,0.06666666666666667,0.25,0.8830905268006657,0.13695203626029506,0.23392568641172284,1.0,1.0,1.0,1.0,2
synthetic_map_00026,0.6,0.2,0.26666666666666666,0.26666666666666666,-0.3333333333333333,0.06666666666666667,0.21875,0.7423062757577484,0.23604764959594848,0.359126967171738,1.0,0.0,1.0,1.0,2
synthetic_map_00026,0.5333333333333333,0.2,0.26666666666666666,0.26666666666666666,-0.26666666666666666,0.06666666666666667,0.1875,0.771868147662258,0.21829521507826746,0.33045275253771833,0.0,1.0,1.0,1.0,2
synthetic_map_00026,0.4666666666666667,0.2,0.26666666666666666,0.26666666666666666,-0.2,0.06666666666666667,0.15625,0.903959060509985,0.08656109102670567,0.2708565734525824,1.0,1.0,1.0,1.0,2
synthetic_map_00026,0.4,0.2,0.26666666666666666,0.26666666666666666,-0.13333333333333333,0.06666666666666667,0.125,0.9022656240336512,0.11225985965833381,0.2699811621665592,1.0,1.0,0.0,1.0,1
synthetic_map_00026,0.4,0.26666666666666666,0.26666666666666666,0.26666666666666666,-0.13333333333333333,0.0,0.09375,0.8454273785906624,0.12832226537602637,0.268078949866833,1.0,1.0,1.0,1.0,2
synthetic_map_00026,0.3333333333333333,0.26666666666666666,0.26666666666666666,0.26666666666666666,-0.06666666666666667,0.0,0.0625,0.9584716091947459,0.06693222542639565,0.23971283204355862,0.0,1.0,1.0,1.0,2
synthetic_map_00027,0.0,0.6,0.4666666666666667,0.2,0.4666666666666667,-0.4,0.5625,0.30909415345166824,0.7085315943915875,0.803299316101921,0.0,1.0,0.0,0.0,1
synthetic_map_00027,0.0,0.6666666666666666,0.4666666666666667,0.2,0.4666666666666667,-0.4666666666666667,0.53125,0.5141206137213417,0.5143532264604187,0.5900273107252856,1.0,0.0,0.0,1.0,3
synthetic_map_00027,0.13333333333333333,0.6666666666666666,0.4666666666666667,0.2,0.3333333333333333,-0.4666666666666667,0.46875,0.9252838710349781,0.10388459380180966,0.2978332415186531,1.0,1.0,1.0,1.0,0
synthetic_map_00027,0.2,0.6,0.4666666666666667,0.2,0.26666666666666666,-0.4,0.40625,0.8714858581291813,0.10622858429369615,0.3215183761917337,0.0,1.0,1.0,1.0,3
synthetic_map_00027,0.26666666666666666,0.6,0.4666666666666667,0.2,0.2,-0.4,0.375,0.7775336078226635,0.23696154715315504,0.33695122394418076,1.0,1.0,1.0,1.0,3
synthetic_map_00027,0.3333333333333333,0.6,0.4666666666666667,0.2,0.13333333333333333,-0.4,0.34375,0.860278225943227,0.11724253588396669,0.3120314622873224,0.0,1.0,1.0,1.0,3
synthetic_map_00027,0.4,0.6,0.4666666666666667,0.2,0.06666666666666667,-0.4,0.3125,0.8052132605251326,0.20066797177627038,0.4073825420236921,1.0,1.0,1.0,1.0,3
synthetic_map_00027,0.5333333333333333,0.6,0.4666666666666667,0.2,-0.06666666666666667,-0.4,0.25,0.7606807876794424,0.2683351596092906,0.4489324247306296,1.0,1.0,1.0,1.0,0
synthetic_map_00027,0.5333333333333333,0.5333333333333333,0.4666666666666667,0.2,-0.06666666666666667,-0.3333333333333333,0.21875,0.8863881353269433,0.08825541257995509,0.24136707425447035,1.0,1.0,0.0,1.0,0
synthetic_map_00027,0.5333333333333333,0.4666666666666667,0.4666666666666667,0.2,-0.06666666666666667,-0.26666666666666666,0.1875,0.6954657555324748,0.3144515354642961,0.4215703218312565,1.0,1.0,1.0,1.0,0
synthetic_map_00027,0.5333333333333333,0.4,0.4666666666666667,0.2,-0.06666666666666667,-0.2,0.15625,0.6375227721465319,0.3481463923680319,0.4231196394064816,1.0,1.0,0.0,0.0,0
synthetic_map_00027,0.5333333333333333,0.3333333333333333,0.4666666666666667,0.2,-0.06666666666666667,-0.13333333333333333,0.125,0.5618740208986447,0.41353505689751135,0.518726280621107,0.0,1.0,1.0,0.0,2
synthetic_map_00028,0.0,0.26666666666666666,0.4,0.7333333333333333,0.4,0.4666666666666667,0.4375,0.5479239391990789,0.45936965091419674,0.555004277359292,1.0,1.0,0.0,1.0,1
synthetic_map_00028,0.0,0.3333333333333333,0.4,0.7333333333333333,0.4,0.4,0.40625,0.4339979683424343,0.538188634859726,0.6121154869800491,1.0,1.0,0.0,0.0,1
synthetic_map_00028,0.0,0.4,0.4,0.7333333333333333,0.4,0.3333333333333333,0.375,0.43384316050036115,0.5940445620144789,0.7131328804551149,1.0,1.0,0.0,0.0,1
synthetic_map_00028,0.0,0.4666666666666667,0.4,0.7333333333333333,0.4,0.26666666666666666,0.34375,0.5490552411821752,0.45063447487358876,0.5851684888602413,1.0,1.0,0.0,1.0,1
synthetic_map_00028,0.0,0.5333333333333333,0.4,0.7333333333333333,0.4,0.2,0.3125,0.5088550356076414,0.5095382056822263,0.5865404992320936,1.0,0.0,0.0,1.0,3
synthetic_map_00028,0.06666666666666667,0.5333333333333333,0.4,0.7333333333333333,0.3333333333333333,0.2,0.28125,0.7367467459888005,0.25694270940516983,0.4059678084871037,1.0,0.0,1.0,1.0,3
synthetic_map_00028,0.13333333333333333,0.5333333333333333,0.4,0.7333333333333333,0.26666666666666666,0.2,0.25,0.7379120278809271,0.23557861618836068,0.3866864657041785,1.0,1.0,1.0,0.0,1
synthetic_map_00028,0.13333333333333333,0.6,0.4,0.7333333333333333,0.26666666666666666,0.13333333333333333,0.21875,0.8308163189149422,0.18638305911093986,0.3769298463358507,1.0,1.0,0.0,1.0,1
synthetic_map_00028,0.13333333333333333,0.6666666666666666,0.4,0.7333333333333333,0.26666666666666666,0.06666666666666667,0.1875,0.891919550947983,0.13620906201875488,0.24218323627185906,1.0,1.0,1.0,1.0,3
synthetic_map_00028,0.2,0.6666666666666666,0.4,0.7333333333333333,0.2,0.06666666666666667,0.15625,0.953765617709659,0.03821146676797503,0.1422318891896282,1.0,1.0,1.0,1.0,3
synthetic_map_00028,0.3333333333333333,0.6666666666666666,0.4,0.7333333333333333,0.06666666666666667,0.06666666666666667,0.09375,0.8910619026587424,0.13811824825263902,0.23199075422572163,1.0,0.0,1.0,1.0,3
synthetic_map_00028,0.4,0.6666666666666666,0.4,0.7333333333333333,0.0,0.06666666666666667,0.0625,0.7669980466583142,0.25126716826255396,0.35231496654576555,1.0,1.0,1.0,1.0,1
synthetic_map_00029,0.6,0.8,0.06666666666666667,0.2,-0.5333333333333333,-0.6,0.5625,1.0,0.0,0.20105816395640336,1.0,1.0,1.0,1.0,2
synthetic_map_00029,0.5333333333333333,0.7333333333333333,0.06666666666666667,0.2,-0.4666666666666667,-0.5333333333333333,0.5,0.8036896544322634,0.18984505619366968,0.3804916397532087,1.0,1.0,0.0,1.0,0
synthetic_map_00029,0.5333333333333333,0.6,0.06666666666666667,0.2,-0.4666666666666667,-0.4,0.4375,0.6200605016585187,0.36315110156189173,0.4675608997327982,1.0,1.0,0.0,1.0,0
synthetic_map_00029,0.5333333333333333,0.5333333333333333,0.06666666666666667,0.2,-0.4666666666666667,-0.3333333333333333,0.40625,0.8028855246427586,0.20044271447994527,0.3206463951922437,1.0,1.0,0.0,1.0,0
synthetic_map_00029,0.4666666666666667,0.4666666666666667,0.06666666666666667,0.2,-0.4,-0.26666666666666666,0.34375,0.9177193079876241,0.08717768856205028,0.2840076422245431,1.0,0.0,1.0,1.0,2
synthetic_map_00029,0.4,0.4666666666666667,0.06666666666666667,0.2,-0.3333333333333333,-0.26666666666666666,0.3125,0.7808054367611343,0.1912181832133152,0.4299116487507808,1.0,1.0,0.0,1.0,0
synthetic_map_00029,0.4,0.4,0.06666666666666667,0.2,-0.3333333333333333,-0.2,0.28125,0.7640523403542544,0.2622522525331329,0.37061977250200945,1.0,1.0,1.0,1.0,2
synthetic_map_00029,0.3333333333333333,0.4,0.06666666666666667,0.2,-0.26666666666666666,-0.2,0.25,0.8588973795286566,0.11891473947694353,0.2537048257277615,1.0,0.0,1.0,1.0,2
synthetic_map_00029,0.26666666666666666,0.4,0.06666666666666667,0.2,-0.2,-0.2,0.21875,0.9348625138858855,0.09038176108310624,0.36643433854146085,1.0,1.0,1.0,1.0,2
synthetic_map_00029,0.2,0.4,0.06666666666666667,0.2,-0.13333333333333333,-0.2,0.1875,0.8920243957608567,0.13026781809501733,0.25962254030513604,1.0,1.0,1.0,1.0,2
synthetic_map_00029,0.06666666666666667,0.3333333333333333,0.06666666666666667,0.2,0.0,-0.13333333333333333,0.09375,0.7332489904041277,0.2424886068262841,0.30305886151331596,1.0,0.0,1.0,1.0,0
synthetic_map_00029,0.06666666666666667,0.26666666666666666,0.06666666666666667,0.2,0.0,-0.06666666666666667,0.0625,0.7535140862262797,0.21660523195946402,0.30966169190957493,1.0,1.0,1.0,0.0,0
synthetic_map_00030,0.0,0.4666666666666667,0.8666666666666667,0.3333333333333333,0.8666666666666667,-0.13333333333333333,0.5,0.34874057416916865,0.6465857894703186,0.720440889585968,0.0,1.0,0.0,1.0,3
synthetic_map_00030,0.06666666666666667,0.4666666666666667,0.8666666666666667,0.3333333333333333,0.8,-0.13333333333333333,0.46875,0.5254736243268383,0.491295646003471,0.49465951904128347,0.0,0.0,1.0,1.0,3
synthetic_map_00030,0.13333333333333333,0.4666666666666667,0.8666666666666667,0.3333333333333333,0.7333333333333333,-0.13333333333333333,0.4375,0.6803526466302449,0.3317210640808289,0.42616021829616785,1.0,0.0,1.0,1.0,0
synthetic_map_00030,0.13333333333333333,0.4,0.8666666666666667,0.3333333333333333,0.7333333333333333,-0.06666666666666667,0.40625,0.6804530757109021,0.3091861000183761,0.3877815349550423,0.0,1.0,0.0,1.0,3
synthetic_map_00030,0.2,0.4,0.8666666666666667,0.3333333333333333,0.6666666666666666,-0.06666666666666667,0.375,0.7981324834668772,0.18084481151765783,0.41036740883329526,1.0,1.0,1.0,1.0,3
synthetic_map_00030,0.26666666666666666,0.4,0.8666666666666667,0.3333333333333333,0.6,-0.06666666666666667,0.34375,0.9179655460975333,0.10668975158275978,0.20933866454377958,0.0,1.0,1.0,1.0,3
synthetic_map_00030,0.3333333333333333,0.3333333333333333,0.8666666666666667,0.3333333333333333,0.5333333333333333,0.0,0.28125,0.8034808959239754,0.21054031983269264,0.432839997504194,1.0,1.0,0.0,1.0,3
synthetic_map_00030,0.4,0.3333333333333333,0.8666666666666667,0.3333333333333333,0.4666666666666667,0.0,0.25,0.8338814349549104,0.1372309780924204,0.24480788083718757,1.0,0.0,1.0,1.0,3
synthetic_map_00030,0.4666666666666667,0.3333333333333333,0.8666666666666667,0.3333333333333333,0.4,0.0,0.21875,0.8307977677040029,0.18729192032174571,0.3380661693144884,1.0,1.0,1.0,1.0,3
synthetic_map_00030,0.5333333333333333,0.3333333333333333,0.8666666666666667,0.3333333333333333,0.3333333333333333,0.0,0.1875,0.9133328103878433,0.10916351659618989,0.31883205838627027,0.0,1.0,1.0,1.0,3
synthetic_map_00030,0.6,0.3333333333333333,0.8666666666666667,0.3333333333333333,0.26666666666666666,0.0,0.15625,0.8531296213005877,0.11709542873851228,0.28061183836075443,1.0,1.0,1.0,1.0,3
synthetic_map_00030,0.6666666666666666,0.3333333333333333,0.8666666666666667,0.3333333333333333,0.2,0.0,0.125,1.0,0.0,0.13010770875756714,1.0,1.0,1.0,1.0,3
synthetic_map_00031,0.06666666666666667,0.6,0.0,0.4666666666666667,-0.06666666666666667,-0.13333333333333333,0.125,0.9381080115601109,0.06924005749534438,0.35060312756636863,1.0,0.0,1.0,1.0,2
synthetic_map_00031,0.0,0.6,0.0,0.4666666666666667,0.0,-0.13333333333333333,0.09375,0.5478183812013949,0.43935100828454865,0.6198150426610145,1.0,1.0,0.0,1.0,0
synthetic_map_00031,0.0,0.5333333333333333,0.0,0.4666666666666667,0.0,-0.06666666666666667,0.0625,0.661530060436025,0.3359258977946318,0.5395943405050213,1.0,1.0,0.0,1.0,0
synthetic_map_00032,0.3333333333333333,0.2,0.3333333333333333,0.4,0.0,0.2,0.1875,0.8933553535987366,0.10258865258971299,0.24654854985345703,1.0,1.0,1.0,1.0,1
synthetic_map_00032,0.3333333333333333,0.26666666666666666,0.3333333333333333,0.4,0.0,0.13333333333333333,0.15625,0.7232406165297673,0.24912429662506935,0.2980610154410671,1.0,0.0,1.0,1.0,2
synthetic_map_00032,0.26666666666666666,0.26666666666666666,0.3333333333333333,0.4,0.06666666666666667,0.13333333333333333,0.125,0.8294669286458675,0.17940453827060554,0.31710919858173303,1.0,1.0,0.0,1.0,1
synthetic_map_00032,0.26666666666666666,0.3333333333333333,0.3333333333333333,0.4,0.06666666666666667,0.06666666666666667,0.09375,0.8335263035499101,0.17626167766337736,0.4496222641830896,1.0,1.0,1.0,0.0,1
synthetic_map_00032,0.26666666666666666,0.4,0.3333333333333333,0.4,0.06666666666666667,0.0,0.0625,0.6702471628585288,0.30259620479463134,0.5378142308761472,1.0,1.0,1.0,1.0,3
synthetic_map_00033,0.0,0.4666666666666667,0.4666666666666667,0.8,0.4666666666666667,0.3333333333333333,0.46875,0.5981131928353718,0.4222159720577476,0.5033603047800426,1.0,1.0,0.0,1.0,1
synthetic_map_00033,0.0,0.5333333333333333,0.4666666666666667,0.8,0.4666666666666667,0.26666666666666666,0.4375,0.6353580346408316,0.35630378116615324,0.4986304879060529,1.0,1.0,0.0,1.0,1
synthetic_map_00033,0.0,0.6,0.4666666666666667,0.8,0.4666666666666667,0.2,0.40625,0.531827743450706,0.4624227813138302,0.6342116375979487,1.0,1.0,0.0,1.0,1
synthetic_map_00033,0.0,0.6666666666666666,0.4666666666666667,0.8,0.4666666666666667,0.13333333333333333,0.375,0.5030667274415614,0.4780379815220903,0.5011863167417763,1.0,1.0,0.0,0.0,1
synthetic_map_00033,0.0,0.7333333333333333,0.4666666666666667,0.8,0.4666666666666667,0.06666666666666667,0.34375,0.4784812924875824,0.540568174793842,0.6822193724159896,1.0,1.0,0.0,1.0,3
synthetic_map_00033,0.13333333333333333,0.7333333333333333,0.4666666666666667,0.8,0.3333333333333333,0.06666666666666667,0.28125,0.6540600526543802,0.345429529978062,0.4545513016353647,1.0,0.0,1.0,1.0,3
synthetic_map_00033,0.2,0.7333333333333333,0.4666666666666667,0.8,0.26666666666666666,0.06666666666666667,0.25,0.5441636422513889,0.4265215697141009,0.5584784765784455,1.0,1.0,1.0,0.0,1
synthetic_map_00033,0.2,0.8,0.4666666666666667,0.8,0.26666666666666666,0.0,0.21875,0.6735919996754751,0.2977091449112455,0.42268856422736256,1.0,1.0,0.0,0.0,1
synthetic_map_00033,0.2,0.8666666666666667,0.4666666666666667,0.8,0.26666666666666666,-0.06666666666666667,0.1875,0.6424824899710274,0.3624717971650441,0.4174106363081841,1.0,1.0,1.0,1.0,3
synthetic_map_00033,0.26666666666666666,0.8666666666666667,0.4666666666666667,0.8,0.2,-0.06666666666666667,0.15625,0.6448951493055983,0.3596108722198092,0.5305159048537624,0.0,0.0,1.0,1.0,3
synthetic_map_00033,0.3333333333333333,0.8666666666666667,0.4666666666666667,0.8,0.13333333333333333,-0.06666666666666667,0.125,0.6350404554656658,0.37328105395774147,0.5362465780703518,0.0,1.0,1.0,1.0,3
synthetic_map_00033,0.4,0.8,0.4666666666666667,0.8,0.06666666666666667,0.0,0.0625,0.8033499721552272,0.1923466265474346,0.3610950459826109,1.0,1.0,0.0,1.0,3
synthetic_map_00034,0.7333333333333333,0.8666666666666667,0.4,0.6,-0.3333333333333333,-0.26666666666666666,0.3125,0.7468856638334554,0.23886830509849327,0.3662571324979073,1.0,1.0,1.0,1.0,2
synthetic_map_00034,0.6666666666666666,0.8666666666666667,0.4,0.6,-0.26666666666666666,-0.26666666666666666,0.28125,0.7896632841746691,0.1997143244887139,0.4038741913878875,1.0,0.0,0.0,1.0,0
synthetic_map_00034,0.6666666666666666,0.8,0.4,0.6,-0.26666666666666666,-0.2,0.25,0.6801879107783697,0.2986314196533842,0.4670840108493486,0.0,1.0,1.0,1.0,2
synthetic_map_00034,0.6,0.8,0.4,0.6,-0.2,-0.2,0.21875,0.6149089742713519,0.4118767397300786,0.5824100163823823,0.0,0.0,1.0,1.0,2
synthetic_map_00034,0.5333333333333333,0.8,0.4,0.6,-0.13333333333333333,-0.2,0.1875,0.7235669962122145,0.2880330735313721,0.4430353363521096,1.0,0.0,1.0,1.0,2
synthetic_map_00034,0.4666666666666667,0.8,0.4,0.6,-0.06666666666666667,-0.2,0.15625,0.8157844085837638,0.1955177569750428,0.32852924060410327,1.0,1.0,0.0,1.0,0
synthetic_map_00034,0.4666666666666667,0.7333333333333333,0.4,0.6,-0.06666666666666667,-0.13333333333333333,0.125,0.8513402736961737,0.1414197819048737,0.3157761239332323,1.0,1.0,1.0,1.0,2
synthetic_map_00034,0.4,0.7333333333333333,0.4,0.6,0.0,-0.13333333333333333,0.09375,0.6829791790064398,0.3206745198280021,0.40875793788662057,1.0,0.0,1.0,1.0,0
synthetic_map_00034,0.4,0.6666666666666666,0.4,0.6,0.0,-0.06666666666666667,0.0625,0.9618558736091986,0.06563018514032229,0.2915361799981977,1.0,1.0,0.0,1.0,0
synthetic_map_00035,0.6666666666666666,0.06666666666666667,0.9333333333333333,0.4,0.26666666666666666,0.3333333333333333,0.3125,0.5268463223409544,0.48904475890836696,0.6287013891563504,0.0,0.0,0.0,1.0,3
synthetic_map_00035,0.7333333333333333,0.06666666666666667,0.9333333333333333,0.4,0.2,0.3333333333333333,0.28125,0.5606264784532881,0.4322105993560513,0.5157074476493324,1.0,0.0,1.0,1.0,3
synthetic_map_00035,0.8,0.06666666666666667,0.9333333333333333,0.4,0.13333333333333333,0.3333333333333333,0.25,0.5734852962071333,0.42661963917229095,0.5399855463956172,0.0,1.0,1.0,0.0,1
synthetic_map_00035,0.8,0.13333333333333333,0.9333333333333333,0.4,0.13333333333333333,0.26666666666666666,0.21875,0.6566472916815221,0.36955747895821434,0.5179615551150734,1.0,1.0,0.0,0.0,1
synthetic_map_00035,0.8,0.2,0.9333333333333333,0.4,0.13333333333333333,0.2,0.1875,0.7448644536848821,0.2441048546689596,0.32337615758436455,1.0,1.0,1.0,1.0,1
synthetic_map_00035,0.8,0.26666666666666666,0.9333333333333333,0.4,0.13333333333333333,0.13333333333333333,0.15625,0.9946771338633899,0.001958768445775569,0.16541352410990715,1.0,1.0,1.0,1.0,1
synthetic_map_00035,0.8,0.3333333333333333,0.9333333333333333,0.4,0.13333333333333333,0.06666666666666667,0.125,0.8073569319489232,0.19292739029991782,0.41012599363488655,1.0,1.0,1.0,1.0,3
synthetic_map_00035,0.8666666666666667,0.3333333333333333,0.9333333333333333,0.4,0.06666666666666667,0.06666666666666667,0.09375,0.7742333349944048,0.23899892557402225,0.42403893284143185,1.0,0.0,1.0,1.0,3
synthetic_map_00035,0.9333333333333333,0.3333333333333333,0.9333333333333333,0.4,0.0,0.06666666666666667,0.0625,0.7500669254214927,0.22352653805767392,0.3563381399630742,0.0,1.0,1.0,1.0,1
synthetic_map_00036,0.26666666666666666,0.4,0.3333333333333333,0.5333333333333333,0.06666666666666667,0.13333333333333333,0.125,0.6187175174711932,0.3996120301003002,0.6136737229244896,0.0,0.0,0.0,1.0,3
synthetic_map_00036,0.3333333333333333,0.4,0.3333333333333333,0.5333333333333333,0.0,0.13333333333333333,0.09375,0.6883737476629699,0.3288216429088053,0.458688462334817,1.0,1.0,1.0,0.0,1
synthetic_map_00036,0.3333333333333333,0.4666666666666667,0.3333333333333333,0.5333333333333333,0.0,0.06666666666666667,0.0625,0.6924528098751433,0.28670512383539043,0.4908914599475575,1.0,1.0,0.0,1.0,1
synthetic_map_00037,0.7333333333333333,1.0,0.2,1.0,-0.5333333333333333,0.0,0.34375,0.649124800225562,0.32550941026635466,0.4611175402570228,1.0,0.0,1.0,1.0,2
synthetic_map_00037,0.6666666666666666,1.0,0.2,1.0,-0.4666666666666667,0.0,0.3125,0.5413470616259309,0.4294906669259416,0.5509724800384271,1.0,0.0,1.0,1.0,2
synthetic_map_00037,0.6,1.0,0.2,1.0,-0.4,0.0,0.28125,0.42454303579977576,0.5987120797817763,0.6041381602132686,0.0,0.0,1.0,1.0,2
synthetic_map_00037,0.5333333333333333,1.0,0.2,1.0,-0.3333333333333333,0.0,0.25,0.43749876697248685,0.5444492972443696,0.5749816661030676,0.0,0.0,1.0,1.0,2
synthetic_map_00037,0.4666666666666667,1.0,0.2,1.0,-0.26666666666666666,0.0,0.21875,0.4806969388010901,0.5386751419134299,0.6985880259353936,1.0,0.0,0.0,1.0,0
synthetic_map_00037,0.4666666666666667,0.9333333333333333,0.2,1.0,-0.26666666666666666,0.06666666666666667,0.1875,0.7083942732571409,0.3092118928006409,0.44695707805477414,1.0,1.0,1.0,0.0,2
synthetic_map_00037,0.4,0.9333333333333333,0.2,1.0,-0.2,0.06666666666666667,0.15625,0.7793002204688506,0.24971418613107266,0.3724102557084398,0.0,0.0,1.0,1.0,2
synthetic_map_00037,0.3333333333333333,0.9333333333333333,0.2,1.0,-0.13333333333333333,0.06666666666666667,0.125,0.6910692270841816,0.30018790856747984,0.4431693574510923,1.0,1.0,1.0,1.0,2
synthetic_map_00037,0.26666666666666666,0.9333333333333333,0.2,1.0,-0.06666666666666667,0.06666666666666667,0.09375,0.8217494696842774,0.1488166542411581,0.2580658610862042,0.0,1.0,1.0,1.0,2
synthetic_map_00037,0.2,0.9333333333333333,0.2,1.0,0.0,0.06666666666666667,0.0625,0.6440697900350554,0.36361553934368074,0.4473250595894787,1.0,1.0,0.0,1.0,1
synthetic_map_00038,0.6666666666666666,0.3333333333333333,0.6666666666666666,1.0,0.0,0.6666666666666666,0.53125,0.9572307573067061,0.022085751835430406,0.1713676239768646,1.0,1.0,1.0,1.0,1
synthetic_map_00038,0.6666666666666666,0.4,0.6666666666666666,1.0,0.0,0.6,0.5,0.7692035145768426,0.20115233395905627,0.30306360305001867,1.0,0.0,1.0,1.0,2
synthetic_map_00038,0.6,0.4,0.6666666666666666,1.0,0.06666666666666667,0.6,0.46875,0.6311980413849635,0.3466834617119573,0.46599169804321366,1.0,1.0,0.0,1.0,1
synthetic_map_00038,0.6,0.5333333333333333,0.6666666666666666,1.0,0.06666666666666667,0.4666666666666667,0.40625,0.7736204951134638,0.20430566211093487,0.3166665489101068,1.0,1.0,1.0,0.0,1
synthetic_map_00038,0.6,0.6666666666666666,0.6666666666666666,1.0,0.06666666666666667,0.3333333333333333,0.34375,0.9207662493307189,0.08539087747917085,0.36740161844499036,1.0,1.0,1.0,1.0,1
synthetic_map_00038,0.6,0.7333333333333333,0.6666666666666666,1.0,0.06666666666666667,0.26666666666666666,0.3125,0.5383681781887015,0.4453789088564535,0.6246804415155834,1.0,0.0,1.0,0.0,2
synthetic_map_00038,0.5333333333333333,0.7333333333333333,0.6666666666666666,1.0,0.13333333333333333,0.26666666666666666,0.28125,0.8398372658541565,0.18605033194216275,0.30334694027132814,1.0,0.0,1.0,1.0,2
synthetic_map_00038,0.4666666666666667,0.7333333333333333,0.6666666666666666,1.0,0.2,0.26666666666666666,0.25,0.8161322206061851,0.19054546406090397,0.3846368814749468,1.0,1.0,1.0,1.0,1
synthetic_map_00038,0.4666666666666667,0.8666666666666667,0.6666666666666666,1.0,0.2,0.13333333333333333,0.1875,0.657784031977849,0.35590263832543356,0.4581239191199413,1.0,1.0,1.0,0.0,1
synthetic_map_00038,0.4666666666666667,1.0,0.6666666666666666,1.0,0.2,0.0,0.125,0.5982181314029781,0.41030801935978123,0.624877388728295,1.0,0.0,1.0,1.0,3
synthetic_map_00038,0.5333333333333333,1.0,0.6666666666666666,1.0,0.13333333333333333,0.0,0.09375,0.6058824629021645,0.3663668120688682,0.48635848191089265,1.0,0.0,1.0,1.0,3
synthetic_map_00038,0.6,1.0,0.6666666666666666,1.0,0.06666666666666667,0.0,0.0625,0.697303264596126,0.2951019354079372,0.42349729751700155,1.0,0.0,1.0,1.0,3
synthetic_map_00039,0.6,0.9333333333333333,0.0,0.8,-0.6,-0.13333333333333333,0.375,1.0,0.0,0.2576133823980681,1.0,1.0,1.0,1.0,2
synthetic_map_00039,0.5333333333333333,0.9333333333333333,0.0,0.8,-0.5333333333333333,-0.13333333333333333,0.34375,0.9741159305048086,0.04959364977109308,0.1793965444850254,1.0,1.0,1.0,1.0,2
synthetic_map_00039,0.4666666666666667,0.9333333333333333,0.0,0.8,-0.4666666666666667,-0.13333333333333333,0.3125,0.9630319470401887,0.033611517128219595,0.13327264747610196,1.0,1.0,1.0,1.0,2
synthetic_map_00039,0.4,0.9333333333333333,0.0,0.8,-0.4,-0.13333333333333333,0.28125,0.9843803569459898,0.0,0.22478998007637657,1.0,1.0,1.0,1.0,2
synthetic_map_00039,0.3333333333333333,0.9333333333333333,0.0,0.8,-0.3333333333333333,-0.13333333333333333,0.25,0.9544006859566034,0.06365540861446758,0.2603841970794445,1.0,1.0,1.0,1.0,2
synthetic_map_00039,0.26666666666666666,0.9333333333333333,0.0,0.8,-0.26666666666666666,-0.13333333333333333,0.21875,0.8736559618017387,0.13393639074441008,0.28029258575017224,1.0,0.0,1.0,1.0,2
synthetic_map_00039,0.2,0.9333333333333333,0.0,0.8,-0.2,-0.13333333333333333,0.1875,0.7473590869981089,0.26812298361607445,0.3594022833931018,1.0,1.0,1.0,1.0,2
synthetic_map_00039,0.13333333333333333,0.9333333333333333,0.0,0.8,-0.13333333333333333,-0.13333333333333333,0.15625,0.8557301770872213,0.12062771993052233,0.33513447563233806,0.0,1.0,1.0,1.0,2
synthetic_map_00039,0.06666666666666667,0.9333333333333333,0.0,0.8,-0.06666666666666667,-0.13333333333333333,0.125,0.6966069798679301,0.3056319286115668,0.41446402871054083,1.0,1.0,0.0,1.0,0
synthetic_map_00039,0.06666666666666667,0.8666666666666667,0.0,0.8,-0.06666666666666667,-0.06666666666666667,0.09375,0.6893628510283326,0.3312531042184153,0.3978275638537004,1.0,1.0,0.0,0.0,0
synthetic_map_00039,0.06666666666666667,0.8,0.0,0.8,-0.06666666666666667,0.0,0.0625,0.6438973632963678,0.3483622571702813,0.4711971935065189,1.0,1.0,1.0,1.0,2
synthetic_map_00040,0.2,0.8,0.06666666666666667,0.26666666666666666,-0.13333333333333333,-0.5333333333333333,0.34375,0.9041274704702827,0.07388715343251538,0.28281113305725447,1.0,1.0,1.0,1.0,2
synthetic_map_00040,0.13333333333333333,0.8,0.06666666666666667,0.26666666666666666,-0.06666666666666667,-0.5333333333333333,0.3125,1.0,0.0,0.1203376156515584,1.0,1.0,1.0,1.0,0
synthetic_map_00040,0.13333333333333333,0.7333333333333333,0.06666666666666667,0.26666666666666666,-0.06666666666666667,-0.4666666666666667,0.28125,0.8863377820056078,0.14326395549535104,0.34639496361527844,1.0,1.0,1.0,1.0,0
synthetic_map_00040,0.13333333333333333,0.6666666666666666,0.06666666666666667,0.26666666666666666,-0.06666666666666667,-0.4,0.25,0.7311407644564591,0.2953501201441298,0.5140508187868339,1.0,1.0,0.0,1.0,0
synthetic_map_00040,0.13333333333333333,0.6,0.06666666666666667,0.26666666666666666,-0.06666666666666667,-0.3333333333333333,0.21875,0.5783304468324989,0.3996638711587935,0.5072429585883335,1.0,1.0,0.0,0.0,0
synthetic_map_00040,0.13333333333333333,0.5333333333333333,0.06666666666666667,0.26666666666666666,-0.06666666666666667,-0.26666666666666666,0.1875,0.6114172379706502,0.40154631403999647,0.5681190278689839,1.0,1.0,0.0,1.0,0
synthetic_map_00040,0.13333333333333333,0.4666666666666667,0.06666666666666667,0.26666666666666666,-0.06666666666666667,-0.2,0.15625,0.7503775600221453,0.22809902951156102,0.3067395150468769,1.0,1.0,1.0,0.0,2
synthetic_map_00040,0.06666666666666667,0.4666666666666667,0.06666666666666667,0.26666666666666666,0.0,-0.2,0.125,0.6816971050821752,0.3424243329260826,0.39948732470384263,1.0,0.0,0.0,1.0,0
synthetic_map_00040,0.06666666666666667,0.4,0.06666666666666667,0.26666666666666666,0.0,-0.13333333333333333,0.09375,0.9234317796058783,0.0818801021082369,0.28712641606908107,1.0,1.0,1.0,1.0,0
synthetic_map_00040,0.06666666666666667,0.3333333333333333,0.06666666666666667,0.26666666666666666,0.0,-0.06666666666666667,0.0625,0.895535319367599,0.10186903913595345,0.3123495715960396,1.0,1.0,1.0,1.0,0
synthetic_map_00041,0.2,0.9333333333333333,0.06666666666666667,0.4666666666666667,-0.13333333333333333,-0.4666666666666667,0.4375,0.7565716272209492,0.26979204667849,0.3301264036681159,1.0,1.0,0.0,1.0,1
synthetic_map_00041,0.2,1.0,0.06666666666666667,0.4666666666666667,-0.13333333333333333,-0.5333333333333333,0.40625,0.575305369095381,0.39621104885308855,0.6046797768677067,1.0,0.0,1.0,1.0,2
synthetic_map_00041,0.13333333333333333,1.0,0.06666666666666667,0.4666666666666667,-0.06666666666666667,-0.5333333333333333,0.375,0.6053213041690971,0.4002947670876728,0.5441615200799039,0.0,0.0,1.0,1.0,2
synthetic_map_00041,0.06666666666666667,0.9333333333333333,0.06666666666666667,0.4666666666666667,0.0,-0.4666666666666667,0.3125,0.7880198227472981,0.1844400255302025,0.29972240721981075,1.0,1.0,1.0,0.0,0
synthetic_map_00041,0.06666666666666667,0.8666666666666667,0.06666666666666667,0.4666666666666667,0.0,-0.4,0.28125,0.771659789115434,0.24228013629653927,0.3929124778773547,1.0,1.0,1.0,0.0,0
synthetic_map_00041,0.06666666666666667,0.8,0.06666666666666667,0.4666666666666667,0.0,-0.3333333333333333,0.25,0.8795060482087924,0.13968253969558972,0.3013058808605528,1.0,1.0,1.0,1.0,0
synthetic_map_00041,0.06666666666666667,0.7333333333333333,0.06666666666666667,0.4666666666666667,0.0,-0.26666666666666666,0.21875,0.9161136613447844,0.08648702959966087,0.360482542541221,0.0,1.0,1.0,1.0,2
synthetic_map_00041,0.0,0.7333333333333333,0.06666666666666667,0.4666666666666667,0.06666666666666667,-0.26666666666666666,0.1875,0.5577812570994423,0.4677511996920693,0.6047086842672648,1.0,1.0,0.0,1.0,0
synthetic_map_00041,0.0,0.6666666666666666,0.06666666666666667,0.4666666666666667,0.06666666666666667,-0.2,0.15625,0.586226208274532,0.41945670459207984,0.5802221618316892,1.0,1.0,0.0,0.0,0
synthetic_map_00041,0.0,0.6,0.06666666666666667,0.4666666666666667,0.06666666666666667,-0.13333333333333333,0.125,0.41686291247106766,0.5622649720485978,0.66145577887828,1.0,1.0,0.0,1.0,0
synthetic_map_00041,0.0,0.5333333333333333,0.06666666666666667,0.4666666666666667,0.06666666666666667,-0.06666666666666667,0.09375,0.5447782359326605,0.45825294962557606,0.5352566415135994,1.0,1.0,0.0,0.0,0
synthetic_map_00041,0.0,0.4666666666666667,0.06666666666666667,0.4666666666666667,0.06666666666666667,0.0,0.0625,0.43747767041240604,0.5575580974584996,0.7177952790168506,1.0,1.0,0.0,1.0,3
synthetic_map_00042,1.0,0.5333333333333333,0.13333333333333333,0.4,-0.8666666666666667,-0.13333333333333333,0.625,0.4909476346584926,0.4823439371640152,0.5662782245638138,1.0,0.0,1.0,0.0,2
synthetic_map_00042,0.9333333333333333,0.5333333333333333,0.13333333333333333,0.4,-0.8,-0.13333333333333333,0.59375,0.7112770420348984,0.2619411745111053,0.3290841016573103,1.0,1.0,0.0,1.0,0
synthetic_map_00042,0.7333333333333333,0.4666666666666667,0.13333333333333333,0.4,-0.6,-0.06666666666666667,0.46875,0.8757310550045082,0.10378440249181545,0.2903769386091516,1.0,1.0,1.0,1.0,2
synthetic_map_00042,0.6666666666666666,0.4666666666666667,0.13333333333333333,0.4,-0.5333333333333333,-0.06666666666666667,0.4375,0.929996431558229,0.06342904211520214,0.2792802262072164,0.0,1.0,1.0,1.0,2
synthetic_map_00042,0.6,0.4666666666666667,0.13333333333333333,0.4,-0.4666666666666667,-0.06666666666666667,0.40625,0.7333401088600179,0.28968251387607846,0.4939036905642391,1.0,1.0,0.0,1.0,0
synthetic_map_00042,0.6,0.3333333333333333,0.13333333333333333,0.4,-0.4666666666666667,0.06666666666666667,0.34375,0.6894383092127923,0.31751862930839964,0.5357824752269487,1.0,1.0,1.0,0.0,2
synthetic_map_00042,0.5333333333333333,0.26666666666666666,0.13333333333333333,0.4,-0.4,0.13333333333333333,0.28125,0.8522182978889887,0.13500294220710354,0.23067725423512936,1.0,1.0,1.0,1.0,2
synthetic_map_00042,0.4,0.26666666666666666,0.13333333333333333,0.4,-0.26666666666666666,0.13333333333333333,0.21875,0.7665499701425665,0.2116987601048132,0.34246073363396407,1.0,1.0,1.0,1.0,2
synthetic_map_00042,0.3333333333333333,0.26666666666666666,0.13333333333333333,0.4,-0.2,0.13333333333333333,0.1875,0.8155117232554017,0.18251286014735696,0.38534161627458374,0.0,1.0,1.0,1.0,2
synthetic_map_00042,0.26666666666666666,0.26666666666666666,0.13333333333333333,0.4,-0.13333333333333333,0.13333333333333333,0.15625,0.7124112120189716,0.3142943015633044,0.537862391748506,1.0,0.0,1.0,1.0,2
synthetic_map_00042,0.13333333333333333,0.26666666666666666,0.13333333333333333,0.4,0.0,0.13333333333333333,0.09375,0.8667742795250086,0.10510813848586972,0.26091786751445956,1.0,1.0,1.0,1.0,1
synthetic_map_00042,0.13333333333333333,0.3333333333333333,0.13333333333333333,0.4,0.0,0.06666666666666667,0.0625,0.8253922366579982,0.19883438944797588,0.3016106282968812,1.0,1.0,1.0,1.0,1
synthetic_map_00043,0.7333333333333333,0.6,0.9333333333333333,0.6,0.2,0.0,0.125,0.7575659016486804,0.2705025118052785,0.4091585004950822,1.0,1.0,1.0,1.0,3
synthetic_map_00043,0.8,0.6,0.9333333333333333,0.6,0.13333333333333333,0.0,0.09375,0.8093889699716856,0.20616752218016077,0.38754883346966024,0.0,0.0,1.0,1.0,3
synthetic_map_00043,0.8666666666666667,0.6,0.9333333333333333,0.6,0.06666666666666667,0.0,0.0625,0.6405136219372102,0.34620715353171616,0.42855790826384016,1.0,1.0,1.0,1.0,3
synthetic_map_00044,0.06666666666666667,0.4,0.7333333333333333,0.8,0.6666666666666666,0.4,0.53125,0.5518565024521802,0.46370512932070573,0.5717185065381715,0.0,1.0,0.0,0.0,1
synthetic_map_00044,0.06666666666666667,0.4666666666666667,0.7333333333333333,0.8,0.6666666666666666,0.3333333333333333,0.5,0.4465826977248087,0.5522999139123126,0.5929242467180992,1.0,0.0,0.0,1.0,3
synthetic_map_00044,0.13333333333333333,0.5333333333333333,0.7333333333333333,0.8,0.6,0.26666666666666666,0.4375,0.8761156199986357,0.11261508966360925,0.3123760817984825,1.0,1.0,0.0,1.0,1
synthetic_map_00044,0.2,0.6,0.7333333333333333,0.8,0.5333333333333333,0.2,0.375,0.7067858935688215,0.2705931756654908,0.43242426536572154,1.0,0.0,1.0,1.0,3
synthetic_map_00044,0.26666666666666666,0.6,0.7333333333333333,0.8,0.4666666666666667,0.2,0.34375,0.8542041804367564,0.12498485313738152,0.2674770907406624,1.0,1.0,1.0,1.0,1
synthetic_map_00044,0.26666666666666666,0.6666666666666666,0.7333333333333333,0.8,0.4666666666666667,0.13333333333333333,0.3125,0.8262537422641675,0.15989287520412065,0.3353606281020505,1.0,1.0,0.0,1.0,3
synthetic_map_00044,0.3333333333333333,0.6666666666666666,0.7333333333333333,0.8,0.4,0.13333333333333333,0.28125,0.9651920434605908,0.031821789995768096,0.2718683316361701,1.0,1.0,1.0,1.0,3
synthetic_map_00044,0.4,0.6666666666666666,0.7333333333333333,0.8,0.3333333333333333,0.13333333333333333,0.25,0.9373989568980378,0.07947323492891252,0.2895127192181418,1.0,1.0,1.0,1.0,3
synthetic_map_00044,0.5333333333333333,0.6666666666666666,0.7333333333333333,0.8,0.2,0.13333333333333333,0.1875,0.705824710514421,0.26705550411091505,0.33620440085857434,1.0,1.0,1.0,1.0,1
synthetic_map_00044,0.5333333333333333,0.7333333333333333,0.7333333333333333,0.8,0.2,0.06666666666666667,0.15625,0.788569554900878,0.2060681322666521,0.42112105446959003,1.0,1.0,0.0,0.0,1
synthetic_map_00044,0.5333333333333333,0.8,0.7333333333333333,0.8,0.2,0.0,0.125,0.7749915042881271,0.19920735672401615,0.34839992605773307,1.0,1.0,1.0,1.0,3
synthetic_map_00044,0.6,0.8,0.7333333333333333,0.8,0.13333333333333333,0.0,0.09375,0.8500319328042433,0.14689522031110136,0.33361768949098747,0.0,1.0,1.0,1.0,3
synthetic_map_00045,0.8,0.13333333333333333,0.5333333333333333,0.8666666666666667,-0.26666666666666666,0.7333333333333333,0.5,0.8676870945251831,0.1584143194584625,0.28568392349226807,1.0,1.0,1.0,1.0,1
synthetic_map_00045,0.8,0.2,0.5333333333333333,0.8666666666666667,-0.26666666666666666,0.6666666666666666,0.46875,0.8863872367376964,0.13612745072289867,0.2938609252107776,1.0,1.0,1.0,1.0,1
synthetic_map_00045,0.8,0.3333333333333333,0.5333333333333333,0.8666666666666667,-0.26666666666666666,0.5333333333333333,0.40625,0.8636205473746242,0.1484038653207846,0.35876679007337126,1.0,1.0,1.0,1.0,2
synthetic_map_00045,0.7333333333333333,0.3333333333333333,0.5333333333333333,0.8666666666666667,-0.2,0.5333333333333333,0.375,0.8411007956653734,0.13192678663542062,0.34775065853044806,0.0,1.0,1.0,1.0,2
synthetic_map_00045,0.6666666666666666,0.3333333333333333,0.5333333333333333,0.8666666666666667,-0.13333333333333333,0.5333333333333333,0.34375,0.7940433850434553,0.23163688161821025,0.3608692651053188,1.0,1.0,1.0,1.0,2
synthetic_map_00045,0.5333333333333333,0.3333333333333333,0.5333333333333333,0.8666666666666667,0.0,0.5333333333333333,0.28125,0.8976969286385132,0.1181179438920745,0.24869049295469853,1.0,1.0,1.0,1.0,1
synthetic_map_00045,0.5333333333333333,0.4,0.5333333333333333,0.8666666666666667,0.0,0.4666666666666667,0.25,0.8084910475960846,0.2183300057380388,0.4259365932755418,1.0,1.0,1.0,0.0,1
synthetic_map_00045,0.5333333333333333,0.5333333333333333,0.5333333333333333,0.8666666666666667,0.0,0.3333333333333333,0.1875,0.8816320947979395,0.11783169375985704,0.23643856473036562,1.0,1.0,1.0,1.0,1
synthetic_map_00045,0.5333333333333333,0.6,0.5333333333333333,0.8666666666666667,0.0,0.26666666666666666,0.15625,0.9874022283823864,0.0,0.2620259950088685,1.0,1.0,1.0,1.0,1
synthetic_map_00045,0.5333333333333333,0.6666666666666666,0.5333333333333333,0.8666666666666667,0.0,0.2,0.125,0.8654422379744268,0.14405185712071486,0.28877049574193475,1.0,1.0,1.0,1.0,1
synthetic_map_00045,0.5333333333333333,0.7333333333333333,0.5333333333333333,0.8666666666666667,0.0,0.13333333333333333,0.09375,0.7698621592627024,0.21183828002483696,0.327153484015343,1.0,1.0,0.0,1.0,1
synthetic_map_00045,0.5333333333333333,0.8,0.5333333333333333,0.8666666666666667,0.0,0.06666666666666667,0.0625,0.7946565779173542,0.2182320100491196,0.4310120676677998,1.0,1.0,1.0,0.0,1
synthetic_map_00046,0.6666666666666666,0.4666666666666667,0.0,0.4666666666666667,-0.6666666666666666,0.0,0.46875,0.6831304378980181,0.3457421090488866,0.4517258818406525,0.0,0.0,1.0,0.0,2
synthetic_map_00046,0.5333333333333333,0.4666666666666667,0.0,0.4666666666666667,-0.5333333333333333,0.0,0.40625,0.9344608575632809,0.08119071655303543,0.22473830541594947,1.0,1.0,1.0,1.0,1
synthetic_map_00046,0.5333333333333333,0.5333333333333333,0.0,0.4666666666666667,-0.5333333333333333,-0.06666666666666667,0.375,0.909165977260393,0.08144984108167078,0.26947332521407874,1.0,1.0,0.0,1.0,1
synthetic_map_00046,0.5333333333333333,0.6,0.0,0.4666666666666667,-0.5333333333333333,-0.13333333333333333,0.34375,0.7468579481592575,0.23668550710609482,0.36566974587888823,1.0,1.0,1.0,1.0,2
synthetic_map_00046,0.4666666666666667,0.6,0.0,0.4666666666666667,-0.4666666666666667,-0.13333333333333333,0.3125,0.7444619289221196,0.25302381960555326,0.3926619477250346,0.0,0.0,1.0,1.0,2
synthetic_map_00046,0.4,0.6,0.0,0.4666666666666667,-0.4,-0.13333333333333333,0.28125,0.6977993323704503,0.31480437029920605,0.5293430187028295,1.0,1.0,0.0,1.0,0
synthetic_map_00046,0.4,0.5333333333333333,0.0,0.4666666666666667,-0.4,-0.06666666666666667,0.25,0.6290296608029605,0.36018393832993806,0.4206608103968468,0.0,1.0,1.0,0.0,2
synthetic_map_00046,0.3333333333333333,0.5333333333333333,0.0,0.4666666666666667,-0.3333333333333333,-0.06666666666666667,0.21875,0.7726912815708384,0.21014316565552374,0.4028753639570103,1.0,0.0,1.0,1.0,2
synthetic_map_00046,0.26666666666666666,0.5333333333333333,0.0,0.4666666666666667,-0.26666666666666666,-0.06666666666666667,0.1875,0.809794603319765,0.2192242837556672,0.3758159622341987,1.0,1.0,1.0,1.0,2
synthetic_map_00046,0.2,0.5333333333333333,0.0,0.4666666666666667,-0.2,-0.06666666666666667,0.15625,0.8786300196514484,0.13613351878765728,0.26709108461621883,1.0,0.0,1.0,1.0,2
synthetic_map_00046,0.13333333333333333,0.5333333333333333,0.0,0.4666666666666667,-0.13333333333333333,-0.06666666666666667,0.125,0.9179567621973573,0.10121516516562269,0.25517688949605105,1.0,1.0,1.0,1.0,2
synthetic_map_00046,0.06666666666666667,0.5333333333333333,0.0,0.4666666666666667,-0.06666666666666667,-0.06666666666666667,0.09375,1.0,0.007618100007926579,0.22280487449704922,1.0,1.0,1.0,1.0,2
synthetic_map_00047,0.26666666666666666,0.5333333333333333,0.5333333333333333,0.5333333333333333,0.26666666666666666,0.0,0.21875,0.6599659305798828,0.31074313343616294,0.493921106242046,0.0,1.0,1.0,1.0,3
synthetic_map_00047,0.3333333333333333,0.5333333333333333,0.5333333333333333,0.5333333333333333,0.2,0.0,0.1875,0.7014002934903891,0.31009024830428117,0.40612895184813674,1.0,0.0,1.0,0.0,0
synthetic_map_00047,0.3333333333333333,0.4666666666666667,0.5333333333333333,0.5333333333333333,0.2,0.06666666666666667,0.15625,0.6111939986948257,0.4103422515083127,0.5855578416608097,1.0,1.0,0.0,1.0,3
synthetic_map_00047,0.4,0.4666666666666667,0.5333333333333333,0.5333333333333333,0.13333333333333333,0.06666666666666667,0.125,0.7778469226605209,0.23296857399540663,0.35115050994171537,0.0,0.0,1.0,1.0,3
synthetic_map_00047,0.4666666666666667,0.4666666666666667,0.5333333333333333,0.5333333333333333,0.06666666666666667,0.06666666666666667,0.09375,0.7043006712440582,0.28918354027514154,0.487220986999024,1.0,1.0,1.0,0.0,1
synthetic_map_00047,0.4666666666666667,0.5333333333333333,0.5333333333333333,0.5333333333333333,0.06666666666666667,0.0,0.0625,0.7843776080538613,0.22654604677801293,0.3403618551914496,1.0,1.0,0.0,1.0,3
synthetic_map_00048,0.6666666666666666,0.8,0.4666666666666667,0.26666666666666666,-0.2,-0.5333333333333333,0.4375,0.618339913399317,0.37705812452476317,0.483768529492153,1.0,0.0,1.0,1.0,0
synthetic_map_00048,0.6666666666666666,0.7333333333333333,0.4666666666666667,0.26666666666666666,-0.2,-0.4666666666666667,0.40625,0.848035974732742,0.1265145008133544,0.23309973622229152,1.0,1.0,0.0,1.0,0
synthetic_map_00048,0.6666666666666666,0.6666666666666666,0.4666666666666667,0.26666666666666666,-0.2,-0.4,0.375,0.8504742948320932,0.14480808298735331,0.36090096166464686,1.0,1.0,1.0,1.0,2
synthetic_map_00048,0.6,0.6666666666666666,0.4666666666666667,0.26666666666666666,-0.13333333333333333,-0.4,0.34375,0.719006268125677,0.2946765040782061,0.5361048181089219,1.0,0.0,1.0,1.0,0
synthetic_map_00048,0.6,0.6,0.4666666666666667,0.26666666666666666,-0.13333333333333333,-0.3333333333333333,0.3125,0.9001442985269081,0.12146048439323717,0.27915635449103093,1.0,1.0,0.0,1.0,0
synthetic_map_00048,0.6,0.5333333333333333,0.4666666666666667,0.26666666666666666,-0.13333333333333333,-0.26666666666666666,0.28125,0.536199766496618,0.48360798139949146,0.5408480045213618,0.0,1.0,1.0,1.0,2
synthetic_map_00048,0.5333333333333333,0.5333333333333333,0.4666666666666667,0.26666666666666666,-0.06666666666666667,-0.26666666666666666,0.25,0.6591235933506785,0.34111623084595405,0.467162917270722,0.0,0.0,1.0,1.0,2
synthetic_map_00048,0.4666666666666667,0.5333333333333333,0.4666666666666667,0.26666666666666666,0.0,-0.26666666666666666,0.21875,0.8456482750954627,0.17290492355871157,0.3254447021921488,1.0,1.0,1.0,1.0,0
synthetic_map_00048,0.4666666666666667,0.4666666666666667,0.4666666666666667,0.26666666666666666,0.0,-0.2,0.1875,0.7886001379874013,0.1986489350293732,0.3939390729268237,0.0,1.0,1.0,0.0,2
synthetic_map_00048,0.4,0.4666666666666667,0.4666666666666667,0.26666666666666666,0.06666666666666667,-0.2,0.15625,0.5926099961066058,0.4275306934707729,0.5327078351869323,1.0,1.0,0.0,1.0,0
synthetic_map_00048,0.4,0.4,0.4666666666666667,0.26666666666666666,0.06666666666666667,-0.13333333333333333,0.125,0.7233051230277956,0.29822949035849644,0.49799154287913255,1.0,1.0,0.0,0.0,0
synthetic_map_00048,0.4666666666666667,0.3333333333333333,0.4666666666666667,0.26666666666666666,0.0,-0.06666666666666667,0.0625,0.7671054115332592,0.2187095789750672,0.35238098352591307,1.0,0.0,1.0,1.0,0
synthetic_map_00049,1.0,0.4666666666666667,0.8,0.4666666666666667,-0.2,0.0,0.125,0.46772181964560705,0.5286988773592463,0.6117460102740566,1.0,1.0,1.0,0.0,2
synthetic_map_00049,0.9333333333333333,0.4666666666666667,0.8,0.4666666666666667,-0.13333333333333333,0.0,0.09375,0.6664308447965365,0.3360893089006132,0.5149667886037075,0.0,0.0,1.0,1.0,2
synthetic_map_00049,0.8666666666666667,0.4666666666666667,0.8,0.4666666666666667,-0.06666666666666667,0.0,0.0625,0.6555194641128178,0.35736828557111067,0.3970415439020304,0.0,1.0,1.0,1.0,2
synthetic_map_00050,0.2,0.6,0.7333333333333333,0.4666666666666667,0.5333333333333333,-0.13333333333333333,0.34375,0.8327753238633947,0.15786229394003784,0.2828430950962296,1.0,1.0,1.0,0.0,0
synthetic_map_00050,0.2,0.5333333333333333,0.7333333333333333,0.4666666666666667,0.5333333333333333,-0.06666666666666667,0.3125,0.8099012474514723,0.21091807289571674,0.43923295028444925,0.0,1.0,1.0,1.0,3
synthetic_map_00050,0.26666666666666666,0.5333333333333333,0.7333333333333333,0.4666666666666667,0.4666666666666667,-0.06666666666666667,0.28125,0.5958442701715804,0.40376078886781525,0.5120191109269151,1.0,0.0,1.0,1.0,3
synthetic_map_00050,0.3333333333333333,0.5333333333333333,0.7333333333333333,0.4666666666666667,0.4,-0.06666666666666667,0.25,0.7287894239119694,0.2899514744911175,0.46928843171810886,0.0,0.0,1.0,1.0,3
synthetic_map_00050,0.4,0.5333333333333333,0.7333333333333333,0.4666666666666667,0.3333333333333333,-0.06666666666666667,0.21875,0.6703281556772017,0.3084441316544798,0.4852830943391905,1.0,1.0,1.0,1.0,3
synthetic_map_00050,0.4666666666666667,0.5333333333333333,0.7333333333333333,0.4666666666666667,0.26666666666666666,-0.06666666666666667,0.1875,0.8777320939298647,0.12297735286344832,0.2267443749094873,0.0,1.0,1.0,1.0,3
synthetic_map_00050,0.5333333333333333,0.5333333333333333,0.7333333333333333,0.4666666666666667,0.2,-0.06666666666666667,0.15625,0.7337268189835733,0.253872340453827,0.4068736998743892,1.0,1.0,1.0,1.0,0
synthetic_map_00050,0.5333333333333333,0.4666666666666667,0.7333333333333333,0.4666666666666667,0.2,0.0,0.125,0.8994704603983665,0.0902431800755524,0.276529101947998,1.0,1.0,0.0,1.0,3
synthetic_map_00050,0.6,0.4666666666666667,0.7333333333333333,0.4666666666666667,0.13333333333333333,0.0,0.09375,0.9028733018354365,0.10238610410317275,0.2688350144754949,1.0,1.0,1.0,1.0,3
synthetic_map_00050,0.6666666666666666,0.4666666666666667,0.7333333333333333,0.4666666666666667,0.06666666666666667,0.0,0.0625,0.8689961469539442,0.13518411258304597,0.27962307445009316,1.0,0.0,1.0,1.0,3
synthetic_map_00051,0.8,0.4,0.0,0.26666666666666666,-0.8,-0.13333333333333333,0.46875,0.6547718958911263,0.3667380857392876,0.5168768764633769,1.0,0.0,1.0,1.0,2
synthetic_map_00051,0.7333333333333333,0.4,0.0,0.26666666666666666,-0.7333333333333333,-0.13333333333333333,0.4375,0.6563326007276911,0.3588981023616793,0.535569468779522,0.0,1.0,1.0,1.0,2
synthetic_map_00051,0.6666666666666666,0.4,0.0,0.26666666666666666,-0.6666666666666666,-0.13333333333333333,0.40625,0.7417849230778311,0.2686331683922461,0.41825784949843997,1.0,0.0,1.0,1.0,2
synthetic_map_00051,0.6,0.4,0.0,0.26666666666666666,-0.6,-0.13333333333333333,0.375,0.7207800476345224,0.26059099334421965,0.44151055073834444,1.0,1.0,0.0,1.0,0
synthetic_map_00051,0.6,0.3333333333333333,0.0,0.26666666666666666,-0.6,-0.06666666666666667,0.34375,0.8373484835560242,0.15275641671847529,0.31113413663998546,1.0,1.0,1.0,1.0,2
synthetic_map_00051,0.5333333333333333,0.3333333333333333,0.0,0.26666666666666666,-0.5333333333333333,-0.06666666666666667,0.3125,0.7887472944232083,0.1857924564447022,0.4014545343619522,1.0,0.0,1.0,1.0,2
synthetic_map_00051,0.4,0.3333333333333333,0.0,0.26666666666666666,-0.4,-0.06666666666666667,0.25,0.7878622693572349,0.21753934027726007,0.3374050312618028,1.0,0.0,1.0,1.0,2
synthetic_map_00051,0.3333333333333333,0.3333333333333333,0.0,0.26666666666666666,-0.3333333333333333,-0.06666666666666667,0.21875,0.7277981895715608,0.2624746588007977,0.3314830706584643,1.0,1.0,1.0,1.0,2
synthetic_map_00051,0.26666666666666666,0.3333333333333333,0.0,0.26666666666666666,-0.26666666666666666,-0.06666666666666667,0.1875,0.6329124495685178,0.37036045885695024,0.38987206018266124,1.0,0.0,1.0,1.0,2
synthetic_map_00051,0.2,0.3333333333333333,0.0,0.26666666666666666,-0.2,-0.06666666666666667,0.15625,0.502934268004491,0.47722029062902954,0.5577728211096875,0.0,0.0,1.0,1.0,2
synthetic_map_00051,0.13333333333333333,0.3333333333333333,0.0,0.26666666666666666,-0.13333333333333333,-0.06666666666666667,0.125,0.6127289825508395,0.4002059752747532,0.6309155368057674,0.0,1.0,1.0,1.0,2
synthetic_map_00051,0.0,0.3333333333333333,0.0,0.26666666666666666,0.0,-0.06666666666666667,0.0625,0.5460594668503033,0.45368255558866505,0.6235952676941323,1.0,1.0,0.0,1.0,0
synthetic_map_00052,0.8666666666666667,0.6,0.2,0.0,-0.6666666666666666,-0.6,0.625,0.6872839821865555,0.3083067296992033,0.4358987127713713,1.0,1.0,1.0,1.0,2
synthetic_map_00052,0.8,0.6,0.2,0.0,-0.6,-0.6,0.59375,0.6399548977160702,0.3766314432816441,0.5406867021407035,0.0,0.0,1.0,1.0,2
synthetic_map_00052,0.7333333333333333,0.6,0.2,0.0,-0.5333333333333333,-0.6,0.5625,0.4816425414782908,0.5293422826345859,0.6317568230181598,1.0,0.0,0.0,1.0,0
synthetic_map_00052,0.6666666666666666,0.5333333333333333,0.2,0.0,-0.4666666666666667,-0.5333333333333333,0.5,0.6706006976868116,0.31506546830087306,0.5352966119717044,1.0,0.0,1.0,1.0,0
synthetic_map_00052,0.6666666666666666,0.4,0.2,0.0,-0.4666666666666667,-0.4,0.4375,0.7734749829833087,0.25622498563571455,0.3176088496587541,1.0,1.0,1.0,1.0,2
synthetic_map_00052,0.4666666666666667,0.4,0.2,0.0,-0.26666666666666666,-0.4,0.34375,0.8438121103147033,0.15043338764723452,0.32089476936100314,1.0,1.0,1.0,1.0,2
synthetic_map_00052,0.4,0.4,0.2,0.0,-0.2,-0.4,0.3125,0.9480083878678921,0.04160097908848169,0.23480246345062425,1.0,1.0,1.0,1.0,2
synthetic_map_00052,0.3333333333333333,0.4,0.2,0.0,-0.13333333333333333,-0.4,0.28125,0.7610166203007208,0.2586014957358574,0.34331234514127695,1.0,1.0,1.0,1.0,0
synthetic_map_00052,0.3333333333333333,0.3333333333333333,0.2,0.0,-0.13333333333333333,-0.3333333333333333,0.25,0.9425135074603583,0.06227965137386736,0.3035745252028846,1.0,1.0,0.0,1.0,0
synthetic_map_00052,0.3333333333333333,0.26666666666666666,0.2,0.0,-0.13333333333333333,-0.26666666666666666,0.21875,0.8993595653913199,0.10168088805586303,0.2975131939279497,1.0,1.0,1.0,1.0,0
synthetic_map_00052,0.3333333333333333,0.06666666666666667,0.2,0.0,-0.13333333333333333,-0.06666666666666667,0.125,0.8392544794893076,0.14609539279930556,0.34421298639113973,1.0,1.0,0.0,1.0,0
synthetic_map_00052,0.26666666666666666,0.0,0.2,0.0,-0.06666666666666667,0.0,0.0625,0.42666638138239554,0.5568085369045854,0.7072196805932004,0.0,0.0,1.0,1.0,2
synthetic_map_00053,0.26666666666666666,0.13333333333333333,0.4,0.6,0.13333333333333333,0.4666666666666667,0.4375,0.8645442966633576,0.15826963890880336,0.21135116778001933,1.0,1.0,0.0,1.0,1
synthetic_map_00053,0.26666666666666666,0.2,0.4,0.6,0.13333333333333333,0.4,0.40625,0.5837572298011502,0.4310296817918564,0.48233638747674545,1.0,0.0,1.0,1.0,2
synthetic_map_00053,0.2,0.2,0.4,0.6,0.2,0.4,0.375,0.7144610275462174,0.29724294759896663,0.4771764369200905,0.0,0.0,1.0,1.0,2
synthetic_map_00053,0.13333333333333333,0.2,0.4,0.6,0.26666666666666666,0.4,0.34375,0.5682702192449044,0.452410735690266,0.48053944148056066,1.0,1.0,1.0,1.0,1
synthetic_map_00053,0.13333333333333333,0.26666666666666666,0.4,0.6,0.26666666666666666,0.3333333333333333,0.3125,0.7362980194542094,0.24963198519218244,0.3459883239946077,1.0,1.0,0.0,0.0,1
synthetic_map_00053,0.13333333333333333,0.4,0.4,0.6,0.26666666666666666,0.2,0.25,0.7729409091999997,0.23120588112288254,0.41811839338772705,1.0,0.0,1.0,1.0,3
synthetic_map_00053,0.2,0.4,0.4,0.6,0.2,0.2,0.21875,0.801503672004748,0.22340764608129926,0.35267483044667947,1.0,1.0,1.0,1.0,1
synthetic_map_00053,0.2,0.4666666666666667,0.4,0.6,0.2,0.13333333333333333,0.1875,0.6621816047119686,0.319847408402197,0.3994888208311691,1.0,0.0,0.0,1.0,3
synthetic_map_00053,0.26666666666666666,0.4666666666666667,0.4,0.6,0.13333333333333333,0.13333333333333333,0.15625,0.8194821188814643,0.1794494409758155,0.3225434969673988,1.0,1.0,1.0,0.0,1
synthetic_map_00053,0.26666666666666666,0.5333333333333333,0.4,0.6,0.13333333333333333,0.06666666666666667,0.125,0.6108887645710979,0.36346491840923534,0.4572775926029035,1.0,0.0,0.0,1.0,3
synthetic_map_00053,0.3333333333333333,0.5333333333333333,0.4,0.6,0.06666666666666667,0.06666666666666667,0.09375,0.7952751212834378,0.18026542712841176,0.36434108250834707,0.0,1.0,1.0,1.0,1
synthetic_map_00053,0.3333333333333333,0.6,0.4,0.6,0.06666666666666667,0.0,0.0625,0.9111191536941956,0.09983821472068405,0.23170581817631516,1.0,1.0,0.0,1.0,3
synthetic_map_00054,0.4,0.4,0.7333333333333333,0.0,0.3333333333333333,-0.4,0.4375,0.6240046280910772,0.380606994425219,0.4949596935760311,0.0,0.0,1.0,0.0,2
synthetic_map_00054,0.3333333333333333,0.3333333333333333,0.7333333333333333,0.0,0.4,-0.3333333333333333,0.375,0.9019484791502768,0.07195126501965751,0.3476937616382832,1.0,1.0,1.0,0.0,0
synthetic_map_00054,0.3333333333333333,0.26666666666666666,0.7333333333333333,0.0,0.4,-0.26666666666666666,0.34375,0.7827214029712575,0.22914530571997593,0.3306698113319383,1.0,1.0,1.0,1.0,0
synthetic_map_00054,0.3333333333333333,0.2,0.7333333333333333,0.0,0.4,-0.2,0.3125,0.8437526048206158,0.13808066174138106,0.29735380722693144,1.0,1.0,0.0,1.0,3
synthetic_map_00054,0.4,0.2,0.7333333333333333,0.0,0.3333333333333333,-0.2,0.28125,0.9702974792661215,0.0,0.18105537991989992,1.0,1.0,1.0,1.0,3
synthetic_map_00054,0.4666666666666667,0.2,0.7333333333333333,0.0,0.26666666666666666,-0.2,0.25,0.9395876864042673,0.07836358401444632,0.24333970482625777,1.0,1.0,1.0,1.0,3
synthetic_map_00054,0.5333333333333333,0.2,0.7333333333333333,0.0,0.2,-0.2,0.21875,0.8864917151291802,0.12715281340519977,0.27642959028200026,0.0,1.0,1.0,1.0,3
synthetic_map_00054,0.6,0.2,0.7333333333333333,0.0,0.13333333333333333,-0.2,0.1875,0.6322541355978514,0.36996089285841893,0.4299325914821623,1.0,1.0,1.0,0.0,0
synthetic_map_00054,0.6,0.13333333333333333,0.7333333333333333,0.0,0.13333333333333333,-0.13333333333333333,0.15625,0.3785692998261581,0.6019515543602889,0.7006528113156221,1.0,1.0,0.0,0.0,0
synthetic_map_00054,0.6,0.06666666666666667,0.7333333333333333,0.0,0.13333333333333333,-0.06666666666666667,0.125,0.4615666748505749,0.5669879078887538,0.6584351259728755,1.0,1.0,0.0,0.0,0
synthetic_map_00054,0.6,0.0,0.7333333333333333,0.0,0.13333333333333333,0.0,0.09375,0.35987844574967687,0.6516342474842214,0.6752079301441019,0.0,1.0,0.0,1.0,3
synthetic_map_00054,0.6666666666666666,0.0,0.7333333333333333,0.0,0.06666666666666667,0.0,0.0625,0.550098972637284,0.4562216683896443,0.6259589688095285,0.0,0.0,1.0,1.0,3
synthetic_map_00055,0.4666666666666667,0.8666666666666667,0.13333333333333333,0.2,-0.3333333333333333,-0.6666666666666666,0.5,0.6604260882140689,0.3547257469861922,0.44766105330744466,1.0,0.0,0.0,1.0,0
synthetic_map_00055,0.4666666666666667,0.6666666666666666,0.13333333333333333,0.2,-0.3333333333333333,-0.4666666666666667,0.40625,0.8609656141249037,0.15569397796546247,0.2412320142836476,1.0,1.0,0.0,1.0,0
synthetic_map_00055,0.4666666666666667,0.6,0.13333333333333333,0.2,-0.3333333333333333,-0.4,0.375,0.7737446134905703,0.23726116426691388,0.3015371730244194,1.0,1.0,1.0,1.0,2
synthetic_map_00055,0.4,0.6,0.13333333333333333,0.2,-0.26666666666666666,-0.4,0.34375,0.7436204259683338,0.23031461453082563,0.3812778689875716,1.0,0.0,1.0,1.0,0
synthetic_map_00055,0.4,0.5333333333333333,0.13333333333333333,0.2,-0.26666666666666666,-0.3333333333333333,0.3125,0.867048626291631,0.14041048380321935,0.21992162836458234,1.0,1.0,0.0,1.0,0
synthetic_map_00055,0.4,0.4666666666666667,0.13333333333333333,0.2,-0.26666666666666666,-0.26666666666666666,0.28125,0.7838329554853025,0.20766899961162466,0.41364189566798093,0.0,1.0,1.0,1.0,2
synthetic_map_00055,0.3333333333333333,0.4666666666666667,0.13333333333333333,0.2,-0.2,-0.26666666666666666,0.25,0.6178696189587425,0.35716926393768145,0.5375054472214826,1.0,0.0,1.0,1.0,2
synthetic_map_00055,0.26666666666666666,0.4666666666666667,0.13333333333333333,0.2,-0.13333333333333333,-0.26666666666666666,0.21875,0.6172111150120164,0.3554570590321098,0.3884976610114841,1.0,0.0,1.0,1.0,0
synthetic_map_00055,0.26666666666666666,0.4,0.13333333333333333,0.2,-0.13333333333333333,-0.2,0.1875,0.8844343572430371,0.10418072826232935,0.3320818105122968,1.0,1.0,0.0,1.0,0
synthetic_map_00055,0.26666666666666666,0.3333333333333333,0.13333333333333333,0.2,-0.13333333333333333,-0.13333333333333333,0.15625,0.7347423548017251,0.23682882634521357,0.3401432392499329,0.0,1.0,1.0,1.0,2
synthetic_map_00055,0.2,0.3333333333333333,0.13333333333333333,0.2,-0.06666666666666667,-0.13333333333333333,0.125,0.38646936865581416,0.5886069750877928,0.5872212830326664,1.0,0.0,0.0,1.0,0
synthetic_map_00055,0.2,0.26666666666666666,0.13333333333333333,0.2,-0.06666666666666667,-0.06666666666666667,0.09375,0.6407378219569682,0.3478333723327771,0.4068228888108384,1.0,1.0,0.0,0.0,0
synthetic_map_00056,0.8666666666666667,0.3333333333333333,1.0,0.8,0.13333333333333333,0.4666666666666667,0.3125,0.5466107637687565,0.42702075061444317,0.5032154594260649,1.0,1.0,0.0,0.0,1
synthetic_map_00056,0.8666666666666667,0.4,1.0,0.8,0.13333333333333333,0.4,0.28125,0.639267894106221,0.336880124417073,0.45900896313473033,1.0,1.0,1.0,0.0,1
synthetic_map_00056,0.8666666666666667,0.4666666666666667,1.0,0.8,0.13333333333333333,0.3333333333333333,0.25,0.7795942363704841,0.20715966683289821,0.36628483468580036,1.0,1.0,1.0,1.0,1
synthetic_map_00056,0.8666666666666667,0.5333333333333333,1.0,0.8,0.13333333333333333,0.26666666666666666,0.21875,0.8948976705915246,0.10602901239540269,0.23987240842194668,1.0,1.0,0.0,1.0,1
synthetic_map_00056,0.8666666666666667,0.6,1.0,0.8,0.13333333333333333,0.2,0.1875,0.8640421579259341,0.11081935030314025,0.26168132023122703,1.0,1.0,1.0,1.0,1
synthetic_map_00056,0.8666666666666667,0.6666666666666666,1.0,0.8,0.13333333333333333,0.13333333333333333,0.15625,0.901737761549114,0.11696371006626304,0.23914951443086022,1.0,1.0,1.0,1.0,1
synthetic_map_00056,0.8666666666666667,0.7333333333333333,1.0,0.8,0.13333333333333333,0.06666666666666667,0.125,0.8831112507574087,0.09826882958277522,0.3239114750699718,1.0,1.0,0.0,1.0,1
synthetic_map_00056,0.8666666666666667,0.8,1.0,0.8,0.13333333333333333,0.0,0.09375,0.7305810119901813,0.241000033714931,0.3826804151482275,1.0,1.0,1.0,1.0,3
synthetic_map_00056,0.9333333333333333,0.8,1.0,0.8,0.06666666666666667,0.0,0.0625,0.900833532069707,0.12752656932335682,0.3512117306595387,1.0,0.0,1.0,1.0,3
synthetic_map_00057,0.8,0.8,0.4,0.8666666666666667,-0.4,0.06666666666666667,0.4375,0.6062700403652066,0.3725118768679033,0.4535909152615442,0.0,0.0,0.0,1.0,3
synthetic_map_00057,0.8666666666666667,0.8,0.4,0.8666666666666667,-0.4666666666666667,0.06666666666666667,0.40625,0.7133411232910835,0.26513706526081354,0.3687360661210223,1.0,1.0,1.0,1.0,1
synthetic_map_00057,0.8666666666666667,0.8666666666666667,0.4,0.8666666666666667,-0.4666666666666667,0.0,0.375,0.7622716006134695,0.2155760562357629,0.37620735361319796,1.0,1.0,0.0,1.0,1
synthetic_map_00057,0.8666666666666667,0.9333333333333333,0.4,0.8666666666666667,-0.4666666666666667,-0.06666666666666667,0.34375,0.7644416197507103,0.25664836461141954,0.3794677023064817,1.0,1.0,0.0,1.0,1
synthetic_map_00057,0.8666666666666667,1.0,0.4,0.8666666666666667,-0.4666666666666667,-0.13333333333333333,0.3125,0.586973934220566,0.4227094325507751,0.49517555834272065,1.0,0.0,1.0,1.0,2
synthetic_map_00057,0.8,1.0,0.4,0.8666666666666667,-0.4,-0.13333333333333333,0.28125,0.4149529381604219,0.6046276198167492,0.655498077845642,0.0,0.0,1.0,1.0,2
synthetic_map_00057,0.7333333333333333,1.0,0.4,0.8666666666666667,-0.3333333333333333,-0.13333333333333333,0.25,0.30266469618374625,0.7088643173252697,0.7979073518930598,0.0,0.0,1.0,1.0,2
synthetic_map_00057,0.6,1.0,0.4,0.8666666666666667,-0.2,-0.13333333333333333,0.1875,0.5729624569408969,0.41244061531318377,0.628961669975571,1.0,0.0,1.0,1.0,2
synthetic_map_00057,0.5333333333333333,1.0,0.4,0.8666666666666667,-0.13333333333333333,-0.13333333333333333,0.15625,0.6786848507337115,0.3051011700605268,0.4846242651747359,1.0,0.0,1.0,1.0,2
synthetic_map_00057,0.4666666666666667,1.0,0.4,0.8666666666666667,-0.06666666666666667,-0.13333333333333333,0.125,0.568877549292547,0.4550618984936591,0.5116366318479828,1.0,0.0,0.0,1.0,0
synthetic_map_00057,0.4666666666666667,0.9333333333333333,0.4,0.8666666666666667,-0.06666666666666667,-0.06666666666666667,0.09375,0.6401021484368562,0.34275713324017615,0.5294618340376565,0.0,1.0,1.0,1.0,2
synthetic_map_00057,0.4,0.9333333333333333,0.4,0.8666666666666667,0.0,-0.06666666666666667,0.0625,0.713136487123212,0.3047240231865222,0.45032843658453736,1.0,0.0,0.0,1.0,0
synthetic_map_00058,0.4,0.0,0.06666666666666667,0.0,-0.3333333333333333,0.0,0.1875,0.45346620920631286,0.5212226741927353,0.6003159204185671,0.0,1.0,1.0,0.0,2
synthetic_map_00058,0.3333333333333333,0.0,0.06666666666666667,0.0,-0.26666666666666666,0.0,0.15625,0.7287252964818655,0.2908413313407248,0.47315210513934913,0.0,1.0,1.0,1.0,2
synthetic_map_00058,0.26666666666666666,0.0,0.06666666666666667,0.0,-0.2,0.0,0.125,0.6973774357126844,0.28873982555081434,0.4281048993290157,0.0,1.0,1.0,1.0,2
synthetic_map_00058,0.2,0.0,0.06666666666666667,0.0,-0.13333333333333333,0.0,0.09375,0.6394456581668674,0.3378982981937823,0.41113370407647054,0.0,1.0,1.0,1.0,2
synthetic_map_00058,0.13333333333333333,0.0,0.06666666666666667,0.0,-0.06666666666666667,0.0,0.0625,0.6881736751277,0.333958531214534,0.41832673388311,0.0,1.0,1.0,1.0,2
synthetic_map_00059,0.6666666666666666,0.7333333333333333,0.06666666666666667,0.9333333333333333,-0.6,0.2,0.40625,1.0,0.0,0.23104281506252689,1.0,1.0,1.0,1.0,2
synthetic_map_00059,0.6,0.7333333333333333,0.06666666666666667,0.9333333333333333,-0.5333333333333333,0.2,0.375,0.8492458558316603,0.13349169161765848,0.24941871247147437,1.0,1.0,1.0,1.0,2
synthetic_map_00059,0.5333333333333333,0.7333333333333333,0.06666666666666667,0.9333333333333333,-0.4666666666666667,0.2,0.34375,0.7394508469155233,0.2374024767928444,0.34475271261973867,1.0,0.0,1.0,1.0,2
synthetic_map_00059,0.4666666666666667,0.7333333333333333,0.06666666666666667,0.9333333333333333,-0.4,0.2,0.3125,0.7355254521524534,0.2406433270435901,0.3992837496525803,0.0,1.0,1.0,1.0,2
synthetic_map_00059,0.4,0.7333333333333333,0.06666666666666667,0.9333333333333333,-0.3333333333333333,0.2,0.28125,0.7588587835797188,0.26063177402814036,0.3239500875127904,1.0,1.0,0.0,1.0,1
synthetic_map_00059,0.4,0.8,0.06666666666666667,0.9333333333333333,-0.3333333333333333,0.13333333333333333,0.25,0.8556453626612499,0.15537838443690827,0.3388252243760408,1.0,1.0,1.0,1.0,2
synthetic_map_00059,0.3333333333333333,0.8,0.06666666666666667,0.9333333333333333,-0.26666666666666666,0.13333333333333333,0.21875,0.7657571052477498,0.2300367522150791,0.3871613942242297,0.0,1.0,0.0,1.0,1
synthetic_map_00059,0.3333333333333333,0.8666666666666667,0.06666666666666667,0.9333333333333333,-0.26666666666666666,0.06666666666666667,0.1875,0.9618707204754149,0.06690284555107898,0.3350764250941913,1.0,1.0,1.0,1.0,2
synthetic_map_00059,0.26666666666666666,0.8666666666666667,0.06666666666666667,0.9333333333333333,-0.2,0.06666666666666667,0.15625,0.8436187546641782,0.15409363777746407,0.22655700603983997,0.0,1.0,1.0,1.0,2
synthetic_map_00059,0.2,0.8666666666666667,0.06666666666666667,0.9333333333333333,-0.13333333333333333,0.06666666666666667,0.125,0.6391402474648977,0.33871979761226245,0.4238397819028638,1.0,1.0,0.0,1.0,1
synthetic_map_00059,0.2,0.9333333333333333,0.06666666666666667,0.9333333333333333,-0.13333333333333333,0.0,0.09375,0.7931532949185451,0.1786322325654324,0.4350161715448472,1.0,1.0,1.0,1.0,2
synthetic_map_00059,0.13333333333333333,0.9333333333333333,0.06666666666666667,0.9333333333333333,-0.06666666666666667,0.0,0.0625,0.8388455574370399,0.14458415698423588,0.27247572493847094,0.0,1.0,1.0,1.0,2
synthetic_map_00060,0.13333333333333333,0.4,0.0,1.0,-0.13333333333333333,0.6,0.625,0.6822444705325419,0.3396531357233941,0.429550237745495,1.0,0.0,1.0,1.0,3
synthetic_map_00060,0.2,0.4,0.0,1.0,-0.2,0.6,0.59375,0.807312030569145,0.18211165656106781,0.3464093949995326,1.0,0.0,1.0,1.0,3
synthetic_map_00060,0.26666666666666666,0.5333333333333333,0.0,1.0,-0.26666666666666666,0.4666666666666667,0.5,0.9063067308814782,0.08402788694485355,0.28390398523698945,1.0,1.0,1.0,1.0,1
synthetic_map_00060,0.26666666666666666,0.6666666666666666,0.0,1.0,-0.26666666666666666,0.3333333333333333,0.4375,0.7407163191547805,0.28695647963247567,0.524217979056953,1.0,0.0,1.0,1.0,3
synthetic_map_00060,0.4,0.6666666666666666,0.0,1.0,-0.4,0.3333333333333333,0.375,0.8459917915663827,0.18213866245818508,0.3844045107442594,0.0,1.0,1.0,1.0,1
synthetic_map_00060,0.4,0.7333333333333333,0.0,1.0,-0.4,0.26666666666666666,0.34375,0.7850939232607362,0.2121127171159152,0.34968685249405734,1.0,1.0,0.0,1.0,1
synthetic_map_00060,0.4,0.8,0.0,1.0,-0.4,0.2,0.3125,0.7819259722364733,0.2121085455054233,0.3971280622455805,1.0,1.0,1.0,0.0,2
synthetic_map_00060,0.3333333333333333,0.8,0.0,1.0,-0.3333333333333333,0.2,0.28125,0.7443241695388317,0.23236286394272743,0.3224564062959118,0.0,1.0,1.0,1.0,2
synthetic_map_00060,0.26666666666666666,0.8666666666666667,0.0,1.0,-0.26666666666666666,0.13333333333333333,0.21875,0.653943486716693,0.35177271948992395,0.5032456587423988,1.0,1.0,0.0,1.0,1
synthetic_map_00060,0.2,0.9333333333333333,0.0,1.0,-0.2,0.06666666666666667,0.15625,0.6107475799643616,0.3766969152147525,0.48869221089041115,0.0,0.0,1.0,1.0,2
synthetic_map_00060,0.13333333333333333,0.9333333333333333,0.0,1.0,-0.13333333333333333,0.06666666666666667,0.125,0.6490503004369615,0.334198223553325,0.5103474656739071,1.0,0.0,1.0,1.0,2
synthetic_map_00060,0.06666666666666667,1.0,0.0,1.0,-0.06666666666666667,0.0,0.0625,0.43241270969448614,0.5634192956223175,0.65323348986774,1.0,0.0,1.0,0.0,2
synthetic_map_00061,0.0,0.6666666666666666,0.8666666666666667,0.9333333333333333,0.8666666666666667,0.26666666666666666,0.6875,0.5916412502296426,0.4366577332217441,0.491636577455683,1.0,1.0,0.0,1.0,1
synthetic_map_00061,0.0,0.7333333333333333,0.8666666666666667,0.9333333333333333,0.8666666666666667,0.2,0.65625,0.49771959670627114,0.48565583971867077,0.49450275527218107,1.0,1.0,0.0,0.0,1
synthetic_map_00061,0.06666666666666667,0.8,0.8666666666666667,0.9333333333333333,0.8,0.13333333333333333,0.59375,0.45856388601169756,0.5335492188165891,0.6763809511238063,0.0,1.0,1.0,0.0,1
synthetic_map_00061,0.13333333333333333,1.0,0.8666666666666667,0.9333333333333333,0.7333333333333333,-0.06666666666666667,0.46875,0.6040370907211878,0.4025142692597542,0.5288831663856997,1.0,0.0,1.0,1.0,3
synthetic_map_00061,0.2,1.0,0.8666666666666667,0.9333333333333333,0.6666666666666666,-0.06666666666666667,0.4375,0.45652327225207434,0.5699870473799313,0.595501120107962,0.0,0.0,1.0,1.0,3
synthetic_map_00061,0.26666666666666666,1.0,0.8666666666666667,0.9333333333333333,0.6,-0.06666666666666667,0.40625,0.41713859311399293,0.5735529498784551,0.6957213595322601,0.0,0.0,1.0,1.0,3
synthetic_map_00061,0.3333333333333333,1.0,0.8666666666666667,0.9333333333333333,0.5333333333333333,-0.06666666666666667,0.375,0.5579559430877139,0.41448926424177907,0.516768955493648,1.0,0.0,1.0,1.0,0
synthetic_map_00061,0.4,0.9333333333333333,0.8666666666666667,0.9333333333333333,0.4666666666666667,0.0,0.3125,0.9245120822402264,0.08110237862139637,0.34672234964477333,1.0,1.0,1.0,1.0,3
synthetic_map_00061,0.4666666666666667,0.9333333333333333,0.8666666666666667,0.9333333333333333,0.4,0.0,0.28125,0.7327845498753549,0.2624800705838137,0.3002720185088221,0.0,1.0,1.0,1.0,3
synthetic_map_00061,0.5333333333333333,0.8666666666666667,0.8666666666666667,0.9333333333333333,0.3333333333333333,0.06666666666666667,0.21875,0.5400236878891725,0.4892463581820006,0.5855431215498693,0.0,1.0,0.0,1.0,3
synthetic_map_00061,0.6666666666666666,0.8666666666666667,0.8666666666666667,0.9333333333333333,0.2,0.06666666666666667,0.15625,0.7173685909170431,0.2874869789428239,0.5305619747995769,1.0,1.0,1.0,0.0,1
synthetic_map_00061,0.6666666666666666,0.9333333333333333,0.8666666666666667,0.9333333333333333,0.2,0.0,0.125,0.6785590827694173,0.347961762485673,0.4210516191280798,1.0,1.0,0.0,1.0,3
synthetic_map_00062,0.4666666666666667,0.8666666666666667,0.4666666666666667,0.6666666666666666,0.0,-0.2,0.1875,0.7580085485141583,0.23730447701142912,0.33539046534003025,0.0,1.0,1.0,1.0,3
synthetic_map_00062,0.5333333333333333,0.8666666666666667,0.4666666666666667,0.6666666666666666,-0.06666666666666667,-0.2,0.15625,0.7307490786555748,0.2490391941063828,0.43757144108384205,1.0,0.0,1.0,1.0,0
synthetic_map_00062,0.5333333333333333,0.8,0.4666666666666667,0.6666666666666666,-0.06666666666666667,-0.13333333333333333,0.125,0.8591956195345513,0.13185784267197986,0.33277146869559593,1.0,1.0,0.0,1.0,0
synthetic_map_00062,0.5333333333333333,0.7333333333333333,0.4666666666666667,0.6666666666666666,-0.06666666666666667,-0.06666666666666667,0.09375,0.8933160464588091,0.11202100680850262,0.3337375473851766,1.0,1.0,1.0,1.0,2
synthetic_map_00062,0.4666666666666667,0.7333333333333333,0.4666666666666667,0.6666666666666666,0.0,-0.06666666666666667,0.0625,0.7425705533103479,0.2633928160666264,0.38124789175582807,1.0,0.0,0.0,1.0,0
synthetic_map_00063,0.8,0.4666666666666667,0.6,0.6666666666666666,-0.2,0.2,0.21875,0.9010002906501203,0.09144293015919885,0.3535907913253712,1.0,1.0,1.0,1.0,2
synthetic_map_00063,0.7333333333333333,0.4666666666666667,0.6,0.6666666666666666,-0.13333333333333333,0.2,0.1875,0.8732957699967939,0.11840381910745373,0.34097304047004845,1.0,1.0,1.0,1.0,2
synthetic_map_00063,0.6666666666666666,0.4666666666666667,0.6,0.6666666666666666,-0.06666666666666667,0.2,0.15625,0.8898071322913704,0.1199344931180408,0.3438168460079597,0.0,1.0,1.0,1.0,2
synthetic_map_00063,0.6,0.4666666666666667,0.6,0.6666666666666666,0.0,0.2,0.125,0.8116255425153567,0.15955239084090914,0.2598505013202309,1.0,1.0,1.0,1.0,1
synthetic_map_00063,0.6,0.5333333333333333,0.6,0.6666666666666666,0.0,0.13333333333333333,0.09375,1.0,0.0,0.12567801844737436,1.0,1.0,1.0,1.0,1
synthetic_map_00063,0.6,0.6,0.6,0.6666666666666666,0.0,0.06666666666666667,0.0625,0.8427059757455435,0.13105482762967677,0.2978757072236451,1.0,1.0,1.0,1.0,1
synthetic_map_00064,0.4,0.3333333333333333,0.9333333333333333,1.0,0.5333333333333333,0.6666666666666666,0.59375,0.7710929668887057,0.25221195991775186,0.43476566072013423,1.0,1.0,0.0,1.0,1
synthetic_map_00064,0.4,0.4,0.9333333333333333,1.0,0.5333333333333333,0.6,0.5625,0.9171981238118841,0.079366542672375,0.3210762372143573,1.0,1.0,1.0,1.0,1
synthetic_map_00064,0.4,0.4666666666666667,0.9333333333333333,1.0,0.5333333333333333,0.5333333333333333,0.53125,0.9965559928442012,0.0,0.20906891408499978,1.0,1.0,1.0,1.0,1
synthetic_map_00064,0.4,0.5333333333333333,0.9333333333333333,1.0,0.5333333333333333,0.4666666666666667,0.5,0.9820180171407878,0.0005649819178038668,0.2044393030629589,1.0,1.0,1.0,1.0,1
synthetic_map_00064,0.4,0.6,0.9333333333333333,1.0,0.5333333333333333,0.4,0.46875,0.8901470700474766,0.09096643838920977,0.3680071075225165,1.0,1.0,1.0,1.0,1
synthetic_map_00064,0.4,0.7333333333333333,0.9333333333333333,1.0,0.5333333333333333,0.26666666666666666,0.40625,0.6816426574248241,0.3075373045154188,0.41060927593096186,1.0,1.0,0.0,1.0,3
synthetic_map_00064,0.4666666666666667,0.7333333333333333,0.9333333333333333,1.0,0.4666666666666667,0.26666666666666666,0.375,0.7334777528282065,0.26071405757775334,0.36661049659469946,1.0,0.0,1.0,1.0,3
synthetic_map_00064,0.5333333333333333,0.7333333333333333,0.9333333333333333,1.0,0.4,0.26666666666666666,0.34375,0.7578714062337838,0.2525694116567584,0.34962961687893945,1.0,0.0,1.0,1.0,3
synthetic_map_00064,0.8,0.7333333333333333,0.9333333333333333,1.0,0.13333333333333333,0.26666666666666666,0.21875,0.9528182275884349,0.07174676582391747,0.2856358431297898,1.0,1.0,1.0,1.0,1
synthetic_map_00064,0.8,0.8,0.9333333333333333,1.0,0.13333333333333333,0.2,0.1875,0.6870399552643965,0.31406977782048584,0.5416835414423915,1.0,0.0,0.0,1.0,3
synthetic_map_00064,0.8666666666666667,0.8,0.9333333333333333,1.0,0.06666666666666667,0.2,0.15625,0.7932836213949986,0.21412781261687944,0.30040722983837864,1.0,1.0,1.0,0.0,1
synthetic_map_00064,0.8666666666666667,0.8666666666666667,0.9333333333333333,1.0,0.06666666666666667,0.13333333333333333,0.125,0.8261003800578747,0.17381229802645773,0.3889415248313801,1.0,1.0,0.0,1.0,1
synthetic_map_00065,0.4666666666666667,0.2,0.6666666666666666,0.4666666666666667,0.2,0.26666666666666666,0.3125,0.8986061744435028,0.08874393599317898,0.28351388487911916,1.0,1.0,1.0,1.0,1
synthetic_map_00065,0.4666666666666667,0.26666666666666666,0.6666666666666666,0.4666666666666667,0.2,0.2,0.28125,0.9337230952044759,0.08503292554770456,0.2885714287473725,1.0,1.0,1.0,0.0,1
synthetic_map_00065,0.4666666666666667,0.3333333333333333,0.6666666666666666,0.4666666666666667,0.2,0.13333333333333333,0.25,0.7324737994868639,0.25547317144614773,0.36752828429758877,1.0,1.0,1.0,1.0,1
synthetic_map_00065,0.4666666666666667,0.4,0.6666666666666666,0.4666666666666667,0.2,0.06666666666666667,0.21875,0.800356523362224,0.18714744110099782,0.43874761285914443,1.0,1.0,0.0,1.0,1
synthetic_map_00065,0.4666666666666667,0.4666666666666667,0.6666666666666666,0.4666666666666667,0.2,0.0,0.1875,0.8016457936124134,0.1931051696680241,0.3502715731699235,1.0,1.0,1.0,0.0,1
synthetic_map_00065,0.4666666666666667,0.5333333333333333,0.6666666666666666,0.4666666666666667,0.2,-0.06666666666666667,0.15625,0.8676553530681582,0.11417049184524646,0.35258616776558077,1.0,1.0,1.0,1.0,3
synthetic_map_00065,0.5333333333333333,0.5333333333333333,0.6666666666666666,0.4666666666666667,0.13333333333333333,-0.06666666666666667,0.125,0.9357836511637461,0.07452730687652384,0.3397291743531941,0.0,1.0,1.0,1.0,3
synthetic_map_00065,0.6,0.5333333333333333,0.6666666666666666,0.4666666666666667,0.06666666666666667,-0.06666666666666667,0.09375,0.8728239282943632,0.10808781013397958,0.2859420636660669,1.0,1.0,1.0,1.0,0
synthetic_map_00065,0.6,0.4666666666666667,0.6666666666666666,0.4666666666666667,0.06666666666666667,0.0,0.0625,0.8039389176322176,0.19060394047500256,0.3664584233109964,0.0,1.0,0.0,1.0,3
synthetic_map_00066,0.4666666666666667,0.7333333333333333,0.4666666666666667,0.2,0.0,-0.5333333333333333,0.40625,0.9451817079754719,0.0756968256416028,0.3048243945288085,1.0,1.0,1.0,1.0,0
synthetic_map_00066,0.4666666666666667,0.6666666666666666,0.4666666666666667,0.2,0.0,-0.4666666666666667,0.375,1.0,0.008919939632484622,0.21517235133514348,1.0,1.0,1.0,1.0,0
synthetic_map_00066,0.4666666666666667,0.6,0.4666666666666667,0.2,0.0,-0.4,0.34375,0.9207227664516393,0.07218096099975807,0.2414503908035576,1.0,1.0,1.0,1.0,0
synthetic_map_00066,0.4666666666666667,0.5333333333333333,0.4666666666666667,0.2,0.0,-0.3333333333333333,0.3125,0.7997055605256835,0.19243940847412155,0.45512052745225395,1.0,1.0,0.0,1.0,0
synthetic_map_00066,0.4666666666666667,0.4666666666666667,0.4666666666666667,0.2,0.0,-0.26666666666666666,0.28125,0.5136798925827378,0.49188152658477846,0.5487347942390008,0.0,1.0,0.0,1.0,3
synthetic_map_00066,0.5333333333333333,0.4666666666666667,0.4666666666666667,0.2,-0.06666666666666667,-0.26666666666666666,0.25,0.8866027937204727,0.12462585782879801,0.22546234630724932,1.0,1.0,1.0,1.0,0
synthetic_map_00066,0.5333333333333333,0.4,0.4666666666666667,0.2,-0.06666666666666667,-0.2,0.21875,0.8149584023693305,0.21501118964658256,0.32473539745374985,0.0,1.0,0.0,1.0,3
synthetic_map_00066,0.6,0.4,0.4666666666666667,0.2,-0.13333333333333333,-0.2,0.1875,0.9031488129414647,0.1220570895441537,0.3339732506387759,1.0,1.0,1.0,1.0,0
synthetic_map_00066,0.6,0.3333333333333333,0.4666666666666667,0.2,-0.13333333333333333,-0.13333333333333333,0.15625,0.7865386714601429,0.23443842256945766,0.3797280855572791,1.0,1.0,0.0,1.0,0
synthetic_map_00066,0.6,0.26666666666666666,0.4666666666666667,0.2,-0.13333333333333333,-0.06666666666666667,0.125,0.8066540495339265,0.1857322476471331,0.38062171572920134,1.0,1.0,0.0,1.0,0
synthetic_map_00066,0.6,0.2,0.4666666666666667,0.2,-0.13333333333333333,0.0,0.09375,0.9558223225926927,0.07311163988548683,0.22618538351703948,1.0,1.0,1.0,1.0,2
synthetic_map_00066,0.5333333333333333,0.2,0.4666666666666667,0.2,-0.06666666666666667,0.0,0.0625,0.8606129979542481,0.1137202625417067,0.2727411736453276,1.0,0.0,1.0,1.0,2
synthetic_map_00067,0.9333333333333333,1.0,0.6,0.4,-0.3333333333333333,-0.6,0.53125,0.32085964883167495,0.6505451829052591,0.6809389182784098,1.0,0.0,0.0,0.0,0
synthetic_map_00067,1.0,0.9333333333333333,0.6,0.4,-0.4,-0.5333333333333333,0.46875,0.4197234275564494,0.5565965953285893,0.6385182014543452,1.0,0.0,1.0,0.0,0
synthetic_map_00067,1.0,0.8666666666666667,0.6,0.4,-0.4,-0.4666666666666667,0.4375,0.613733741299562,0.3989486426780441,0.634226722555259,1.0,1.0,0.0,0.0,0
synthetic_map_00067,1.0,0.8,0.6,0.4,-0.4,-0.4,0.40625,0.5346479930838655,0.4558088373061144,0.6004085184711794,1.0,1.0,1.0,0.0,2
synthetic_map_00067,0.9333333333333333,0.8,0.6,0.4,-0.3333333333333333,-0.4,0.375,0.7755217382290577,0.21139387745520632,0.3852570514125936,1.0,0.0,0.0,1.0,0
synthetic_map_00067,0.9333333333333333,0.7333333333333333,0.6,0.4,-0.3333333333333333,-0.3333333333333333,0.34375,0.8697238051652223,0.14629407331140032,0.22990014976373419,1.0,1.0,1.0,1.0,2
synthetic_map_00067,0.8666666666666667,0.7333333333333333,0.6,0.4,-0.26666666666666666,-0.3333333333333333,0.3125,0.902355006201076,0.11036376501533611,0.22062382359535251,1.0,0.0,1.0,1.0,2
synthetic_map_00067,0.8,0.7333333333333333,0.6,0.4,-0.2,-0.3333333333333333,0.28125,0.7072621669575032,0.3049432040308372,0.4113430783477021,1.0,1.0,0.0,1.0,0
synthetic_map_00067,0.8,0.6666666666666666,0.6,0.4,-0.2,-0.26666666666666666,0.25,0.7777675168792583,0.19693370065699653,0.43449315766079766,1.0,1.0,0.0,1.0,0
synthetic_map_00067,0.8,0.6,0.6,0.4,-0.2,-0.2,0.21875,0.8598920362479537,0.15689108378255523,0.22331241708647703,1.0,1.0,1.0,1.0,2
synthetic_map_00067,0.6666666666666666,0.6,0.6,0.4,-0.06666666666666667,-0.2,0.15625,0.6911929216207081,0.3215332823823186,0.4988290477450279,1.0,1.0,0.0,1.0,0
synthetic_map_00067,0.6666666666666666,0.5333333333333333,0.6,0.4,-0.06666666666666667,-0.13333333333333333,0.125,0.8199752549872071,0.1911048091398094,0.42355387814612877,1.0,1.0,1.0,1.0,0
synthetic_map_00068,0.4666666666666667,0.3333333333333333,0.8,0.3333333333333333,0.3333333333333333,0.0,0.1875,0.7690224763117247,0.24421555407251527,0.32676563278040793,1.0,0.0,1.0,1.0,3
synthetic_map_00068,0.5333333333333333,0.3333333333333333,0.8,0.3333333333333333,0.26666666666666666,0.0,0.15625,0.7900741161485648,0.22392041309035787,0.44071470243570315,1.0,1.0,1.0,1.0,3
synthetic_map_00068,0.6,0.3333333333333333,0.8,0.3333333333333333,0.2,0.0,0.125,0.7465031045969447,0.24689837484330485,0.43705222652370135,0.0,1.0,1.0,1.0,3
synthetic_map_00068,0.6666666666666666,0.3333333333333333,0.8,0.3333333333333333,0.13333333333333333,0.0,0.09375,0.6976744126775033,0.3281666958450466,0.46684663757612893,0.0,1.0,1.0,1.0,3
synthetic_map_00068,0.7333333333333333,0.3333333333333333,0.8,0.3333333333333333,0.06666666666666667,0.0,0.0625,0.6724546711838649,0.31462986988696334,0.45568937258341974,0.0,1.0,1.0,1.0,3
synthetic_map_00069,0.4666666666666667,0.26666666666666666,0.8,0.4666666666666667,0.3333333333333333,0.2,0.34375,0.7528108226737047,0.23919186832002778,0.35803211640492383,1.0,0.0,1.0,1.0,2
synthetic_map_00069,0.4,0.26666666666666666,0.8,0.4666666666666667,0.4,0.2,0.3125,0.7562068464271083,0.24867356320650474,0.44411819891670906,1.0,1.0,1.0,1.0,1
synthetic_map_00069,0.4,0.3333333333333333,0.8,0.4666666666666667,0.4,0.13333333333333333,0.28125,0.7854616670161698,0.24306657465241285,0.442757242656266,1.0,1.0,0.0,0.0,1
synthetic_map_00069,0.4,0.4,0.8,0.4666666666666667,0.4,0.06666666666666667,0.25,0.6029665727776431,0.3706497723095566,0.41983044613177095,1.0,1.0,1.0,1.0,1
synthetic_map_00069,0.4,0.4666666666666667,0.8,0.4666666666666667,0.4,0.0,0.21875,0.9320214950257484,0.0924890448106625,0.23155192303599173,1.0,1.0,0.0,1.0,3
synthetic_map_00069,0.4666666666666667,0.4666666666666667,0.8,0.4666666666666667,0.3333333333333333,0.0,0.1875,0.7963304697838657,0.22582280155194806,0.4188529485563507,1.0,1.0,1.0,1.0,3
synthetic_map_00069,0.5333333333333333,0.4666666666666667,0.8,0.4666666666666667,0.26666666666666666,0.0,0.15625,0.7649745607674964,0.25194407615799413,0.33327904044757,0.0,0.0,1.0,1.0,3
synthetic_map_00069,0.6,0.4666666666666667,0.8,0.4666666666666667,0.2,0.0,0.125,0.8237188208199178,0.2027935242277527,0.43540815834986185,1.0,1.0,1.0,1.0,3
synthetic_map_00069,0.6666666666666666,0.4666666666666667,0.8,0.4666666666666667,0.13333333333333333,0.0,0.09375,0.90370424563592,0.07011768434824443,0.26559868093772127,1.0,1.0,1.0,1.0,3
synthetic_map_00069,0.7333333333333333,0.4666666666666667,0.8,0.4666666666666667,0.06666666666666667,0.0,0.0625,0.8809575309769617,0.13776190784788145,0.26990594852156713,0.0,1.0,1.0,1.0,3
synthetic_map_00070,0.26666666666666666,0.4,0.0,0.9333333333333333,-0.26666666666666666,0.5333333333333333,0.96875,0.67103497954214,0.3237394453851086,0.4793260930782103,1.0,1.0,0.0,1.0,1
synthetic_map_00070,0.26666666666666666,0.5333333333333333,0.0,0.9333333333333333,-0.26666666666666666,0.4,0.90625,0.5330766606716185,0.47558944201115255,0.49999919122871833,1.0,0.0,0.0,1.0,3
synthetic_map_00070,0.4,0.6,0.0,0.9333333333333333,-0.4,0.3333333333333333,0.8125,0.9052007011361944,0.0992190022331201,0.2254558754570663,1.0,1.0,1.0,1.0,1
synthetic_map_00070,0.5333333333333333,0.6666666666666666,0.0,0.9333333333333333,-0.5333333333333333,0.26666666666666666,0.71875,0.6448987085136861,0.3692830684109673,0.5450645933553175,1.0,0.0,1.0,1.0,3
synthetic_map_00070,0.6666666666666666,0.6666666666666666,0.0,0.9333333333333333,-0.6666666666666666,0.26666666666666666,0.65625,0.6039410748666234,0.4114668925360272,0.5520672240153821,1.0,0.0,1.0,1.0,3
synthetic_map_00070,0.7333333333333333,0.6666666666666666,0.0,0.9333333333333333,-0.7333333333333333,0.26666666666666666,0.625,0.780091056404926,0.23608232370367854,0.32927877607198336,0.0,1.0,1.0,1.0,1
synthetic_map_00070,0.8,0.7333333333333333,0.0,0.9333333333333333,-0.8,0.2,0.5625,0.9582136620747671,0.06796292708821586,0.31390237406240734,1.0,1.0,1.0,1.0,1
synthetic_map_00070,0.6666666666666666,0.8666666666666667,0.0,0.9333333333333333,-0.6666666666666666,0.06666666666666667,0.4375,0.8198004263456108,0.18149049599477618,0.38344574349521193,1.0,1.0,1.0,1.0,2
synthetic_map_00070,0.4666666666666667,0.8666666666666667,0.0,0.9333333333333333,-0.4666666666666667,0.06666666666666667,0.34375,0.6703440128773155,0.3429655327483696,0.40101589563821594,0.0,0.0,1.0,1.0,2
synthetic_map_00070,0.4,0.8666666666666667,0.0,0.9333333333333333,-0.4,0.06666666666666667,0.3125,0.5205934563989456,0.4830898963835862,0.5057611604509086,0.0,1.0,1.0,1.0,2
synthetic_map_00070,0.26666666666666666,0.8666666666666667,0.0,0.9333333333333333,-0.26666666666666666,0.06666666666666667,0.25,0.7194066354167876,0.2583983623641337,0.3967699516453128,1.0,1.0,0.0,1.0,1
synthetic_map_00070,0.13333333333333333,1.0,0.0,0.9333333333333333,-0.13333333333333333,-0.06666666666666667,0.125,0.46294922676523487,0.5533836017364138,0.6649301071686282,0.0,0.0,1.0,1.0,2
synthetic_map_00071,0.7333333333333333,0.6,0.26666666666666666,0.6,-0.4666666666666667,0.0,0.3125,0.780119939419835,0.21521275273345422,0.44289985771659784,0.0,1.0,1.0,0.0,2
synthetic_map_00071,0.6666666666666666,0.6,0.26666666666666666,0.6,-0.4,0.0,0.28125,0.7218637257466755,0.2521999356647444,0.37815185786646466,1.0,1.0,0.0,1.0,0
synthetic_map_00071,0.6666666666666666,0.5333333333333333,0.26666666666666666,0.6,-0.4,0.06666666666666667,0.25,0.6898112360238509,0.2867629860664838,0.5345718031074149,1.0,1.0,1.0,0.0,2
synthetic_map_00071,0.6,0.5333333333333333,0.26666666666666666,0.6,-0.3333333333333333,0.06666666666666667,0.21875,0.6886919661313039,0.32231687098113276,0.399920813290138,0.0,0.0,1.0,1.0,2
synthetic_map_00071,0.5333333333333333,0.5333333333333333,0.26666666666666666,0.6,-0.26666666666666666,0.06666666666666667,0.1875,0.651110052328609,0.3434399417949445,0.42142526910914385,1.0,0.0,1.0,1.0,2
synthetic_map_00071,0.4666666666666667,0.5333333333333333,0.26666666666666666,0.6,-0.2,0.06666666666666667,0.15625,0.9480034061732747,0.07282465701780186,0.2211531480718527,1.0,1.0,1.0,1.0,2
synthetic_map_00071,0.4,0.5333333333333333,0.26666666666666666,0.6,-0.13333333333333333,0.06666666666666667,0.125,0.9913752169990603,0.0,0.1261034020022962,1.0,1.0,1.0,1.0,2
synthetic_map_00071,0.3333333333333333,0.5333333333333333,0.26666666666666666,0.6,-0.06666666666666667,0.06666666666666667,0.09375,0.9917919946186182,0.03468110506161651,0.1418657202615099,1.0,1.0,1.0,1.0,2
synthetic_map_00071,0.26666666666666666,0.5333333333333333,0.26666666666666666,0.6,0.0,0.06666666666666667,0.0625,0.8335345072391808,0.13805750763195257,0.2554602652181146,1.0,1.0,0.0,1.0,1
synthetic_map_00072,0.9333333333333333,0.7333333333333333,0.4,1.0,-0.5333333333333333,0.26666666666666666,0.40625,0.6019323204142611,0.39747925707815523,0.5320420929119415,1.0,1.0,1.0,0.0,2
synthetic_map_00072,0.8666666666666667,0.7333333333333333,0.4,1.0,-0.4666666666666667,0.26666666666666666,0.375,0.6344413650138954,0.3648959250759218,0.5245781200352339,0.0,0.0,1.0,1.0,2
synthetic_map_00072,0.8,0.7333333333333333,0.4,1.0,-0.4,0.26666666666666666,0.34375,0.6490958083856981,0.374463505931213,0.3869068458261833,0.0,1.0,1.0,1.0,2
synthetic_map_00072,0.7333333333333333,0.7333333333333333,0.4,1.0,-0.3333333333333333,0.26666666666666666,0.3125,0.8930979023089911,0.10283981207473389,0.3256483519166794,1.0,1.0,1.0,1.0,2
synthetic_map_00072,0.6666666666666666,0.7333333333333333,0.4,1.0,-0.26666666666666666,0.26666666666666666,0.28125,1.0,0.0,0.23194758557365985,1.0,1.0,1.0,1.0,2
synthetic_map_00072,0.6,0.7333333333333333,0.4,1.0,-0.2,0.26666666666666666,0.25,0.8394578882753884,0.14569329305576478,0.3369455521469648,1.0,1.0,0.0,1.0,1
synthetic_map_00072,0.6,0.8,0.4,1.0,-0.2,0.2,0.21875,0.6739541848978319,0.33130529857740365,0.4546283395465962,1.0,1.0,1.0,1.0,2
synthetic_map_00072,0.5333333333333333,0.8,0.4,1.0,-0.13333333333333333,0.2,0.1875,0.8417621614544991,0.17768906247701008,0.4253288965671986,0.0,0.0,1.0,1.0,2
synthetic_map_00072,0.4666666666666667,0.8,0.4,1.0,-0.06666666666666667,0.2,0.15625,0.6146590080899387,0.36285400359838904,0.47189761026591126,1.0,1.0,1.0,1.0,1
synthetic_map_00072,0.4666666666666667,0.8666666666666667,0.4,1.0,-0.06666666666666667,0.13333333333333333,0.125,0.809968163033397,0.1809349011496007,0.43634265791266325,1.0,1.0,0.0,0.0,1
synthetic_map_00072,0.4666666666666667,0.9333333333333333,0.4,1.0,-0.06666666666666667,0.06666666666666667,0.09375,0.7591548746854951,0.23109565180071995,0.33625890313482526,1.0,1.0,1.0,1.0,2
synthetic_map_00072,0.4,0.9333333333333333,0.4,1.0,0.0,0.06666666666666667,0.0625,0.7886294209865987,0.22899256166636248,0.3312485766498479,0.0,1.0,1.0,1.0,1
synthetic_map_00073,0.8,0.0,0.06666666666666667,0.5333333333333333,-0.7333333333333333,0.5333333333333333,0.625,0.4259922045999619,0.5723671224157051,0.6372029937831019,0.0,0.0,1.0,1.0,2
synthetic_map_00073,0.7333333333333333,0.0,0.06666666666666667,0.5333333333333333,-0.6666666666666666,0.5333333333333333,0.59375,0.45655419494465577,0.5156033336078438,0.6123900814795428,0.0,0.0,1.0,1.0,2
synthetic_map_00073,0.6,0.06666666666666667,0.06666666666666667,0.5333333333333333,-0.5333333333333333,0.4666666666666667,0.5,0.9182829061940045,0.07854497388016235,0.35816871845221593,1.0,1.0,1.0,1.0,2
synthetic_map_00073,0.5333333333333333,0.06666666666666667,0.06666666666666667,0.5333333333333333,-0.4666666666666667,0.4666666666666667,0.46875,0.8106899608315865,0.20228181761895433,0.306054413144873,0.0,1.0,1.0,1.0,2
synthetic_map_00073,0.4666666666666667,0.06666666666666667,0.06666666666666667,0.5333333333333333,-0.4,0.4666666666666667,0.4375,0.6921896766205293,0.31139939737387134,0.49210373282398023,1.0,0.0,1.0,1.0,2
synthetic_map_00073,0.4,0.06666666666666667,0.06666666666666667,0.5333333333333333,-0.3333333333333333,0.4666666666666667,0.40625,0.7535639436946818,0.2462892725265661,0.312006599901299,0.0,1.0,1.0,1.0,2
synthetic_map_00073,0.3333333333333333,0.06666666666666667,0.06666666666666667,0.5333333333333333,-0.26666666666666666,0.4666666666666667,0.375,0.7747161337015115,0.23928442036870523,0.30802330679365153,1.0,1.0,1.0,1.0,2
synthetic_map_00073,0.26666666666666666,0.06666666666666667,0.06666666666666667,0.5333333333333333,-0.2,0.4666666666666667,0.34375,0.7778074484167417,0.22978874861676785,0.33398805021844824,0.0,1.0,1.0,1.0,2
synthetic_map_00073,0.13333333333333333,0.06666666666666667,0.06666666666666667,0.5333333333333333,-0.06666666666666667,0.4666666666666667,0.28125,0.781358689698332,0.2153938953485076,0.30020514283016836,0.0,1.0,1.0,1.0,2
synthetic_map_00073,0.06666666666666667,0.13333333333333333,0.06666666666666667,0.5333333333333333,0.0,0.4,0.21875,0.7693710534404459,0.2516009108927156,0.39195753490880175,1.0,1.0,1.0,1.0,1
synthetic_map_00073,0.06666666666666667,0.26666666666666666,0.06666666666666667,0.5333333333333333,0.0,0.26666666666666666,0.15625,0.6493576327274784,0.3644821538226528,0.47362851001486295,1.0,1.0,1.0,0.0,1
synthetic_map_00073,0.06666666666666667,0.3333333333333333,0.06666666666666667,0.5333333333333333,0.0,0.2,0.125,0.6103196423353817,0.4069930439982542,0.5602490547304319,1.0,1.0,0.0,1.0,1
synthetic_map_00074,0.7333333333333333,0.13333333333333333,0.9333333333333333,0.6,0.2,0.4666666666666667,0.40625,0.6564167852911027,0.319420048582811,0.41882579011793564,1.0,1.0,0.0,1.0,1
synthetic_map_00074,0.7333333333333333,0.2,0.9333333333333333,0.6,0.2,0.4,0.375,0.7084096008988643,0.31266778837356324,0.4435106202325879,1.0,1.0,0.0,0.0,1
synthetic_map_00074,0.7333333333333333,0.26666666666666666,0.9333333333333333,0.6,0.2,0.3333333333333333,0.34375,0.7706974325292356,0.23636430104731834,0.316677709472608,1.0,1.0,1.0,1.0,1
synthetic_map_00074,0.7333333333333333,0.3333333333333333,0.9333333333333333,0.6,0.2,0.26666666666666666,0.3125,0.9765444532982658,0.016409877983449145,0.16095745786862287,1.0,1.0,1.0,1.0,1
synthetic_map_00074,0.7333333333333333,0.4,0.9333333333333333,0.6,0.2,0.2,0.28125,0.9812333222839089,0.016324972640588575,0.22082570083676584,1.0,1.0,1.0,1.0,3
synthetic_map_00074,0.8,0.4,0.9333333333333333,0.6,0.13333333333333333,0.2,0.25,1.0,0.0,0.22844696043699814,1.0,1.0,1.0,1.0,3
synthetic_map_00074,0.8666666666666667,0.4,0.9333333333333333,0.6,0.06666666666666667,0.2,0.21875,0.8926547228940526,0.13428877403802159,0.26070419706470244,1.0,1.0,1.0,1.0,3
synthetic_map_00074,0.9333333333333333,0.4,0.9333333333333333,0.6,0.0,0.2,0.1875,0.9211986262309266,0.06656207815737467,0.21367532492929114,1.0,0.0,1.0,1.0,3
synthetic_map_00074,1.0,0.4,0.9333333333333333,0.6,-0.06666666666666667,0.2,0.15625,0.5698435663839122,0.4566914905110158,0.5291493560579724,1.0,1.0,1.0,0.0,1
synthetic_map_00074,1.0,0.4666666666666667,0.9333333333333333,0.6,-0.06666666666666667,0.13333333333333333,0.125,0.5341015225190241,0.459573598279342,0.5686570397843588,1.0,1.0,0.0,0.0,1
synthetic_map_00074,1.0,0.5333333333333333,0.9333333333333333,0.6,-0.06666666666666667,0.06666666666666667,0.09375,0.6272695486375763,0.3946416112629063,0.5716602476255566,1.0,1.0,1.0,0.0,2
synthetic_map_00074,0.9333333333333333,0.5333333333333333,0.9333333333333333,0.6,0.0,0.06666666666666667,0.0625,0.7686300097725765,0.2452140667241563,0.4016316763193155,0.0,1.0,0.0,1.0,1
synthetic_map_00075,0.4,0.7333333333333333,0.4,0.0,0.0,-0.7333333333333333,0.5,0.5336889514347797,0.4773474901397306,0.6219010764000298,1.0,0.0,1.0,0.0,0
synthetic_map_00075,0.4,0.6666666666666666,0.4,0.0,0.0,-0.6666666666666666,0.46875,0.8170169947503535,0.20181664646341757,0.4257081478964347,1.0,1.0,1.0,0.0,0
synthetic_map_00075,0.4,0.5333333333333333,0.4,0.0,0.0,-0.5333333333333333,0.40625,0.8848178579970882,0.10116174459976163,0.25839600360031667,1.0,1.0,1.0,1.0,0
synthetic_map_00075,0.4,0.4666666666666667,0.4,0.0,0.0,-0.4666666666666667,0.375,0.774792219253579,0.24526193702976004,0.37831482082601653,1.0,1.0,0.0,1.0,0
synthetic_map_00075,0.4,0.3333333333333333,0.4,0.0,0.0,-0.3333333333333333,0.3125,0.760437989911852,0.22250037073969048,0.34508724736693314,1.0,1.0,0.0,1.0,0
synthetic_map_00075,0.3333333333333333,0.26666666666666666,0.4,0.0,0.06666666666666667,-0.26666666666666666,0.25,0.8166240297149343,0.2033230621184391,0.3998737820365382,1.0,0.0,1.0,1.0,0
synthetic_map_00075,0.3333333333333333,0.2,0.4,0.0,0.06666666666666667,-0.2,0.21875,0.8893453604584529,0.08592372780759497,0.3214598550146914,1.0,1.0,1.0,0.0,0
synthetic_map_00075,0.3333333333333333,0.13333333333333333,0.4,0.0,0.06666666666666667,-0.13333333333333333,0.1875,0.6601308079297016,0.35376998124510034,0.48833312491521685,0.0,1.0,1.0,1.0,2
synthetic_map_00075,0.26666666666666666,0.13333333333333333,0.4,0.0,0.13333333333333333,-0.13333333333333333,0.15625,0.9322829379980949,0.08339181480747984,0.26646270656883425,1.0,1.0,1.0,1.0,0
synthetic_map_00075,0.26666666666666666,0.06666666666666667,0.4,0.0,0.13333333333333333,-0.06666666666666667,0.125,0.8436817248023954,0.12675200910092274,0.2826440389580772,1.0,1.0,1.0,0.0,0
synthetic_map_00075,0.26666666666666666,0.0,0.4,0.0,0.13333333333333333,0.0,0.09375,0.5796355803836435,0.4164154834525561,0.583537300015893,0.0,1.0,1.0,1.0,3
synthetic_map_00075,0.3333333333333333,0.0,0.4,0.0,0.06666666666666667,0.0,0.0625,0.3995815911094147,0.599576215496557,0.7162081660988076,0.0,0.0,1.0,1.0,3
synthetic_map_00076,0.6666666666666666,0.3333333333333333,0.0,0.06666666666666667,-0.6666666666666666,-0.26666666666666666,0.59375,0.7016129411546811,0.32420065571482065,0.5307108324742068,0.0,1.0,0.0,1.0,1
synthetic_map_00076,0.6666666666666666,0.4,0.0,0.06666666666666667,-0.6666666666666666,-0.3333333333333333,0.5625,0.7840838853543397,0.20625042128012644,0.3899754801588825,1.0,1.0,0.0,1.0,1
synthetic_map_00076,0.5333333333333333,0.4666666666666667,0.0,0.06666666666666667,-0.5333333333333333,-0.4,0.46875,0.6464535426060769,0.3766806313817571,0.46677498153746627,1.0,0.0,1.0,1.0,2
synthetic_map_00076,0.4666666666666667,0.4666666666666667,0.0,0.06666666666666667,-0.4666666666666667,-0.4,0.4375,0.7401326499513086,0.2549423349148977,0.30884031742891843,0.0,1.0,1.0,1.0,2
synthetic_map_00076,0.4,0.4,0.0,0.06666666666666667,-0.4,-0.3333333333333333,0.375,0.676567034524058,0.3288757323399733,0.41308249234812316,0.0,1.0,1.0,0.0,2
synthetic_map_00076,0.3333333333333333,0.4,0.0,0.06666666666666667,-0.3333333333333333,-0.3333333333333333,0.34375,0.7326557417803407,0.2914452022937396,0.5393086946706377,1.0,0.0,0.0,1.0,0
synthetic_map_00076,0.3333333333333333,0.2,0.0,0.06666666666666667,-0.3333333333333333,-0.13333333333333333,0.25,0.6365796559453086,0.3499427342956575,0.404446427825792,0.0,1.0,1.0,1.0,2
synthetic_map_00076,0.26666666666666666,0.13333333333333333,0.0,0.06666666666666667,-0.26666666666666666,-0.06666666666666667,0.1875,0.6759958779845167,0.3046774923485961,0.4044659487625485,1.0,1.0,1.0,0.0,2
synthetic_map_00076,0.2,0.13333333333333333,0.0,0.06666666666666667,-0.2,-0.06666666666666667,0.15625,0.8587047879778044,0.1506646655886065,0.32638908795567423,1.0,0.0,1.0,1.0,2
synthetic_map_00076,0.13333333333333333,0.13333333333333333,0.0,0.06666666666666667,-0.13333333333333333,-0.06666666666666667,0.125,0.7974178383410259,0.21388037781295016,0.35926248489538515,1.0,1.0,1.0,1.0,2
synthetic_map_00076,0.06666666666666667,0.13333333333333333,0.0,0.06666666666666667,-0.06666666666666667,-0.06666666666666667,0.09375,0.8952588214743548,0.07839900399000006,0.27280462195809163,0.0,1.0,1.0,1.0,2
synthetic_map_00076,0.0,0.13333333333333333,0.0,0.06666666666666667,0.0,-0.06666666666666667,0.0625,0.5325651310507222,0.4811870189173765,0.5601742257635147,1.0,1.0,0.0,1.0,0
synthetic_map_00077,0.7333333333333333,0.13333333333333333,0.8666666666666667,0.4,0.13333333333333333,0.26666666666666666,0.40625,0.5915738386180895,0.4149170896247802,0.512207136167084,0.0,1.0,0.0,0.0,1
synthetic_map_00077,0.7333333333333333,0.2,0.8666666666666667,0.4,0.13333333333333333,0.2,0.375,0.6965022501982376,0.2833889883377012,0.4681207005682833,1.0,1.0,1.0,1.0,1
synthetic_map_00077,0.7333333333333333,0.26666666666666666,0.8666666666666667,0.4,0.13333333333333333,0.13333333333333333,0.34375,0.8162543697693109,0.20186714395966818,0.4402636295670139,1.0,1.0,1.0,0.0,1
synthetic_map_00077,0.7333333333333333,0.3333333333333333,0.8666666666666667,0.4,0.13333333333333333,0.06666666666666667,0.3125,0.5050841532821091,0.4874767736005262,0.5683524251268508,1.0,0.0,1.0,0.0,2
synthetic_map_00077,0.6666666666666666,0.3333333333333333,0.8666666666666667,0.4,0.2,0.06666666666666667,0.28125,0.8436381613125185,0.1402153768642722,0.32708749236615514,1.0,1.0,1.0,1.0,1
synthetic_map_00077,0.6666666666666666,0.4,0.8666666666666667,0.4,0.2,0.0,0.25,0.8961217961763432,0.0923863394468783,0.3487438929097565,1.0,1.0,1.0,0.0,1
synthetic_map_00077,0.6666666666666666,0.4666666666666667,0.8666666666666667,0.4,0.2,-0.06666666666666667,0.21875,0.8764388498717833,0.14282876094054064,0.33325609404931117,1.0,1.0,1.0,1.0,3
synthetic_map_00077,0.7333333333333333,0.4666666666666667,0.8666666666666667,0.4,0.13333333333333333,-0.06666666666666667,0.1875,0.5969332763608495,0.3758139687124812,0.5061555532698172,0.0,1.0,1.0,0.0,1
synthetic_map_00077,0.7333333333333333,0.5333333333333333,0.8666666666666667,0.4,0.13333333333333333,-0.13333333333333333,0.15625,0.7071392846152518,0.2982345093535399,0.5251795822936051,1.0,1.0,1.0,1.0,3
synthetic_map_00077,0.8,0.5333333333333333,0.8666666666666667,0.4,0.06666666666666667,-0.13333333333333333,0.125,0.8053188750525709,0.2114245148501474,0.4104488777527928,0.0,0.0,1.0,1.0,3
synthetic_map_00077,0.8666666666666667,0.5333333333333333,0.8666666666666667,0.4,0.0,-0.13333333333333333,0.09375,0.5186124266135919,0.45936426613836,0.4763341308481154,1.0,1.0,1.0,0.0,0
synthetic_map_00077,0.8666666666666667,0.4666666666666667,0.8666666666666667,0.4,0.0,-0.06666666666666667,0.0625,0.6650707001452028,0.3489923970783291,0.4618866214950632,1.0,1.0,0.0,1.0,0
synthetic_map_00078,1.0,0.7333333333333333,0.8666666666666667,0.2,-0.13333333333333333,-0.5333333333333333,0.34375,0.6169742753100431,0.40063384897578525,0.5839661591825762,1.0,1.0,1.0,0.0,0
synthetic_map_00078,1.0,0.6666666666666666,0.8666666666666667,0.2,-0.13333333333333333,-0.4666666666666667,0.3125,0.4975048813182629,0.5299585371639566,0.6108329261043193,1.0,1.0,0.0,0.0,0
synthetic_map_00078,1.0,0.6,0.8666666666666667,0.2,-0.13333333333333333,-0.4,0.28125,0.4810500983276897,0.5345322203634337,0.5999815497275012,1.0,1.0,0.0,0.0,0
synthetic_map_00078,1.0,0.5333333333333333,0.8666666666666667,0.2,-0.13333333333333333,-0.3333333333333333,0.25,0.4678651353092852,0.5275891543973742,0.5820237929040831,0.0,1.0,1.0,0.0,2
synthetic_map_00078,0.9333333333333333,0.5333333333333333,0.8666666666666667,0.2,-0.06666666666666667,-0.3333333333333333,0.21875,0.7456138317894605,0.26480769029031465,0.4060095671978871,1.0,0.0,1.0,1.0,0
synthetic_map_00078,0.9333333333333333,0.4666666666666667,0.8666666666666667,0.2,-0.06666666666666667,-0.26666666666666666,0.1875,0.8487805154613965,0.14401922099623768,0.3112024410775681,1.0,1.0,1.0,0.0,0
synthetic_map_00078,0.9333333333333333,0.4,0.8666666666666667,0.2,-0.06666666666666667,-0.2,0.15625,0.7423334756809868,0.24306662829822223,0.3069208182641024,1.0,1.0,1.0,1.0,0
synthetic_map_00078,0.9333333333333333,0.3333333333333333,0.8666666666666667,0.2,-0.06666666666666667,-0.13333333333333333,0.125,0.8071633213533181,0.19327390904137487,0.4414945786067585,1.0,1.0,0.0,1.0,0
synthetic_map_00078,0.9333333333333333,0.26666666666666666,0.8666666666666667,0.2,-0.06666666666666667,-0.06666666666666667,0.09375,0.5985123160621052,0.3952833796601717,0.5026606138135986,0.0,1.0,1.0,0.0,2
synthetic_map_00078,0.8666666666666667,0.26666666666666666,0.8666666666666667,0.2,0.0,-0.06666666666666667,0.0625,0.8140059846528267,0.1987446077464829,0.36654318789754636,1.0,0.0,1.0,1.0,0
synthetic_map_00079,0.8666666666666667,0.5333333333333333,0.6,0.2,-0.26666666666666666,-0.3333333333333333,0.3125,0.8960561662313953,0.07523456023369354,0.34067723308367065,1.0,1.0,1.0,1.0,2
synthetic_map_00079,0.8,0.5333333333333333,0.6,0.2,-0.2,-0.3333333333333333,0.28125,0.863682438230412,0.13932374035499573,0.30211870219577786,1.0,0.0,1.0,1.0,2
synthetic_map_00079,0.7333333333333333,0.5333333333333333,0.6,0.2,-0.13333333333333333,-0.3333333333333333,0.25,0.7592771161856497,0.24481869016469784,0.3991881537751445,1.0,1.0,0.0,1.0,0
synthetic_map_00079,0.7333333333333333,0.4666666666666667,0.6,0.2,-0.13333333333333333,-0.26666666666666666,0.21875,0.8937472587884366,0.08835907218813273,0.22240039751053126,1.0,1.0,1.0,1.0,2
synthetic_map_00079,0.6666666666666666,0.4666666666666667,0.6,0.2,-0.06666666666666667,-0.26666666666666666,0.1875,0.7634677972472189,0.2466315009112234,0.30347333089224665,1.0,0.0,0.0,1.0,0
synthetic_map_00079,0.6666666666666666,0.4,0.6,0.2,-0.06666666666666667,-0.2,0.15625,0.8835887147873965,0.0937762422509148,0.32969401741759874,1.0,1.0,1.0,1.0,2
synthetic_map_00079,0.6,0.4,0.6,0.2,0.0,-0.2,0.125,0.8916098580651415,0.08286874920105877,0.2556575099242043,1.0,0.0,1.0,1.0,0
synthetic_map_00079,0.6,0.3333333333333333,0.6,0.2,0.0,-0.13333333333333333,0.09375,0.8734360773763448,0.136387274673046,0.23636452595697816,1.0,1.0,1.0,1.0,0
synthetic_map_00079,0.6,0.26666666666666666,0.6,0.2,0.0,-0.06666666666666667,0.0625,0.946853734184826,0.06454598365640615,0.25024757809176457,1.0,1.0,1.0,0.0,0
synthetic_map_00080,0.06666666666666667,0.4666666666666667,0.2,0.7333333333333333,0.13333333333333333,0.26666666666666666,0.21875,0.8916835948025772,0.09087180488028461,0.34023114906382873,1.0,1.0,1.0,0.0,1
synthetic_map_00080,0.06666666666666667,0.5333333333333333,0.2,0.7333333333333333,0.13333333333333333,0.2,0.1875,0.7407075839733637,0.2383349832013532,0.33830752777929557,1.0,0.0,1.0,1.0,3
synthetic_map_00080,0.13333333333333333,0.5333333333333333,0.2,0.7333333333333333,0.06666666666666667,0.2,0.15625,0.5043456028231112,0.48360751418898684,0.5252801412273417,0.0,1.0,1.0,0.0,1
synthetic_map_00080,0.13333333333333333,0.6,0.2,0.7333333333333333,0.06666666666666667,0.13333333333333333,0.125,0.7506500665783988,0.2700670640513382,0.3082850291672652,1.0,1.0,0.0,1.0,1
synthetic_map_00080,0.13333333333333333,0.6666666666666666,0.2,0.7333333333333333,0.06666666666666667,0.06666666666666667,0.09375,0.8471105644183722,0.12632737235779978,0.3355527739841888,1.0,1.0,1.0,1.0,1
synthetic_map_00080,0.13333333333333333,0.7333333333333333,0.2,0.7333333333333333,0.06666666666666667,0.0,0.0625,0.9732985697677095,0.01791452615850249,0.23011816145081632,1.0,1.0,1.0,1.0,3
synthetic_map_00081,0.4,0.4,0.8,0.0,0.4,-0.4,0.65625,0.7109798627431533,0.2701705455654845,0.35948952738055723,1.0,1.0,0.0,0.0,0
synthetic_map_00081,0.4,0.26666666666666666,0.8,0.0,0.4,-0.26666666666666666,0.59375,0.991123683156037,0.027291694115121695,0.19347611951770993,1.0,1.0,1.0,1.0,3
synthetic_map_00081,0.4666666666666667,0.26666666666666666,0.8,0.0,0.3333333333333333,-0.26666666666666666,0.5625,0.9877982261575422,0.003573463901530502,0.20365079524341978,1.0,1.0,1.0,1.0,3
synthetic_map_00081,0.5333333333333333,0.26666666666666666,0.8,0.0,0.26666666666666666,-0.26666666666666666,0.53125,0.8902437069577034,0.10921118548165124,0.2184115484689621,1.0,1.0,1.0,1.0,3
synthetic_map_00081,0.7333333333333333,0.3333333333333333,0.8,0.0,0.06666666666666667,-0.3333333333333333,0.40625,0.8243522991227771,0.15323518003379077,0.2549887890575804,1.0,1.0,1.0,1.0,3
synthetic_map_00081,0.8,0.3333333333333333,0.8,0.0,0.0,-0.3333333333333333,0.375,0.7429786197119779,0.2611595126134249,0.39161659113498437,0.0,1.0,1.0,1.0,3
synthetic_map_00081,0.8666666666666667,0.26666666666666666,0.8,0.0,-0.06666666666666667,-0.26666666666666666,0.3125,0.6379540614754305,0.34348514284183146,0.435893055600964,1.0,1.0,0.0,1.0,0
synthetic_map_00081,0.8666666666666667,0.2,0.8,0.0,-0.06666666666666667,-0.2,0.28125,0.6678452483667571,0.35360566734693244,0.4671116125729223,1.0,1.0,1.0,0.0,2
synthetic_map_00081,0.8,0.2,0.8,0.0,0.0,-0.2,0.25,0.7915761719844329,0.18368767032007025,0.3422243728218995,1.0,0.0,0.0,1.0,0
synthetic_map_00081,0.7333333333333333,0.13333333333333333,0.8,0.0,0.06666666666666667,-0.13333333333333333,0.1875,0.627366390069888,0.3972442924679593,0.483363326692829,0.0,0.0,1.0,1.0,2
synthetic_map_00081,0.6666666666666666,0.13333333333333333,0.8,0.0,0.13333333333333333,-0.13333333333333333,0.15625,0.3727582619863696,0.6001296724134989,0.6868254370797223,1.0,0.0,0.0,1.0,0
synthetic_map_00081,0.7333333333333333,0.0,0.8,0.0,0.06666666666666667,0.0,0.0625,0.40059700076055005,0.5921955415180172,0.6002654181098727,0.0,0.0,1.0,1.0,3
synthetic_map_00082,0.8666666666666667,0.4666666666666667,0.06666666666666667,0.9333333333333333,-0.8,0.4666666666666667,0.875,0.715942102944918,0.30633154197161205,0.3887792724964392,1.0,1.0,1.0,1.0,0
synthetic_map_00082,0.8666666666666667,0.4,0.06666666666666667,0.9333333333333333,-0.8,0.5333333333333333,0.84375,0.730714988325995,0.2515531848235895,0.3358638175104435,0.0,1.0,0.0,1.0,3
synthetic_map_00082,0.9333333333333333,0.4,0.06666666666666667,0.9333333333333333,-0.8666666666666667,0.5333333333333333,0.8125,0.7324468094560008,0.2394777237771929,0.42331001919920497,1.0,1.0,1.0,1.0,0
synthetic_map_00082,0.5333333333333333,0.4,0.06666666666666667,0.9333333333333333,-0.4666666666666667,0.5333333333333333,0.5,0.33677362582039144,0.6509162568800088,0.7187848716218257,0.0,1.0,0.0,1.0,1
synthetic_map_00082,0.4,0.5333333333333333,0.06666666666666667,0.9333333333333333,-0.3333333333333333,0.4,0.375,0.808135573296713,0.22073694441461625,0.33804428437479545,1.0,1.0,1.0,1.0,2
synthetic_map_00082,0.3333333333333333,0.6666666666666666,0.06666666666666667,0.9333333333333333,-0.26666666666666666,0.26666666666666666,0.28125,0.8092398557102851,0.18510753732871324,0.42890358722819727,1.0,1.0,1.0,0.0,2
synthetic_map_00082,0.26666666666666666,0.7333333333333333,0.06666666666666667,0.9333333333333333,-0.2,0.2,0.21875,0.9041367727105073,0.08990594482771551,0.32775413149270144,1.0,1.0,1.0,1.0,1
synthetic_map_00082,0.26666666666666666,0.8,0.06666666666666667,0.9333333333333333,-0.2,0.13333333333333333,0.1875,0.8328656917384213,0.15992062600582124,0.3354879247040094,1.0,1.0,0.0,1.0,1
synthetic_map_00082,0.26666666666666666,0.8666666666666667,0.06666666666666667,0.9333333333333333,-0.2,0.06666666666666667,0.15625,0.9490030762709527,0.061714973785077065,0.3561122748127671,1.0,1.0,1.0,1.0,2
synthetic_map_00082,0.2,0.8666666666666667,0.06666666666666667,0.9333333333333333,-0.13333333333333333,0.06666666666666667,0.125,0.783806348967706,0.237740284778595,0.37139978237550086,0.0,1.0,1.0,1.0,2
synthetic_map_00082,0.13333333333333333,0.8666666666666667,0.06666666666666667,0.9333333333333333,-0.06666666666666667,0.06666666666666667,0.09375,0.7876706998442756,0.22270038440209913,0.4556200673956833,1.0,0.0,1.0,1.0,2
synthetic_map_00082,0.06666666666666667,0.8666666666666667,0.06666666666666667,0.9333333333333333,0.0,0.06666666666666667,0.0625,0.7640380316509594,0.22053371734453664,0.37019462471204173,1.0,1.0,0.0,1.0,1
synthetic_map_00083,0.8,0.9333333333333333,0.0,0.4,-0.8,-0.5333333333333333,0.65625,0.8956779977975751,0.09707867915309176,0.21175076271923987,1.0,1.0,1.0,1.0,2
synthetic_map_00083,0.7333333333333333,0.9333333333333333,0.0,0.4,-0.7333333333333333,-0.5333333333333333,0.625,0.9131482104141326,0.1054793459417156,0.3404556243889912,1.0,1.0,0.0,1.0,0
synthetic_map_00083,0.6666666666666666,0.8666666666666667,0.0,0.4,-0.6666666666666666,-0.4666666666666667,0.5625,0.9242007285505875,0.08252757466003525,0.3176004975133325,1.0,0.0,1.0,1.0,2
synthetic_map_00083,0.6,0.8666666666666667,0.0,0.4,-0.6,-0.4666666666666667,0.53125,0.6434673311315908,0.3822019158682204,0.39121756016211606,1.0,1.0,0.0,1.0,0
synthetic_map_00083,0.5333333333333333,0.7333333333333333,0.0,0.4,-0.5333333333333333,-0.3333333333333333,0.4375,0.7395345616268685,0.2333850652336038,0.32789830830913946,1.0,1.0,0.0,1.0,0
synthetic_map_00083,0.3333333333333333,0.6666666666666666,0.0,0.4,-0.3333333333333333,-0.26666666666666666,0.3125,0.9456828553775393,0.02470002650475353,0.2748919191332221,1.0,1.0,1.0,1.0,2
synthetic_map_00083,0.26666666666666666,0.6666666666666666,0.0,0.4,-0.26666666666666666,-0.26666666666666666,0.28125,1.0,0.0,0.1713905431382811,1.0,1.0,1.0,1.0,2
synthetic_map_00083,0.2,0.6666666666666666,0.0,0.4,-0.2,-0.26666666666666666,0.25,0.873818137935056,0.13556975630725418,0.2362016978120954,1.0,1.0,0.0,1.0,0
synthetic_map_00083,0.2,0.6,0.0,0.4,-0.2,-0.2,0.21875,0.7353592919366307,0.2641508936763873,0.33643580429208764,1.0,1.0,1.0,1.0,2
synthetic_map_00083,0.0,0.6,0.0,0.4,0.0,-0.2,0.125,0.6136782954153541,0.4046167583623699,0.5624491658201238,1.0,1.0,0.0,1.0,0
synthetic_map_00083,0.0,0.5333333333333333,0.0,0.4,0.0,-0.13333333333333333,0.09375,0.5877707376001174,0.42464438821727435,0.5692207413393191,1.0,1.0,0.0,0.0,0
synthetic_map_00083,0.0,0.4666666666666667,0.0,0.4,0.0,-0.06666666666666667,0.0625,0.5373949732757805,0.4365116882012054,0.6010561490151134,1.0,1.0,0.0,1.0,0
synthetic_map_00084,0.7333333333333333,0.5333333333333333,0.6666666666666666,0.8666666666666667,-0.06666666666666667,0.3333333333333333,0.21875,0.7277449864894859,0.27031585973795647,0.32835116123014174,1.0,1.0,1.0,1.0,1
synthetic_map_00084,0.7333333333333333,0.6,0.6666666666666666,0.8666666666666667,-0.06666666666666667,0.26666666666666666,0.1875,0.6477153976876316,0.36449308187627666,0.41492548267229123,1.0,1.0,0.0,0.0,1
synthetic_map_00084,0.7333333333333333,0.6666666666666666,0.6666666666666666,0.8666666666666667,-0.06666666666666667,0.2,0.15625,0.6112926885417935,0.3997421241342219,0.5310604396574353,1.0,1.0,0.0,1.0,1
synthetic_map_00084,0.7333333333333333,0.7333333333333333,0.6666666666666666,0.8666666666666667,-0.06666666666666667,0.13333333333333333,0.125,0.7568758392757688,0.2162660666689047,0.4317687932136595,1.0,1.0,1.0,0.0,2
synthetic_map_00084,0.6666666666666666,0.7333333333333333,0.6666666666666666,0.8666666666666667,0.0,0.13333333333333333,0.09375,0.8015997817156982,0.1770095357601724,0.4284310986355767,0.0,1.0,1.0,1.0,1
synthetic_map_00084,0.6666666666666666,0.8,0.6666666666666666,0.8666666666666667,0.0,0.06666666666666667,0.0625,0.8367353317456034,0.1429101575296857,0.3114313488724477,1.0,1.0,0.0,1.0,1
synthetic_map_00085,0.13333333333333333,0.8666666666666667,0.4,0.8,0.26666666666666666,-0.06666666666666667,0.1875,0.8692646130882287,0.14099820180908554,0.3359909656662413,1.0,1.0,1.0,1.0,0
synthetic_map_00085,0.13333333333333333,0.8,0.4,0.8,0.26666666666666666,0.0,0.15625,0.9268389516344492,0.06356315298188951,0.3098394595711091,1.0,1.0,0.0,1.0,3
synthetic_map_00085,0.2,0.8,0.4,0.8,0.2,0.0,0.125,0.9812839618280055,0.038736320354075815,0.24166541379260736,1.0,1.0,1.0,1.0,3
synthetic_map_00085,0.26666666666666666,0.8,0.4,0.8,0.13333333333333333,0.0,0.09375,0.9906051020264522,0.02587245541881658,0.15348573668569976,1.0,1.0,1.0,1.0,3
synthetic_map_00085,0.3333333333333333,0.8,0.4,0.8,0.06666666666666667,0.0,0.0625,0.9199710436127085,0.06229127891471211,0.32003134458077465,1.0,1.0,1.0,1.0,3
synthetic_map_00086,0.5333333333333333,0.26666666666666666,0.9333333333333333,0.0,0.4,-0.26666666666666666,0.34375,0.7737516703098269,0.2190367816476351,0.414480683721816,1.0,0.0,1.0,1.0,0
synthetic_map_00086,0.5333333333333333,0.2,0.9333333333333333,0.0,0.4,-0.2,0.3125,0.9225003115426869,0.08701369596617825,0.3302128383400692,1.0,1.0,1.0,1.0,0
synthetic_map_00086,0.5333333333333333,0.13333333333333333,0.9333333333333333,0.0,0.4,-0.13333333333333333,0.28125,0.8643278558444781,0.14762331813223567,0.2162779506581145,1.0,1.0,0.0,1.0,0
synthetic_map_00086,0.5333333333333333,0.06666666666666667,0.9333333333333333,0.0,0.4,-0.06666666666666667,0.25,0.6246077601379879,0.3481647612692283,0.5417740699006576,0.0,1.0,1.0,1.0,3
synthetic_map_00086,0.6,0.06666666666666667,0.9333333333333333,0.0,0.3333333333333333,-0.06666666666666667,0.21875,0.733739002673369,0.270653455910789,0.3891583930415816,0.0,1.0,1.0,1.0,3
synthetic_map_00086,0.6666666666666666,0.06666666666666667,0.9333333333333333,0.0,0.26666666666666666,-0.06666666666666667,0.1875,0.7743427656795311,0.20328851150452215,0.4330124791666199,1.0,1.0,1.0,1.0,3
synthetic_map_00086,0.7333333333333333,0.06666666666666667,0.9333333333333333,0.0,0.2,-0.06666666666666667,0.15625,0.9157951712766986,0.08925446925970806,0.3512929560550502,0.0,1.0,1.0,1.0,3
synthetic_map_00086,0.8,0.06666666666666667,0.9333333333333333,0.0,0.13333333333333333,-0.06666666666666667,0.125,0.6128094049360561,0.357835313078038,0.49125777138423854,1.0,1.0,1.0,0.0,0
synthetic_map_00086,0.8,0.0,0.9333333333333333,0.0,0.13333333333333333,0.0,0.09375,0.4446839423579466,0.5409664423075086,0.5976616374125495,0.0,1.0,0.0,1.0,3
synthetic_map_00086,0.8666666666666667,0.0,0.9333333333333333,0.0,0.06666666666666667,0.0,0.0625,0.5059424175753893,0.4733639929021044,0.6114347100942189,0.0,0.0,1.0,1.0,3
synthetic_map_00087,0.4666666666666667,0.13333333333333333,0.06666666666666667,0.8666666666666667,-0.4,0.7333333333333333,0.5625,0.7804082072782762,0.20040945809372035,0.3000237141243881,1.0,1.0,0.0,1.0,1
synthetic_map_00087,0.4,0.2,0.06666666666666667,0.8666666666666667,-0.3333333333333333,0.6666666666666666,0.5,0.9642592859641059,0.06480058876601802,0.36449136014997974,0.0,1.0,1.0,1.0,2
synthetic_map_00087,0.3333333333333333,0.2,0.06666666666666667,0.8666666666666667,-0.26666666666666666,0.6666666666666666,0.46875,0.7588400748096796,0.23684096968046328,0.3274611635237412,1.0,1.0,1.0,1.0,1
synthetic_map_00087,0.3333333333333333,0.26666666666666666,0.06666666666666667,0.8666666666666667,-0.26666666666666666,0.6,0.4375,0.6515691301801942,0.3590339750389282,0.414870553953176,1.0,1.0,0.0,1.0,1
synthetic_map_00087,0.3333333333333333,0.3333333333333333,0.06666666666666667,0.8666666666666667,-0.26666666666666666,0.5333333333333333,0.40625,0.6560117042686556,0.3694275131535065,0.5089617688031053,1.0,1.0,0.0,0.0,1
synthetic_map_00087,0.3333333333333333,0.4,0.06666666666666667,0.8666666666666667,-0.26666666666666666,0.4666666666666667,0.375,0.6577645993074288,0.3173284956931905,0.44569704979535163,1.0,1.0,1.0,1.0,2
synthetic_map_00087,0.26666666666666666,0.4666666666666667,0.06666666666666667,0.8666666666666667,-0.2,0.4,0.3125,0.9793169897441999,0.0,0.19405214828142048,1.0,1.0,1.0,1.0,1
synthetic_map_00087,0.26666666666666666,0.5333333333333333,0.06666666666666667,0.8666666666666667,-0.2,0.3333333333333333,0.28125,0.908754887336519,0.09431018468539201,0.34051279015947267,1.0,1.0,1.0,1.0,1
synthetic_map_00087,0.26666666666666666,0.6,0.06666666666666667,0.8666666666666667,-0.2,0.26666666666666666,0.25,0.8677281593767395,0.13711034973658934,0.3260131419101903,1.0,1.0,1.0,0.0,1
synthetic_map_00087,0.26666666666666666,0.8,0.06666666666666667,0.8666666666666667,-0.2,0.06666666666666667,0.15625,0.8996929976837278,0.0972115089699484,0.31109533610883233,1.0,1.0,1.0,1.0,2
synthetic_map_00087,0.2,0.8,0.06666666666666667,0.8666666666666667,-0.13333333333333333,0.06666666666666667,0.125,0.733084072048363,0.2705584224158102,0.3058460079885683,0.0,1.0,0.0,1.0,1
synthetic_map_00087,0.13333333333333333,0.8666666666666667,0.06666666666666667,0.8666666666666667,-0.06666666666666667,0.0,0.0625,0.7910286945652364,0.17908567405215897,0.41999206065710437,0.0,1.0,1.0,1.0,2
synthetic_map_00088,0.7333333333333333,0.8,0.06666666666666667,0.4666666666666667,-0.6666666666666666,-0.3333333333333333,0.5625,0.8341604115074001,0.1895779171063054,0.4260809817015822,1.0,0.0,1.0,1.0,2
synthetic_map_00088,0.6666666666666666,0.8666666666666667,0.06666666666666667,0.4666666666666667,-0.6,-0.4,0.5,0.7660354097724007,0.24196648249997643,0.4086041918463767,1.0,1.0,1.0,0.0,2
synthetic_map_00088,0.6,0.8666666666666667,0.06666666666666667,0.4666666666666667,-0.5333333333333333,-0.4,0.46875,0.9207011890134528,0.10600463736005962,0.23208390199850837,0.0,1.0,1.0,1.0,2
synthetic_map_00088,0.5333333333333333,0.8666666666666667,0.06666666666666667,0.4666666666666667,-0.4666666666666667,-0.4,0.4375,0.7493621887076737,0.24480493945828652,0.43652625231977144,1.0,1.0,0.0,1.0,0
synthetic_map_00088,0.5333333333333333,0.8,0.06666666666666667,0.4666666666666667,-0.4666666666666667,-0.3333333333333333,0.40625,0.64041278559833,0.37867780854446337,0.47212788418646773,1.0,1.0,1.0,0.0,2
synthetic_map_00088,0.4666666666666667,0.8,0.06666666666666667,0.4666666666666667,-0.4,-0.3333333333333333,0.375,0.7870895972397454,0.21365918728530903,0.4230467345499765,1.0,0.0,1.0,1.0,2
synthetic_map_00088,0.2,0.8,0.06666666666666667,0.4666666666666667,-0.13333333333333333,-0.3333333333333333,0.25,0.6910075517870625,0.31733606612858567,0.4262507596569485,1.0,0.0,1.0,1.0,2
synthetic_map_00088,0.13333333333333333,0.8,0.06666666666666667,0.4666666666666667,-0.06666666666666667,-0.3333333333333333,0.21875,0.8936601408185968,0.13522065033999248,0.234323463650697,1.0,1.0,1.0,1.0,2
synthetic_map_00088,0.06666666666666667,0.8,0.06666666666666667,0.4666666666666667,0.0,-0.3333333333333333,0.1875,0.8568053561383961,0.1457790651105944,0.34810316892724563,1.0,1.0,1.0,1.0,0
synthetic_map_00088,0.06666666666666667,0.7333333333333333,0.06666666666666667,0.4666666666666667,0.0,-0.26666666666666666,0.15625,0.8232328677071983,0.17720369624119958,0.3739342022753552,1.0,1.0,0.0,1.0,0
synthetic_map_00088,0.06666666666666667,0.6,0.06666666666666667,0.4666666666666667,0.0,-0.13333333333333333,0.09375,0.7466110144083224,0.22900241304526683,0.34979756805228607,1.0,1.0,1.0,1.0,0
synthetic_map_00088,0.06666666666666667,0.5333333333333333,0.06666666666666667,0.4666666666666667,0.0,-0.06666666666666667,0.0625,0.8711999205246,0.13814018197131328,0.33657058549727037,1.0,1.0,0.0,1.0,0
synthetic_map_00089,0.7333333333333333,0.5333333333333333,0.8666666666666667,0.8666666666666667,0.13333333333333333,0.3333333333333333,0.25,0.8674215261106315,0.15871944716152164,0.2243404386430565,1.0,1.0,0.0,1.0,1
synthetic_map_00089,0.7333333333333333,0.6,0.8666666666666667,0.8666666666666667,0.13333333333333333,0.26666666666666666,0.21875,0.8742473564461247,0.15352505923906307,0.33221043810881673,1.0,1.0,1.0,1.0,1
synthetic_map_00089,0.7333333333333333,0.6666666666666666,0.8666666666666667,0.8666666666666667,0.13333333333333333,0.2,0.1875,1.0,0.0029144174772640294,0.18601412315735916,1.0,1.0,1.0,1.0,1
synthetic_map_00089,0.7333333333333333,0.7333333333333333,0.8666666666666667,0.8666666666666667,0.13333333333333333,0.13333333333333333,0.15625,1.0,0.0,0.16742847781877496,1.0,1.0,1.0,1.0,1
synthetic_map_00089,0.7333333333333333,0.8,0.8666666666666667,0.8666666666666667,0.13333333333333333,0.06666666666666667,0.125,0.8092940443840932,0.2191658874934999,0.45434753906845765,1.0,0.0,1.0,1.0,3
synthetic_map_00089,0.8,0.8,0.8666666666666667,0.8666666666666667,0.06666666666666667,0.06666666666666667,0.09375,0.7676415149625889,0.20462791957420187,0.41208708344204853,1.0,1.0,1.0,0.0,1
synthetic_map_00089,0.8,0.8666666666666667,0.8666666666666667,0.8666666666666667,0.06666666666666667,0.0,0.0625,0.7075914790723716,0.3035823037474148,0.39662561390777673,1.0,1.0,0.0,1.0,3
synthetic_map_00090,0.3333333333333333,0.8,0.9333333333333333,0.6666666666666666,0.6,-0.13333333333333333,0.5,0.5068033971202164,0.4770215852752152,0.5815589090791408,0.0,1.0,1.0,0.0,2
synthetic_map_00090,0.26666666666666666,0.8,0.9333333333333333,0.6666666666666666,0.6666666666666666,-0.13333333333333333,0.46875,0.7618821559235865,0.2142314907951454,0.43689409564938797,1.0,0.0,1.0,1.0,0
synthetic_map_00090,0.26666666666666666,0.7333333333333333,0.9333333333333333,0.6666666666666666,0.6666666666666666,-0.06666666666666667,0.4375,0.9017535729055818,0.07465372819671794,0.36685819868055597,1.0,1.0,1.0,0.0,0
synthetic_map_00090,0.26666666666666666,0.6666666666666666,0.9333333333333333,0.6666666666666666,0.6666666666666666,0.0,0.40625,0.8835953134467641,0.13989703064401876,0.23170384857300733,1.0,1.0,1.0,1.0,3
synthetic_map_00090,0.3333333333333333,0.6666666666666666,0.9333333333333333,0.6666666666666666,0.6,0.0,0.375,0.7402927722263951,0.2597704273000089,0.41885779608418783,1.0,0.0,1.0,1.0,3
synthetic_map_00090,0.4,0.6666666666666666,0.9333333333333333,0.6666666666666666,0.5333333333333333,0.0,0.34375,0.5832919749459272,0.44028644430096125,0.5361436083588266,1.0,0.0,1.0,0.0,0
synthetic_map_00090,0.4,0.6,0.9333333333333333,0.6666666666666666,0.5333333333333333,0.06666666666666667,0.3125,0.8349788667626579,0.13974685884376153,0.21473208485223505,1.0,1.0,1.0,1.0,3
synthetic_map_00090,0.4666666666666667,0.6,0.9333333333333333,0.6666666666666666,0.4666666666666667,0.06666666666666667,0.28125,0.8726072806707712,0.13734641341424403,0.33767938659492025,1.0,0.0,1.0,1.0,3
synthetic_map_00090,0.6,0.6,0.9333333333333333,0.6666666666666666,0.3333333333333333,0.06666666666666667,0.21875,0.7450436367078469,0.2627597079937709,0.34992976155251676,0.0,1.0,1.0,1.0,3
synthetic_map_00090,0.7333333333333333,0.6,0.9333333333333333,0.6666666666666666,0.2,0.06666666666666667,0.15625,0.6432731759119004,0.36241405933714543,0.5356280025385656,0.0,1.0,1.0,1.0,3
synthetic_map_00090,0.8,0.6,0.9333333333333333,0.6666666666666666,0.13333333333333333,0.06666666666666667,0.125,0.8109065447483591,0.2074963968265196,0.43255445183942487,1.0,0.0,1.0,1.0,3
synthetic_map_00090,0.8666666666666667,0.6666666666666666,0.9333333333333333,0.6666666666666666,0.06666666666666667,0.0,0.0625,0.8515915945236869,0.13104977862517025,0.2735199723172153,1.0,1.0,0.0,1.0,3
synthetic_map_00091,1.0,0.5333333333333333,0.7333333333333333,0.4,-0.26666666666666666,-0.13333333333333333,0.21875,0.6306463548646896,0.3506815882143185,0.5414835444659863,1.0,1.0,1.0,0.0,2
synthetic_map_00091,0.9333333333333333,0.5333333333333333,0.7333333333333333,0.4,-0.2,-0.13333333333333333,0.1875,0.9487194367820861,0.0740275153422775,0.34242619456457224,1.0,1.0,1.0,1.0,2
synthetic_map_00091,0.8666666666666667,0.5333333333333333,0.7333333333333333,0.4,-0.13333333333333333,-0.13333333333333333,0.15625,0.8020059127189174,0.21766287696279613,0.3530828557817367,0.0,1.0,1.0,1.0,2
synthetic_map_00091,0.8,0.5333333333333333,0.7333333333333333,0.4,-0.06666666666666667,-0.13333333333333333,0.125,0.6817980258741942,0.34046082028533,0.4241910697294756,1.0,0.0,1.0,1.0,0
synthetic_map_00091,0.8,0.4666666666666667,0.7333333333333333,0.4,-0.06666666666666667,-0.06666666666666667,0.09375,0.7879959803645373,0.18566262866584268,0.3679640479789869,1.0,1.0,0.0,0.0,0
synthetic_map_00091,0.8,0.4,0.7333333333333333,0.4,-0.06666666666666667,0.0,0.0625,0.6314988991074563,0.3599592968594365,0.48255511735874734,1.0,1.0,1.0,1.0,2
synthetic_map_00092,0.5333333333333333,0.6666666666666666,0.7333333333333333,0.7333333333333333,0.2,0.06666666666666667,0.28125,0.801286772290299,0.17306843465862787,0.41396281783912753,1.0,1.0,0.0,1.0,3
synthetic_map_00092,0.6,0.6666666666666666,0.7333333333333333,0.7333333333333333,0.13333333333333333,0.06666666666666667,0.25,0.8940771093875256,0.0933539694935209,0.3176405331074254,1.0,1.0,1.0,1.0,3
synthetic_map_00092,0.6666666666666666,0.6666666666666666,0.7333333333333333,0.7333333333333333,0.06666666666666667,0.06666666666666667,0.21875,0.7861561669968724,0.24324142275406935,0.3344818709576107,1.0,0.0,1.0,0.0,0
synthetic_map_00092,0.6666666666666666,0.6,0.7333333333333333,0.7333333333333333,0.06666666666666667,0.13333333333333333,0.1875,0.8630664365431501,0.12093623701292633,0.22057742169407274,1.0,1.0,1.0,1.0,3
synthetic_map_00092,0.7333333333333333,0.6,0.7333333333333333,0.7333333333333333,0.0,0.13333333333333333,0.15625,0.8360343350905726,0.17464460524560038,0.4142102469444724,1.0,0.0,1.0,1.0,3
synthetic_map_00092,0.8,0.6,0.7333333333333333,0.7333333333333333,-0.06666666666666667,0.13333333333333333,0.125,0.6729770952759933,0.30158025721678355,0.4627447605599705,0.0,1.0,1.0,0.0,1
synthetic_map_00092,0.8,0.6666666666666666,0.7333333333333333,0.7333333333333333,-0.06666666666666667,0.06666666666666667,0.09375,0.7363436428402679,0.24988500938911193,0.32841414783200895,1.0,1.0,0.0,1.0,1
synthetic_map_00092,0.8,0.7333333333333333,0.7333333333333333,0.7333333333333333,-0.06666666666666667,0.0,0.0625,0.8501621312770274,0.17777712088401057,0.3472594937720378,1.0,1.0,1.0,1.0,2
synthetic_map_00093,0.6,0.7333333333333333,0.8,0.6666666666666666,0.2,-0.06666666666666667,0.15625,0.5092027178769001,0.4874059570844968,0.503528390458905,1.0,1.0,0.0,0.0,0
synthetic_map_00093,0.6,0.6666666666666666,0.8,0.6666666666666666,0.2,0.0,0.125,0.3422282750112003,0.6649101478126599,0.80997856164261,0.0,1.0,0.0,1.0,3
synthetic_map_00093,0.6666666666666666,0.6666666666666666,0.8,0.6666666666666666,0.13333333333333333,0.0,0.09375,0.5978592228643684,0.3979205899960635,0.5356527971059495,0.0,0.0,1.0,1.0,3
synthetic_map_00093,0.7333333333333333,0.6666666666666666,0.8,0.6666666666666666,0.06666666666666667,0.0,0.0625,0.5387460920324173,0.4387225777972434,0.5150406925025299,0.0,1.0,1.0,1.0,3
synthetic_map_00094,0.7333333333333333,0.13333333333333333,0.5333333333333333,0.5333333333333333,-0.2,0.4,0.375,0.9105227318100562,0.11198530084539755,0.21957003577668638,1.0,1.0,1.0,1.0,2
synthetic_map_00094,0.6666666666666666,0.13333333333333333,0.5333333333333333,0.5333333333333333,-0.13333333333333333,0.4,0.34375,0.8182255058588918,0.202668300069493,0.41748036190851456,1.0,0.0,1.0,1.0,2
synthetic_map_00094,0.6,0.13333333333333333,0.5333333333333333,0.5333333333333333,-0.06666666666666667,0.4,0.3125,0.7099139788716312,0.30785716395467577,0.4620941875006932,1.0,0.0,1.0,1.0,2
synthetic_map_00094,0.5333333333333333,0.13333333333333333,0.5333333333333333,0.5333333333333333,0.0,0.4,0.28125,0.8121405775602029,0.17504252175557267,0.4051999643705315,0.0,1.0,1.0,1.0,1
synthetic_map_00094,0.5333333333333333,0.2,0.5333333333333333,0.5333333333333333,0.0,0.3333333333333333,0.25,0.6779878969568153,0.3195930476327096,0.472104182618325,1.0,1.0,1.0,0.0,1
synthetic_map_00094,0.5333333333333333,0.26666666666666666,0.5333333333333333,0.5333333333333333,0.0,0.26666666666666666,0.21875,0.6587498961191419,0.3350871377297602,0.4444759786100163,1.0,1.0,0.0,0.0,1
synthetic_map_00094,0.5333333333333333,0.3333333333333333,0.5333333333333333,0.5333333333333333,0.0,0.2,0.1875,0.611723573828047,0.371332237249291,0.4627776137836236,1.0,0.0,1.0,1.0,2
synthetic_map_00094,0.4666666666666667,0.3333333333333333,0.5333333333333333,0.5333333333333333,0.06666666666666667,0.2,0.15625,0.6679355146983985,0.33540056673612934,0.5371314735491309,0.0,1.0,0.0,1.0,1
synthetic_map_00094,0.4666666666666667,0.4,0.5333333333333333,0.5333333333333333,0.06666666666666667,0.13333333333333333,0.125,0.6155213656970903,0.40452664413742223,0.5956779368342986,1.0,1.0,1.0,0.0,1
synthetic_map_00094,0.4666666666666667,0.4666666666666667,0.5333333333333333,0.5333333333333333,0.06666666666666667,0.06666666666666667,0.09375,0.5799133373697458,0.4326936858910704,0.5991889971184381,1.0,1.0,0.0,0.0,1
synthetic_map_00094,0.4666666666666667,0.5333333333333333,0.5333333333333333,0.5333333333333333,0.06666666666666667,0.0,0.0625,0.6150623932087868,0.4043503624968711,0.5278379890593321,1.0,0.0,0.0,1.0,3
synthetic_map_00095,0.4,0.7333333333333333,0.06666666666666667,0.06666666666666667,-0.3333333333333333,-0.6666666666666666,0.5,0.776149099877009,0.22114801470554551,0.34335749787101005,0.0,1.0,1.0,1.0,2
synthetic_map_00095,0.3333333333333333,0.7333333333333333,0.06666666666666667,0.06666666666666667,-0.26666666666666666,-0.6666666666666666,0.46875,0.5378214526147918,0.4782000380476668,0.5010500458873567,1.0,0.0,0.0,1.0,0
synthetic_map_00095,0.26666666666666666,0.6,0.06666666666666667,0.06666666666666667,-0.2,-0.5333333333333333,0.375,0.6899938002561964,0.3172535335463686,0.4382276503504081,1.0,0.0,0.0,1.0,0
synthetic_map_00095,0.26666666666666666,0.5333333333333333,0.06666666666666667,0.06666666666666667,-0.2,-0.4666666666666667,0.34375,0.8181022341795767,0.1905300662742885,0.3398500444075059,1.0,1.0,0.0,1.0,0
synthetic_map_00095,0.26666666666666666,0.4666666666666667,0.06666666666666667,0.06666666666666667,-0.2,-0.4,0.3125,0.7768885203396433,0.2239100731788174,0.31893449776869964,1.0,1.0,1.0,1.0,0
synthetic_map_00095,0.26666666666666666,0.4,0.06666666666666667,0.06666666666666667,-0.2,-0.3333333333333333,0.28125,0.820768845148147,0.20634631160254402,0.32869249794665606,1.0,1.0,0.0,1.0,0
synthetic_map_00095,0.26666666666666666,0.3333333333333333,0.06666666666666667,0.06666666666666667,-0.2,-0.26666666666666666,0.25,0.6991576394926163,0.3270969461118751,0.48420110182682863,1.0,1.0,0.0,1.0,0
synthetic_map_00095,0.26666666666666666,0.2,0.06666666666666667,0.06666666666666667,-0.2,-0.13333333333333333,0.1875,0.9191421544018008,0.07442575433122114,0.21227751596343497,1.0,1.0,1.0,1.0,2
synthetic_map_00095,0.2,0.2,0.06666666666666667,0.06666666666666667,-0.13333333333333333,-0.13333333333333333,0.15625,0.807219801311565,0.20243097990067307,0.4319578859379732,1.0,0.0,0.0,1.0,0
synthetic_map_00095,0.2,0.13333333333333333,0.06666666666666667,0.06666666666666667,-0.13333333333333333,-0.06666666666666667,0.125,0.6725675023779415,0.3002331422554798,0.4639029151606767,0.0,1.0,1.0,1.0,2
synthetic_map_00095,0.13333333333333333,0.13333333333333333,0.06666666666666667,0.06666666666666667,-0.06666666666666667,-0.06666666666666667,0.09375,0.6794690954447797,0.34866571993644113,0.4585922546431313,1.0,0.0,0.0,1.0,0
synthetic_map_00095,0.13333333333333333,0.06666666666666667,0.06666666666666667,0.06666666666666667,-0.06666666666666667,0.0,0.0625,0.5342319069393503,0.451308434893234,0.5268412036180294,0.0,1.0,1.0,0.0,2
synthetic_map_00096,0.2,0.6666666666666666,0.5333333333333333,0.8,0.3333333333333333,0.13333333333333333,0.25,0.8982677600059019,0.11144693666204399,0.2475182767472025,0.0,1.0,1.0,1.0,3
synthetic_map_00096,0.26666666666666666,0.6666666666666666,0.5333333333333333,0.8,0.26666666666666666,0.13333333333333333,0.21875,0.741130514144538,0.24449037791866618,0.3532062507564635,1.0,1.0,1.0,1.0,3
synthetic_map_00096,0.3333333333333333,0.6666666666666666,0.5333333333333333,0.8,0.2,0.13333333333333333,0.1875,0.8505844823783069,0.1223890053475744,0.31804082535101785,1.0,0.0,1.0,1.0,3
synthetic_map_00096,0.4,0.6666666666666666,0.5333333333333333,0.8,0.13333333333333333,0.13333333333333333,0.15625,0.7743808773694331,0.21919164525879245,0.35107985786457896,1.0,1.0,1.0,1.0,1
synthetic_map_00096,0.4,0.7333333333333333,0.5333333333333333,0.8,0.13333333333333333,0.06666666666666667,0.125,0.8038697657238681,0.2229707458880786,0.39078808890365824,1.0,0.0,0.0,1.0,3
synthetic_map_00096,0.4666666666666667,0.7333333333333333,0.5333333333333333,0.8,0.06666666666666667,0.06666666666666667,0.09375,0.7794757180250245,0.20969293131173145,0.3824265877810193,1.0,1.0,1.0,1.0,1
synthetic_map_00096,0.4666666666666667,0.8,0.5333333333333333,0.8,0.06666666666666667,0.0,0.0625,0.8473859096625538,0.1283231894321366,0.3046641785616354,1.0,1.0,0.0,1.0,3
synthetic_map_00097,0.6,0.7333333333333333,0.8666666666666667,0.5333333333333333,0.26666666666666666,-0.2,0.25,0.7653267474859013,0.23310913336511074,0.39515484232249054,1.0,0.0,1.0,0.0,0
synthetic_map_00097,0.6,0.6666666666666666,0.8666666666666667,0.5333333333333333,0.26666666666666666,-0.13333333333333333,0.21875,0.6991228789833523,0.3166304575306825,0.4106530058898159,0.0,1.0,1.0,1.0,3
synthetic_map_00097,0.6666666666666666,0.6666666666666666,0.8666666666666667,0.5333333333333333,0.2,-0.13333333333333333,0.1875,0.8068961255169459,0.214797031584828,0.41944922929938766,1.0,0.0,1.0,1.0,3
synthetic_map_00097,0.7333333333333333,0.6666666666666666,0.8666666666666667,0.5333333333333333,0.13333333333333333,-0.13333333333333333,0.15625,0.7340025747881561,0.2453399702775863,0.3494278688900332,1.0,1.0,1.0,1.0,3
synthetic_map_00097,0.8,0.6666666666666666,0.8666666666666667,0.5333333333333333,0.06666666666666667,-0.13333333333333333,0.125,0.8598811490734424,0.11348230764315129,0.253079249162934,0.0,1.0,1.0,1.0,3
synthetic_map_00097,0.8666666666666667,0.6666666666666666,0.8666666666666667,0.5333333333333333,0.0,-0.13333333333333333,0.09375,0.7815822585667487,0.23181395927859277,0.38307986861850407,1.0,1.0,1.0,0.0,0
synthetic_map_00097,0.8666666666666667,0.6,0.8666666666666667,0.5333333333333333,0.0,-0.06666666666666667,0.0625,0.7081060215720115,0.31080041065320074,0.42928164690285614,1.0,1.0,0.0,1.0,0
synthetic_map_00098,0.13333333333333333,0.4,0.9333333333333333,0.7333333333333333,0.8,0.3333333333333333,0.5625,0.8781938697150224,0.12219820426916365,0.2829240183462162,1.0,1.0,1.0,1.0,1
synthetic_map_00098,0.13333333333333333,0.4666666666666667,0.9333333333333333,0.7333333333333333,0.8,0.26666666666666666,0.53125,1.0,0.0,0.22630923747940135,1.0,1.0,1.0,1.0,1
synthetic_map_00098,0.13333333333333333,0.5333333333333333,0.9333333333333333,0.7333333333333333,0.8,0.2,0.5,0.8595161907363761,0.11710946794358779,0.29842066156627645,1.0,0.0,1.0,1.0,3
synthetic_map_00098,0.2,0.5333333333333333,0.9333333333333333,0.7333333333333333,0.7333333333333333,0.2,0.46875,0.9121838227532622,0.10324671326119852,0.3201391010521609,1.0,1.0,1.0,1.0,1
synthetic_map_00098,0.2,0.6,0.9333333333333333,0.7333333333333333,0.7333333333333333,0.13333333333333333,0.4375,0.8633577512672947,0.14660248068098664,0.26029753602664557,1.0,1.0,0.0,1.0,1
synthetic_map_00098,0.26666666666666666,0.6666666666666666,0.9333333333333333,0.7333333333333333,0.6666666666666666,0.06666666666666667,0.375,0.6311844718033188,0.34145263455161884,0.4425504355383004,1.0,1.0,1.0,0.0,1
synthetic_map_00098,0.26666666666666666,0.7333333333333333,0.9333333333333333,0.7333333333333333,0.6666666666666666,0.0,0.34375,0.7792711470749248,0.21181823901227592,0.31840543445405317,1.0,1.0,0.0,1.0,3
synthetic_map_00098,0.3333333333333333,0.7333333333333333,0.9333333333333333,0.7333333333333333,0.6,0.0,0.3125,0.8215545241620593,0.20531965496056365,0.4372652744250315,0.0,1.0,1.0,1.0,3
synthetic_map_00098,0.4666666666666667,0.7333333333333333,0.9333333333333333,0.7333333333333333,0.4666666666666667,0.0,0.25,0.8613058264028279,0.11255100321616507,0.2943186754101538,1.0,1.0,1.0,1.0,3
synthetic_map_00098,0.6666666666666666,0.7333333333333333,0.9333333333333333,0.7333333333333333,0.26666666666666666,0.0,0.15625,0.8918654960977744,0.1269523586093801,0.3310013800058336,1.0,1.0,1.0,1.0,3
synthetic_map_00098,0.7333333333333333,0.7333333333333333,0.9333333333333333,0.7333333333333333,0.2,0.0,0.125,1.0,0.0038981235438107706,0.24225861365946294,1.0,1.0,1.0,1.0,3
synthetic_map_00098,0.8,0.7333333333333333,0.9333333333333333,0.7333333333333333,0.13333333333333333,0.0,0.09375,0.8465504805175785,0.14431888961157052,0.3654237120314142,1.0,1.0,1.0,1.0,3
synthetic_map_00099,0.7333333333333333,0.8,0.4,0.8666666666666667,-0.3333333333333333,0.06666666666666667,0.21875,0.9642101193842483,0.022355697384077985,0.26561031613752994,1.0,1.0,1.0,1.0,2
synthetic_map_00099,0.6666666666666666,0.8,0.4,0.8666666666666667,-0.26666666666666666,0.06666666666666667,0.1875,1.0,0.0,0.18677575221155418,1.0,1.0,1.0,1.0,2
synthetic_map_00099,0.6,0.8,0.4,0.8666666666666667,-0.2,0.06666666666666667,0.15625,0.9864164580755226,0.030738459105710547,0.14668608800390764,1.0,1.0,1.0,1.0,2
synthetic_map_00099,0.5333333333333333,0.8,0.4,0.8666666666666667,-0.13333333333333333,0.06666666666666667,0.125,0.8649618714334374,0.11076296883001074,0.32232072697835157,1.0,1.0,0.0,1.0,1
synthetic_map_00099,0.5333333333333333,0.8666666666666667,0.4,0.8666666666666667,-0.13333333333333333,0.0,0.09375,0.7687896485463708,0.26019846087777815,0.335803342241158,1.0,0.0,1.0,1.0,2
synthetic_map_00099,0.4666666666666667,0.8666666666666667,0.4,0.8666666666666667,-0.06666666666666667,0.0,0.0625,0.6048543683794774,0.4041021558483344,0.5675303291815939,0.0,1.0,1.0,1.0,2
synthetic_map_00100,0.26666666666666666,0.6,0.06666666666666667,0.4666666666666667,-0.2,-0.13333333333333333,0.1875,0.9050033351145086,0.10650634080667598,0.2659546667301884,1.0,1.0,1.0,1.0,2
synthetic_map_00100,0.2,0.6,0.06666666666666667,0.4666666666666667,-0.13333333333333333,-0.13333333333333333,0.15625,0.9138091845115649,0.07786124627278443,0.3337651303763504,1.0,0.0,1.0,1.0,2
synthetic_map_00100,0.13333333333333333,0.6,0.06666666666666667,0.4666666666666667,-0.06666666666666667,-0.13333333333333333,0.125,0.6434652519731675,0.36022661453402927,0.502103685139005,1.0,1.0,0.0,1.0,0
synthetic_map_00100,0.13333333333333333,0.5333333333333333,0.06666666666666667,0.4666666666666667,-0.06666666666666667,-0.06666666666666667,0.09375,0.6785559026840118,0.3334828735858024,0.42600486230488976,1.0,1.0,0.0,1.0,0
synthetic_map_00100,0.13333333333333333,0.4666666666666667,0.06666666666666667,0.4666666666666667,-0.06666666666666667,0.0,0.0625,0.6240876668996723,0.3604373818286342,0.4880987944843053,0.0,1.0,1.0,0.0,2
synthetic_map_00101,0.5333333333333333,0.6,0.4,0.06666666666666667,-0.13333333333333333,-0.5333333333333333,0.34375,0.8435677252820489,0.13304643745616426,0.22669600719606037,1.0,1.0,1.0,1.0,0
synthetic_map_00101,0.5333333333333333,0.5333333333333333,0.4,0.06666666666666667,-0.13333333333333333,-0.4666666666666667,0.3125,0.9707769232877224,0.0,0.18601990645640049,1.0,1.0,1.0,1.0,0
synthetic_map_00101,0.5333333333333333,0.4666666666666667,0.4,0.06666666666666667,-0.13333333333333333,-0.4,0.28125,0.8667067494483771,0.14453483583187082,0.3677574737813789,1.0,1.0,1.0,1.0,0
synthetic_map_00101,0.5333333333333333,0.4,0.4,0.06666666666666667,-0.13333333333333333,-0.3333333333333333,0.25,0.9079587804383225,0.07627505517516608,0.2366530862232132,1.0,1.0,0.0,1.0,0
synthetic_map_00101,0.5333333333333333,0.3333333333333333,0.4,0.06666666666666667,-0.13333333333333333,-0.26666666666666666,0.21875,0.7654883838243666,0.24792839828157473,0.31109929587328644,0.0,1.0,1.0,1.0,2
synthetic_map_00101,0.4666666666666667,0.3333333333333333,0.4,0.06666666666666667,-0.06666666666666667,-0.26666666666666666,0.1875,0.6389487868330596,0.3560348100924584,0.4105813234453039,1.0,0.0,0.0,1.0,0
synthetic_map_00101,0.4666666666666667,0.26666666666666666,0.4,0.06666666666666667,-0.06666666666666667,-0.2,0.15625,0.7884621595758518,0.2055081865257651,0.3650321964469696,1.0,1.0,1.0,0.0,0
synthetic_map_00101,0.4666666666666667,0.2,0.4,0.06666666666666667,-0.06666666666666667,-0.13333333333333333,0.125,0.7770250760104931,0.24803549462235985,0.3850189435744013,1.0,1.0,1.0,1.0,0
synthetic_map_00101,0.4666666666666667,0.13333333333333333,0.4,0.06666666666666667,-0.06666666666666667,-0.06666666666666667,0.09375,0.8867507198403904,0.10707266664451819,0.2710525732229131,1.0,1.0,0.0,1.0,0
synthetic_map_00101,0.4666666666666667,0.06666666666666667,0.4,0.06666666666666667,-0.06666666666666667,0.0,0.0625,0.8397325472925681,0.18161173542212355,0.3730359420128034,0.0,1.0,1.0,1.0,2
synthetic_map_00102,1.0,0.26666666666666666,0.0,0.4,-1.0,0.13333333333333333,0.625,0.637536209262294,0.3713767363561349,0.5380339053793468,1.0,1.0,1.0,0.0,2
synthetic_map_00102,0.8666666666666667,0.26666666666666666,0.0,0.4,-0.8666666666666667,0.13333333333333333,0.5625,0.9649121211535044,0.04408148984092307,0.20402745468111105,1.0,1.0,1.0,1.0,2
synthetic_map_00102,0.8,0.26666666666666666,0.0,0.4,-0.8,0.13333333333333333,0.53125,0.9162807567179008,0.09461498887414085,0.241256087398031,1.0,1.0,0.0,1.0,0
synthetic_map_00102,0.7333333333333333,0.2,0.0,0.4,-0.7333333333333333,0.2,0.46875,0.7758254479004965,0.23779080583941825,0.3269412235864537,1.0,0.0,1.0,1.0,2
synthetic_map_00102,0.6,0.2,0.0,0.4,-0.6,0.2,0.40625,0.7501631087051105,0.26501806218262486,0.340413194857235,1.0,1.0,0.0,1.0,1
synthetic_map_00102,0.6,0.26666666666666666,0.0,0.4,-0.6,0.13333333333333333,0.375,0.6865363688622335,0.32570830411542917,0.4176216424424052,1.0,1.0,1.0,1.0,2
synthetic_map_00102,0.4666666666666667,0.26666666666666666,0.0,0.4,-0.4666666666666667,0.13333333333333333,0.3125,0.55945959027796,0.43669881931359006,0.6166469670239986,0.0,0.0,1.0,1.0,2
synthetic_map_00102,0.4,0.26666666666666666,0.0,0.4,-0.4,0.13333333333333333,0.28125,0.845499454067155,0.1808099530091938,0.4046877097802332,1.0,1.0,1.0,1.0,2
synthetic_map_00102,0.2,0.3333333333333333,0.0,0.4,-0.2,0.06666666666666667,0.15625,0.8064848442955402,0.203961757385284,0.33476959853434723,1.0,0.0,1.0,1.0,2
synthetic_map_00102,0.13333333333333333,0.3333333333333333,0.0,0.4,-0.13333333333333333,0.06666666666666667,0.125,0.5387493262630982,0.443934196119672,0.5495243640065812,0.0,1.0,0.0,1.0,1
synthetic_map_00102,0.13333333333333333,0.4,0.0,0.4,-0.13333333333333333,0.0,0.09375,0.7161343401927569,0.26797420072193845,0.4269755265507087,1.0,1.0,1.0,0.0,2
synthetic_map_00102,0.06666666666666667,0.4,0.0,0.4,-0.06666666666666667,0.0,0.0625,0.8790258220358649,0.12349260371355367,0.32379134341300253,0.0,1.0,1.0,1.0,2
synthetic_map_00103,0.6,0.0,0.06666666666666667,0.8666666666666667,-0.5333333333333333,0.8666666666666667,0.875,0.5832751094126505,0.4465391398656906,0.5606939749841141,0.0,0.0,1.0,1.0,3
synthetic_map_00103,0.6666666666666666,0.13333333333333333,0.06666666666666667,0.8666666666666667,-0.6,0.7333333333333333,0.78125,0.6709902061295092,0.35165048669327703,0.4116815354575522,1.0,1.0,0.0,0.0,1
synthetic_map_00103,0.6666666666666666,0.2,0.06666666666666667,0.8666666666666667,-0.6,0.6666666666666666,0.75,0.7342098207019819,0.2386309484755082,0.36847293063992487,1.0,1.0,1.0,1.0,2
synthetic_map_00103,0.6,0.26666666666666666,0.06666666666666667,0.8666666666666667,-0.5333333333333333,0.6,0.6875,0.7813669872976882,0.20305123558714744,0.4446470842867509,1.0,0.0,1.0,1.0,2
synthetic_map_00103,0.5333333333333333,0.4,0.06666666666666667,0.8666666666666667,-0.4666666666666667,0.4666666666666667,0.59375,0.8381698805050667,0.18705887035472016,0.4432297294034669,1.0,1.0,1.0,1.0,2
synthetic_map_00103,0.3333333333333333,0.4666666666666667,0.06666666666666667,0.8666666666666667,-0.26666666666666666,0.4,0.46875,0.515843527761793,0.4750754013373878,0.4988622671209635,1.0,0.0,0.0,1.0,0
synthetic_map_00103,0.06666666666666667,0.4,0.06666666666666667,0.8666666666666667,0.0,0.4666666666666667,0.3125,0.7912451929861637,0.19602811648336005,0.41347633666018624,1.0,1.0,0.0,1.0,1
synthetic_map_00103,0.06666666666666667,0.4666666666666667,0.06666666666666667,0.8666666666666667,0.0,0.4,0.28125,0.6310004985043952,0.37164286725520856,0.5289403702231372,1.0,1.0,1.0,0.0,1
synthetic_map_00103,0.0,0.6,0.06666666666666667,0.8666666666666667,0.06666666666666667,0.26666666666666666,0.1875,0.5335250263868733,0.4924299466078542,0.5786735189447163,1.0,1.0,0.0,0.0,1
synthetic_map_00103,0.0,0.6666666666666666,0.06666666666666667,0.8666666666666667,0.06666666666666667,0.2,0.15625,0.450534175115324,0.5278672006396313,0.5929238041091132,1.0,1.0,0.0,1.0,1
synthetic_map_00103,0.0,0.7333333333333333,0.06666666666666667,0.8666666666666667,0.06666666666666667,0.13333333333333333,0.125,0.516901609132006,0.466399801105959,0.5902243684255373,1.0,1.0,0.0,0.0,1
synthetic_map_00103,0.0,0.8,0.06666666666666667,0.8666666666666667,0.06666666666666667,0.06666666666666667,0.09375,0.6107552384621312,0.41465855681693664,0.5414057597260711,1.0,1.0,0.0,1.0,1
synthetic_map_00104,0.26666666666666666,0.7333333333333333,0.26666666666666666,0.8666666666666667,0.0,0.13333333333333333,0.09375,0.7511100116500261,0.25724653234964234,0.36120092743110793,1.0,1.0,0.0,1.0,1
synthetic_map_00104,0.26666666666666666,0.8,0.26666666666666666,0.8666666666666667,0.0,0.06666666666666667,0.0625,0.7568778959606477,0.24339195078899312,0.3741256665931508,1.0,1.0,0.0,1.0,1
synthetic_map_00105,0.06666666666666667,0.13333333333333333,0.06666666666666667,1.0,0.0,0.8666666666666667,0.5,0.9393542064901607,0.08763127624851248,0.21088363616774664,1.0,1.0,1.0,0.0,1
synthetic_map_00105,0.06666666666666667,0.2,0.06666666666666667,1.0,0.0,0.8,0.46875,0.763900826066035,0.24106044687717426,0.4066619489595821,1.0,1.0,1.0,1.0,1
synthetic_map_00105,0.06666666666666667,0.26666666666666666,0.06666666666666667,1.0,0.0,0.7333333333333333,0.4375,0.9296651172360246,0.06664264756816407,0.35737617017796525,1.0,1.0,1.0,0.0,1
synthetic_map_00105,0.06666666666666667,0.3333333333333333,0.06666666666666667,1.0,0.0,0.6666666666666666,0.40625,0.8804879711979626,0.14785175984577337,0.3536030810408872,1.0,1.0,1.0,1.0,1
synthetic_map_00105,0.06666666666666667,0.4,0.06666666666666667,1.0,0.0,0.6,0.375,0.9864790134198861,0.036046951353871745,0.13170933650552913,1.0,1.0,1.0,1.0,1
synthetic_map_00105,0.06666666666666667,0.5333333333333333,0.06666666666666667,1.0,0.0,0.4666666666666667,0.3125,0.7680151737487562,0.24136019640874676,0.42353253122896717,1.0,1.0,1.0,0.0,1
synthetic_map_00105,0.06666666666666667,0.6,0.06666666666666667,1.0,0.0,0.4,0.28125,0.6524474702189547,0.32545023118505995,0.42069775661922215,1.0,1.0,1.0,0.0,1
synthetic_map_00105,0.06666666666666667,0.6666666666666666,0.06666666666666667,1.0,0.0,0.3333333333333333,0.25,0.7057238460739241,0.3142484640544916,0.453999937630854,1.0,1.0,1.0,0.0,1
synthetic_map_00105,0.06666666666666667,0.7333333333333333,0.06666666666666667,1.0,0.0,0.26666666666666666,0.21875,0.7477226630627641,0.25903407544075646,0.3601410920417838,1.0,1.0,0.0,1.0,1
synthetic_map_00105,0.06666666666666667,0.8,0.06666666666666667,1.0,0.0,0.2,0.1875,0.7279747931946383,0.28771537462953334,0.42363599680073893,1.0,0.0,1.0,1.0,2
synthetic_map_00105,0.0,0.8,0.06666666666666667,1.0,0.06666666666666667,0.2,0.15625,0.45309362173588863,0.5398187585606616,0.5922342703569095,0.0,1.0,0.0,1.0,1
synthetic_map_00105,0.06666666666666667,0.9333333333333333,0.06666666666666667,1.0,0.0,0.06666666666666667,0.0625,0.6295054357841674,0.3405070683198933,0.522766892524533,0.0,1.0,1.0,1.0,1
synthetic_map_00106,0.4,0.8666666666666667,0.3333333333333333,0.06666666666666667,-0.06666666666666667,-0.8,0.75,0.6105640127780734,0.3689700072977238,0.39668441639560914,0.0,1.0,0.0,1.0,3
synthetic_map_00106,0.4666666666666667,0.8,0.3333333333333333,0.06666666666666667,-0.13333333333333333,-0.7333333333333333,0.6875,0.7318422190794616,0.29021916930299163,0.48806992491408474,0.0,1.0,0.0,1.0,3
synthetic_map_00106,0.6666666666666666,0.6,0.3333333333333333,0.06666666666666667,-0.3333333333333333,-0.5333333333333333,0.5,0.8723095708033851,0.15637122548389334,0.2176921373037356,1.0,1.0,1.0,1.0,2
synthetic_map_00106,0.6666666666666666,0.4,0.3333333333333333,0.06666666666666667,-0.3333333333333333,-0.3333333333333333,0.34375,0.7635890939177477,0.24969624664712306,0.3565562107974541,1.0,0.0,1.0,1.0,0
synthetic_map_00106,0.6666666666666666,0.3333333333333333,0.3333333333333333,0.06666666666666667,-0.3333333333333333,-0.26666666666666666,0.3125,0.8162424812093143,0.16028050926852971,0.2794738127937184,1.0,1.0,0.0,1.0,0
synthetic_map_00106,0.6666666666666666,0.26666666666666666,0.3333333333333333,0.06666666666666667,-0.3333333333333333,-0.2,0.28125,0.9056984116345497,0.06869506513116982,0.33645056231534703,1.0,1.0,1.0,1.0,2
synthetic_map_00106,0.6,0.26666666666666666,0.3333333333333333,0.06666666666666667,-0.26666666666666666,-0.2,0.25,0.7322905734654479,0.2626235497583739,0.3340888182242549,1.0,0.0,1.0,1.0,2
synthetic_map_00106,0.5333333333333333,0.26666666666666666,0.3333333333333333,0.06666666666666667,-0.2,-0.2,0.21875,0.7374501867921531,0.23862893947326488,0.4508409995107083,0.0,1.0,1.0,1.0,2
synthetic_map_00106,0.4,0.26666666666666666,0.3333333333333333,0.06666666666666667,-0.06666666666666667,-0.2,0.15625,0.751906642688056,0.24909198666528576,0.36895047647446305,1.0,0.0,0.0,1.0,0
synthetic_map_00106,0.4,0.2,0.3333333333333333,0.06666666666666667,-0.06666666666666667,-0.13333333333333333,0.125,0.7134063633976948,0.2567820951007674,0.32462489827237345,1.0,1.0,1.0,1.0,0
synthetic_map_00106,0.4,0.13333333333333333,0.3333333333333333,0.06666666666666667,-0.06666666666666667,-0.06666666666666667,0.09375,0.905507025329335,0.08576992147267756,0.336547519170659,1.0,1.0,0.0,1.0,0
synthetic_map_00106,0.4,0.06666666666666667,0.3333333333333333,0.06666666666666667,-0.06666666666666667,0.0,0.0625,0.7673418542352897,0.23774568479572608,0.4300504257234651,1.0,1.0,1.0,1.0,2
synthetic_map_00107,0.0,0.8,0.0,1.0,0.0,0.2,0.1875,0.5264460948484666,0.4889711100296937,0.6258382202336836,1.0,0.0,0.0,1.0,3
synthetic_map_00107,0.06666666666666667,0.8,0.0,1.0,-0.06666666666666667,0.2,0.15625,0.8754460827739035,0.10927345014358292,0.36266596157572034,1.0,1.0,1.0,1.0,1
synthetic_map_00107,0.06666666666666667,0.8666666666666667,0.0,1.0,-0.06666666666666667,0.13333333333333333,0.125,0.7648732278001428,0.261903604476297,0.40235416185885026,1.0,1.0,0.0,1.0,1
synthetic_map_00107,0.06666666666666667,0.9333333333333333,0.0,1.0,-0.06666666666666667,0.06666666666666667,0.09375,0.5317751330730923,0.44365967657998645,0.6321095697240805,1.0,0.0,1.0,0.0,2
synthetic_map_00107,0.0,0.9333333333333333,0.0,1.0,0.0,0.06666666666666667,0.0625,0.4962600290363412,0.5224145616485719,0.691197223153188,0.0,1.0,0.0,1.0,1
synthetic_map_00108,0.26666666666666666,0.0,0.6,0.8,0.3333333333333333,0.8,0.5625,0.5990251050253914,0.38107901415119516,0.5147082447273499,0.0,1.0,1.0,1.0,1
synthetic_map_00108,0.3333333333333333,0.13333333333333333,0.6,0.8,0.26666666666666666,0.6666666666666666,0.46875,0.7407891317972896,0.26462867744034324,0.3824070401145993,1.0,1.0,0.0,1.0,1
synthetic_map_00108,0.3333333333333333,0.26666666666666666,0.6,0.8,0.26666666666666666,0.5333333333333333,0.40625,0.6467116646969271,0.36573081812937924,0.46262198802911203,1.0,0.0,0.0,1.0,3
synthetic_map_00108,0.4,0.26666666666666666,0.6,0.8,0.2,0.5333333333333333,0.375,0.7072337189037943,0.304312926121709,0.4483766154118597,0.0,1.0,1.0,1.0,1
synthetic_map_00108,0.4,0.3333333333333333,0.6,0.8,0.2,0.4666666666666667,0.34375,0.9013605451620504,0.09206656439885916,0.20960532645922048,1.0,1.0,0.0,1.0,1
synthetic_map_00108,0.4,0.4,0.6,0.8,0.2,0.4,0.3125,0.7881464928539309,0.24086647260912464,0.3011779560702925,1.0,1.0,1.0,1.0,1
synthetic_map_00108,0.4,0.4666666666666667,0.6,0.8,0.2,0.3333333333333333,0.28125,0.9072564549466398,0.11818511801637652,0.2681913958686709,1.0,1.0,0.0,1.0,1
synthetic_map_00108,0.4,0.5333333333333333,0.6,0.8,0.2,0.26666666666666666,0.25,0.9078640271508028,0.09260284377002231,0.2575968617665275,1.0,1.0,1.0,1.0,1
synthetic_map_00108,0.4,0.7333333333333333,0.6,0.8,0.2,0.06666666666666667,0.15625,0.6777553755759829,0.349759564842062,0.5323119200424697,1.0,1.0,0.0,1.0,1
synthetic_map_00108,0.4,0.8,0.6,0.8,0.2,0.0,0.125,0.7287623322854747,0.29804573229629655,0.5421953380514025,1.0,1.0,0.0,1.0,3
synthetic_map_00108,0.4666666666666667,0.8,0.6,0.8,0.13333333333333333,0.0,0.09375,0.7426877955950452,0.27116481974329426,0.31964347866252407,1.0,0.0,1.0,1.0,3
synthetic_map_00108,0.5333333333333333,0.8,0.6,0.8,0.06666666666666667,0.0,0.0625,0.7426609388397593,0.2680690810344366,0.36779019495407467,0.0,1.0,1.0,1.0,3
synthetic_map_00109,0.8,0.8666666666666667,0.8666666666666667,0.2,0.06666666666666667,-0.6666666666666666,0.4375,0.5214878180579942,0.4629875791108248,0.5514813531986344,1.0,0.0,1.0,0.0,0
synthetic_map_00109,0.8,0.8,0.8666666666666667,0.2,0.06666666666666667,-0.6,0.40625,0.7943132281236427,0.18555643102610064,0.366139408441165,1.0,1.0,0.0,1.0,0
synthetic_map_00109,0.8,0.7333333333333333,0.8666666666666667,0.2,0.06666666666666667,-0.5333333333333333,0.375,0.7384518737870016,0.26930842547970685,0.35558958712951644,0.0,1.0,1.0,1.0,2
synthetic_map_00109,0.7333333333333333,0.7333333333333333,0.8666666666666667,0.2,0.13333333333333333,-0.5333333333333333,0.34375,0.552114360947662,0.42718569327861233,0.5757372696288462,1.0,0.0,0.0,1.0,0
synthetic_map_00109,0.7333333333333333,0.6666666666666666,0.8666666666666667,0.2,0.13333333333333333,-0.4666666666666667,0.3125,0.7456627895780116,0.2527835683490577,0.36688672313477183,1.0,1.0,1.0,0.0,0
synthetic_map_00109,0.7333333333333333,0.6,0.8666666666666667,0.2,0.13333333333333333,-0.4,0.28125,0.744168480472852,0.2326442294634165,0.4556297487388193,1.0,1.0,1.0,1.0,0
synthetic_map_00109,0.7333333333333333,0.5333333333333333,0.8666666666666667,0.2,0.13333333333333333,-0.3333333333333333,0.25,0.8853697280976465,0.11391078369786509,0.2817852117823046,1.0,1.0,1.0,0.0,0
synthetic_map_00109,0.7333333333333333,0.4666666666666667,0.8666666666666667,0.2,0.13333333333333333,-0.26666666666666666,0.21875,0.7442338172466514,0.27172622472309954,0.45129043607859465,1.0,1.0,1.0,1.0,3
synthetic_map_00109,0.8,0.4666666666666667,0.8666666666666667,0.2,0.06666666666666667,-0.26666666666666666,0.1875,0.6678863553672697,0.31059804541660097,0.4309691746094919,0.0,0.0,1.0,1.0,3
synthetic_map_00109,0.8666666666666667,0.4666666666666667,0.8666666666666667,0.2,0.0,-0.26666666666666666,0.15625,0.5804753226173534,0.4222118562885486,0.4871211434625625,1.0,0.0,1.0,1.0,0
synthetic_map_00109,0.8666666666666667,0.4,0.8666666666666667,0.2,0.0,-0.2,0.125,0.8258308914088033,0.15095519001761057,0.3006326316002058,1.0,1.0,0.0,1.0,0
synthetic_map_00109,0.8666666666666667,0.26666666666666666,0.8666666666666667,0.2,0.0,-0.06666666666666667,0.0625,0.7342644705006469,0.24708514864885675,0.42755414602271585,1.0,1.0,0.0,1.0,0
synthetic_map_00110,0.6,0.0,0.8666666666666667,0.06666666666666667,0.26666666666666666,0.06666666666666667,0.1875,0.6766474143174073,0.32331053803809606,0.467397991307855,0.0,1.0,1.0,1.0,1
synthetic_map_00110,0.6,0.06666666666666667,0.8666666666666667,0.06666666666666667,0.26666666666666666,0.0,0.15625,0.8941416353688894,0.09377409675329498,0.24230103961179406,1.0,1.0,1.0,1.0,3
synthetic_map_00110,0.6666666666666666,0.06666666666666667,0.8666666666666667,0.06666666666666667,0.2,0.0,0.125,0.894534579216232,0.11112603491926894,0.3160587310862406,1.0,0.0,1.0,1.0,3
synthetic_map_00110,0.7333333333333333,0.06666666666666667,0.8666666666666667,0.06666666666666667,0.13333333333333333,0.0,0.09375,0.793961420710757,0.23060175539747585,0.3653662849400472,1.0,1.0,1.0,1.0,3
synthetic_map_00110,0.8,0.06666666666666667,0.8666666666666667,0.06666666666666667,0.06666666666666667,0.0,0.0625,0.881501761100737,0.1202066291337238,0.30988465152564676,1.0,0.0,1.0,1.0,3
synthetic_map_00111,0.7333333333333333,0.8666666666666667,0.6,1.0,-0.13333333333333333,0.13333333333333333,0.15625,0.6076186860875684,0.3793043919752723,0.4252804960187427,1.0,1.0,1.0,0.0,1
synthetic_map_00111,0.7333333333333333,0.9333333333333333,0.6,1.0,-0.13333333333333333,0.06666666666666667,0.125,0.6440981245141416,0.38203239926113935,0.42038758445651936,1.0,1.0,0.0,0.0,1
synthetic_map_00111,0.7333333333333333,1.0,0.6,1.0,-0.13333333333333333,0.0,0.09375,0.43964372497104987,0.5432265037352036,0.7120038637226778,1.0,0.0,1.0,1.0,2
synthetic_map_00111,0.6666666666666666,1.0,0.6,1.0,-0.06666666666666667,0.0,0.0625,0.6079193578675012,0.41715473090220195,0.549150887641822,0.0,0.0,1.0,1.0,2
synthetic_map_00112,0.13333333333333333,0.13333333333333333,0.9333333333333333,0.7333333333333333,0.8,0.6,0.6875,0.8259753379474192,0.19723220716305315,0.435716077668676,0.0,0.0,1.0,1.0,3
synthetic_map_00112,0.2,0.26666666666666666,0.9333333333333333,0.7333333333333333,0.7333333333333333,0.4666666666666667,0.59375,0.6716298967681422,0.33621829204983533,0.5125350091767485,1.0,1.0,0.0,1.0,1
synthetic_map_00112,0.2,0.4,0.9333333333333333,0.7333333333333333,0.7333333333333333,0.3333333333333333,0.53125,0.9025934866709526,0.06969236322849573,0.3631035512241493,1.0,1.0,1.0,1.0,1
synthetic_map_00112,0.2,0.4666666666666667,0.9333333333333333,0.7333333333333333,0.7333333333333333,0.26666666666666666,0.5,0.7783798878648674,0.20618800449201435,0.3170333434232969,1.0,0.0,1.0,1.0,3
synthetic_map_00112,0.26666666666666666,0.4666666666666667,0.9333333333333333,0.7333333333333333,0.6666666666666666,0.26666666666666666,0.46875,0.6620136919772925,0.363837177617365,0.4940649281862907,1.0,0.0,1.0,1.0,3
synthetic_map_00112,0.3333333333333333,0.4666666666666667,0.9333333333333333,0.7333333333333333,0.6,0.26666666666666666,0.4375,0.722981887302538,0.30331993558124964,0.4969150568260886,0.0,1.0,1.0,0.0,1
synthetic_map_00112,0.3333333333333333,0.5333333333333333,0.9333333333333333,0.7333333333333333,0.6,0.2,0.40625,0.7371930207148162,0.2687180324280066,0.4091633075966223,1.0,1.0,0.0,1.0,1
synthetic_map_00112,0.3333333333333333,0.6,0.9333333333333333,0.7333333333333333,0.6,0.13333333333333333,0.375,0.6627260715511881,0.33772489405097794,0.40393466553731616,1.0,0.0,1.0,1.0,3
synthetic_map_00112,0.4666666666666667,0.6,0.9333333333333333,0.7333333333333333,0.4666666666666667,0.13333333333333333,0.3125,0.8271729099690757,0.17448058189485346,0.4053203474299254,0.0,0.0,1.0,1.0,3
synthetic_map_00112,0.5333333333333333,0.6,0.9333333333333333,0.7333333333333333,0.4,0.13333333333333333,0.28125,0.5643369294520831,0.4263502080255104,0.4757324934347751,1.0,1.0,1.0,0.0,1
synthetic_map_00112,0.7333333333333333,0.6666666666666666,0.9333333333333333,0.7333333333333333,0.2,0.06666666666666667,0.15625,0.6479283563115735,0.3484630352495376,0.3952526250941502,0.0,1.0,1.0,1.0,3
synthetic_map_00112,0.8,0.6666666666666666,0.9333333333333333,0.7333333333333333,0.13333333333333333,0.06666666666666667,0.125,0.6233832150918147,0.3558125518124906,0.5235895142174857,0.0,0.0,1.0,1.0,3
synthetic_map_00113,0.4666666666666667,0.4,0.7333333333333333,0.8,0.26666666666666666,0.4,0.34375,0.5613413322048814,0.4177021362190234,0.5109363643592487,1.0,1.0,1.0,0.0,1
synthetic_map_00113,0.4666666666666667,0.4666666666666667,0.7333333333333333,0.8,0.26666666666666666,0.3333333333333333,0.3125,0.7278948613421924,0.29719265136250317,0.4483436428167773,1.0,1.0,0.0,0.0,1
synthetic_map_00113,0.4666666666666667,0.5333333333333333,0.7333333333333333,0.8,0.26666666666666666,0.26666666666666666,0.28125,0.7331771405503762,0.24205852281593068,0.3944127340766962,1.0,1.0,1.0,1.0,1
synthetic_map_00113,0.4666666666666667,0.6,0.7333333333333333,0.8,0.26666666666666666,0.2,0.25,0.9746241562420012,0.0,0.24053539464571422,1.0,1.0,1.0,1.0,1
synthetic_map_00113,0.4666666666666667,0.6666666666666666,0.7333333333333333,0.8,0.26666666666666666,0.13333333333333333,0.21875,0.8316697183735683,0.19526872386993935,0.32081475972653917,1.0,0.0,1.0,1.0,3
synthetic_map_00113,0.5333333333333333,0.6666666666666666,0.7333333333333333,0.8,0.2,0.13333333333333333,0.1875,0.7587148781779146,0.22181665869917483,0.36063349377532433,1.0,0.0,1.0,1.0,3
synthetic_map_00113,0.6,0.6666666666666666,0.7333333333333333,0.8,0.13333333333333333,0.13333333333333333,0.15625,0.6650854204556367,0.36333034361307076,0.5153127511364696,1.0,1.0,1.0,0.0,1
synthetic_map_00113,0.6,0.7333333333333333,0.7333333333333333,0.8,0.13333333333333333,0.06666666666666667,0.125,0.6796477936363476,0.3401464949311171,0.48189192882781645,1.0,1.0,0.0,1.0,1
synthetic_map_00113,0.6,0.8,0.7333333333333333,0.8,0.13333333333333333,0.0,0.09375,0.6941477200819094,0.2869879248482559,0.4169629811056306,1.0,1.0,0.0,1.0,3
synthetic_map_00113,0.6666666666666666,0.8,0.7333333333333333,0.8,0.06666666666666667,0.0,0.0625,0.8535513994700095,0.15259177448841066,0.2580067788388857,1.0,0.0,1.0,1.0,3
synthetic_map_00114,0.8,0.5333333333333333,0.8,0.26666666666666666,0.0,-0.26666666666666666,0.15625,0.9307232122388233,0.08187757198406632,0.3221840696677093,1.0,0.0,1.0,1.0,0
synthetic_map_00114,0.8,0.4666666666666667,0.8,0.26666666666666666,0.0,-0.2,0.125,0.8168757919187077,0.1604992351410883,0.23351287929688386,1.0,1.0,1.0,1.0,0
synthetic_map_00114,0.8,0.4,0.8,0.26666666666666666,0.0,-0.13333333333333333,0.09375,0.888292745625543,0.14067994192817762,0.2649740685082266,1.0,1.0,0.0,1.0,0
synthetic_map_00114,0.8,0.3333333333333333,0.8,0.26666666666666666,0.0,-0.06666666666666667,0.0625,0.8029902930437346,0.18402839175277627,0.364885929130017,1.0,1.0,1.0,1.0,0
synthetic_map_00115,0.7333333333333333,0.4,0.7333333333333333,0.8666666666666667,0.0,0.4666666666666667,0.4375,0.796183349865143,0.2239747762655871,0.3745313883652305,1.0,0.0,0.0,1.0,3
synthetic_map_00115,0.8,0.4,0.7333333333333333,0.8666666666666667,-0.06666666666666667,0.4666666666666667,0.40625,0.7575874530082624,0.24131375245798842,0.4566605796002254,1.0,1.0,1.0,1.0,1
synthetic_map_00115,0.8,0.4666666666666667,0.7333333333333333,0.8666666666666667,-0.06666666666666667,0.4,0.375,0.8477327505233068,0.17959608378793646,0.38033257883145005,1.0,0.0,0.0,1.0,3
synthetic_map_00115,0.8666666666666667,0.4666666666666667,0.7333333333333333,0.8666666666666667,-0.13333333333333333,0.4,0.34375,0.7457738186290386,0.25065384654999434,0.4136658340229454,1.0,1.0,1.0,0.0,1
synthetic_map_00115,0.8666666666666667,0.5333333333333333,0.7333333333333333,0.8666666666666667,-0.13333333333333333,0.3333333333333333,0.3125,0.8274744163228234,0.19591754254285965,0.3422227327227152,1.0,1.0,0.0,1.0,1
synthetic_map_00115,0.8666666666666667,0.6,0.7333333333333333,0.8666666666666667,-0.13333333333333333,0.26666666666666666,0.28125,0.7696410966760232,0.24859464272139303,0.3934823881580965,1.0,0.0,1.0,1.0,2
synthetic_map_00115,0.8,0.6,0.7333333333333333,0.8666666666666667,-0.06666666666666667,0.26666666666666666,0.25,0.8093942831745599,0.19261030127863996,0.3213385482367836,0.0,1.0,1.0,1.0,2
synthetic_map_00115,0.7333333333333333,0.6,0.7333333333333333,0.8666666666666667,0.0,0.26666666666666666,0.21875,0.8069649575183658,0.22185903381913855,0.4479912791984895,1.0,1.0,1.0,1.0,1
synthetic_map_00115,0.7333333333333333,0.6666666666666666,0.7333333333333333,0.8666666666666667,0.0,0.2,0.1875,1.0,0.0,0.26215043440830027,1.0,1.0,1.0,1.0,1
synthetic_map_00115,0.7333333333333333,0.7333333333333333,0.7333333333333333,0.8666666666666667,0.0,0.13333333333333333,0.15625,0.7889163787277185,0.21698380589254945,0.396835465378132,1.0,0.0,1.0,1.0,2
synthetic_map_00115,0.6666666666666666,0.7333333333333333,0.7333333333333333,0.8666666666666667,0.06666666666666667,0.13333333333333333,0.125,0.8389759892275681,0.14386003552580212,0.34650821516917873,1.0,1.0,1.0,1.0,1
synthetic_map_00115,0.6666666666666666,0.8666666666666667,0.7333333333333333,0.8666666666666667,0.06666666666666667,0.0,0.0625,0.6242306001529717,0.3496602786857229,0.4079043706230179,1.0,1.0,0.0,1.0,3
synthetic_map_00116,0.06666666666666667,0.6666666666666666,1.0,0.3333333333333333,0.9333333333333333,-0.3333333333333333,1.1875,0.8086260388916944,0.18424008849790496,0.3113161114815319,1.0,1.0,0.0,0.0,0
synthetic_map_00116,0.06666666666666667,0.6,1.0,0.3333333333333333,0.9333333333333333,-0.26666666666666666,1.15625,0.7921663699667555,0.19183995728614492,0.4513355782810023,1.0,1.0,1.0,1.0,0
synthetic_map_00116,0.06666666666666667,0.5333333333333333,1.0,0.3333333333333333,0.9333333333333333,-0.2,1.125,0.8802022053157958,0.09940837572910707,0.2513268301675642,1.0,1.0,1.0,1.0,0
synthetic_map_00116,0.06666666666666667,0.4666666666666667,1.0,0.3333333333333333,0.9333333333333333,-0.13333333333333333,1.09375,0.7373841413562744,0.25874535184388336,0.4139852768376361,1.0,1.0,1.0,0.0,0
synthetic_map_00116,0.13333333333333333,0.3333333333333333,1.0,0.3333333333333333,0.8666666666666667,0.0,1.0,0.6960782256580884,0.3010763428937301,0.5004255471420023,1.0,0.0,1.0,0.0,0
synthetic_map_00116,0.4,0.4,1.0,0.3333333333333333,0.6,-0.06666666666666667,0.78125,0.7067388845695856,0.30103407883497946,0.5386139535424941,1.0,1.0,0.0,0.0,1
synthetic_map_00116,0.4,0.4666666666666667,1.0,0.3333333333333333,0.6,-0.13333333333333333,0.75,0.7656441566489739,0.2560728073456239,0.4349307887306934,1.0,1.0,1.0,1.0,3
synthetic_map_00116,0.4666666666666667,0.5333333333333333,1.0,0.3333333333333333,0.5333333333333333,-0.2,0.6875,0.6421316693010604,0.344847317531405,0.4952029655094306,1.0,1.0,1.0,0.0,1
synthetic_map_00116,0.4,0.6666666666666666,1.0,0.3333333333333333,0.6,-0.3333333333333333,0.59375,0.5822362733361732,0.43982142042493,0.47579056882074977,0.0,1.0,0.0,1.0,1
synthetic_map_00116,0.8,0.6666666666666666,1.0,0.3333333333333333,0.2,-0.3333333333333333,0.28125,0.7528746229707526,0.25841740293867027,0.33809052084545904,1.0,1.0,0.0,0.0,0
synthetic_map_00116,0.8,0.4666666666666667,1.0,0.3333333333333333,0.2,-0.13333333333333333,0.1875,0.8648485302964112,0.13230904101741847,0.21650578981771942,0.0,1.0,1.0,1.0,3
synthetic_map_00116,0.9333333333333333,0.3333333333333333,1.0,0.3333333333333333,0.06666666666666667,0.0,0.0625,0.7507324483129535,0.239559416142475,0.4088890254079727,0.0,1.0,1.0,1.0,3
synthetic_map_00117,0.0,0.26666666666666666,0.4,0.06666666666666667,0.4,-0.2,0.3125,0.5786690010428893,0.40026115079527136,0.6311363309677361,0.0,1.0,0.0,1.0,3
synthetic_map_00117,0.06666666666666667,0.26666666666666666,0.4,0.06666666666666667,0.3333333333333333,-0.2,0.28125,0.7419926242939591,0.25790132111330494,0.3009340009036424,1.0,1.0,1.0,1.0,3
synthetic_map_00117,0.13333333333333333,0.26666666666666666,0.4,0.06666666666666667,0.26666666666666666,-0.2,0.25,0.7458507389440835,0.2680178945715262,0.34912437085350634,0.0,1.0,1.0,1.0,3
synthetic_map_00117,0.2,0.26666666666666666,0.4,0.06666666666666667,0.2,-0.2,0.21875,0.7831565514485567,0.22505796791491528,0.41428498161759053,0.0,1.0,1.0,1.0,3
synthetic_map_00117,0.26666666666666666,0.26666666666666666,0.4,0.06666666666666667,0.13333333333333333,-0.2,0.1875,0.775382757375258,0.23926437916765347,0.38934744136421,1.0,1.0,1.0,1.0,3
synthetic_map_00117,0.3333333333333333,0.26666666666666666,0.4,0.06666666666666667,0.06666666666666667,-0.2,0.15625,0.8432237176611572,0.15057371212747545,0.2362877482087213,0.0,1.0,1.0,1.0,3
synthetic_map_00117,0.4,0.26666666666666666,0.4,0.06666666666666667,0.0,-0.2,0.125,0.8819724579801478,0.14674865035445084,0.25051653502811244,1.0,1.0,1.0,1.0,0
synthetic_map_00117,0.4,0.2,0.4,0.06666666666666667,0.0,-0.13333333333333333,0.09375,0.7832662991059305,0.19693193794396718,0.38997246303628036,1.0,1.0,0.0,1.0,0
synthetic_map_00117,0.4,0.13333333333333333,0.4,0.06666666666666667,0.0,-0.06666666666666667,0.0625,0.6455684811875011,0.34840028117273053,0.4991276293001077,1.0,1.0,1.0,0.0,0
synthetic_map_00118,0.6666666666666666,0.2,0.0,0.26666666666666666,-0.6666666666666666,0.06666666666666667,0.5,0.6427194607653928,0.3728847262584528,0.3907961632753546,0.0,0.0,1.0,1.0,2
synthetic_map_00118,0.6,0.26666666666666666,0.0,0.26666666666666666,-0.6,0.0,0.4375,0.635420342493476,0.3549153804644516,0.537837907448291,1.0,1.0,0.0,0.0,1
synthetic_map_00118,0.6,0.3333333333333333,0.0,0.26666666666666666,-0.6,-0.06666666666666667,0.40625,0.7229143579968501,0.25484277342274875,0.3085687236852156,1.0,1.0,1.0,1.0,2
synthetic_map_00118,0.4666666666666667,0.3333333333333333,0.0,0.26666666666666666,-0.4666666666666667,-0.06666666666666667,0.34375,0.7659917802856095,0.21347152609162515,0.4380965176247588,1.0,1.0,1.0,1.0,2
synthetic_map_00118,0.4,0.3333333333333333,0.0,0.26666666666666666,-0.4,-0.06666666666666667,0.3125,0.7913434451985947,0.217868388370372,0.43090912909240797,0.0,1.0,1.0,1.0,2
synthetic_map_00118,0.3333333333333333,0.3333333333333333,0.0,0.26666666666666666,-0.3333333333333333,-0.06666666666666667,0.28125,0.7254966554413937,0.2978154707829813,0.4927025656830828,0.0,1.0,0.0,1.0,1
synthetic_map_00118,0.26666666666666666,0.4,0.0,0.26666666666666666,-0.26666666666666666,-0.13333333333333333,0.21875,0.8049966200679752,0.1788435171370965,0.3573392395321965,0.0,1.0,1.0,1.0,2
synthetic_map_00118,0.2,0.4,0.0,0.26666666666666666,-0.2,-0.13333333333333333,0.1875,0.8622630479348928,0.13128512044876575,0.22892926049715798,1.0,1.0,1.0,1.0,2
synthetic_map_00118,0.13333333333333333,0.4,0.0,0.26666666666666666,-0.13333333333333333,-0.13333333333333333,0.15625,0.9958882331695469,0.007876864142570307,0.2300371786192767,1.0,1.0,1.0,1.0,2
synthetic_map_00118,0.06666666666666667,0.4,0.0,0.26666666666666666,-0.06666666666666667,-0.13333333333333333,0.125,0.9751511729296735,0.049000837069088365,0.1543814857979954,1.0,1.0,1.0,1.0,2
synthetic_map_00118,0.0,0.4,0.0,0.26666666666666666,0.0,-0.13333333333333333,0.09375,0.7016863343708449,0.32537373164577654,0.5441690119954504,1.0,1.0,0.0,1.0,0
synthetic_map_00118,0.0,0.3333333333333333,0.0,0.26666666666666666,0.0,-0.06666666666666667,0.0625,0.7159620414602185,0.30762927602504775,0.44396292379572944,1.0,1.0,0.0,1.0,0
synthetic_map_00119,0.6666666666666666,0.2,0.3333333333333333,0.13333333333333333,-0.3333333333333333,-0.06666666666666667,0.34375,0.910199563199658,0.1100107750128759,0.34166720273908535,1.0,1.0,1.0,1.0,0
synthetic_map_00119,0.6666666666666666,0.13333333333333333,0.3333333333333333,0.13333333333333333,-0.3333333333333333,0.0,0.3125,0.8806922883244436,0.09342864234542048,0.2378563156190574,1.0,1.0,0.0,1.0,0
synthetic_map_00119,0.6666666666666666,0.06666666666666667,0.3333333333333333,0.13333333333333333,-0.3333333333333333,0.06666666666666667,0.28125,0.8789933807499721,0.1193665950496972,0.292866445514291,1.0,1.0,1.0,1.0,2
synthetic_map_00119,0.6,0.06666666666666667,0.3333333333333333,0.13333333333333333,-0.26666666666666666,0.06666666666666667,0.25,0.7672058035092701,0.24384525755114994,0.31770423504002254,1.0,0.0,0.0,1.0,0
synthetic_map_00119,0.6,0.0,0.3333333333333333,0.13333333333333333,-0.26666666666666666,0.13333333333333333,0.21875,0.5412746675729089,0.433768501825622,0.5985552139656386,0.0,1.0,1.0,1.0,2
synthetic_map_00119,0.5333333333333333,0.0,0.3333333333333333,0.13333333333333333,-0.2,0.13333333333333333,0.1875,0.5245945757159395,0.48957789984170474,0.5532811380032301,0.0,0.0,1.0,1.0,2
synthetic_map_00119,0.4666666666666667,0.0,0.3333333333333333,0.13333333333333333,-0.13333333333333333,0.13333333333333333,0.15625,0.5294545042445564,0.48234949992877335,0.4949379232792173,0.0,1.0,1.0,1.0,2
synthetic_map_00119,0.4,0.0,0.3333333333333333,0.13333333333333333,-0.06666666666666667,0.13333333333333333,0.125,0.6063977285038972,0.39648683780125993,0.606519685499426,0.0,1.0,1.0,1.0,1
synthetic_map_00119,0.4,0.06666666666666667,0.3333333333333333,0.13333333333333333,-0.06666666666666667,0.06666666666666667,0.09375,0.7690085841446527,0.2389792915927892,0.39138830545069314,1.0,1.0,0.0,1.0,1
synthetic_map_00119,0.4,0.13333333333333333,0.3333333333333333,0.13333333333333333,-0.06666666666666667,0.0,0.0625,0.6398873580988009,0.3417582192069212,0.45479347612516297,1.0,0.0,1.0,0.0,2
synthetic_map_00120,1.0,0.8666666666666667,0.26666666666666666,0.3333333333333333,-0.7333333333333333,-0.5333333333333333,0.6875,0.5343491534965581,0.45986426955552884,0.505227885225752,0.0,1.0,1.0,0.0,2
synthetic_map_00120,0.9333333333333333,0.8666666666666667,0.26666666666666666,0.3333333333333333,-0.6666666666666666,-0.5333333333333333,0.65625,0.6708301296607515,0.31575644919415213,0.5309549914381684,1.0,1.0,0.0,1.0,0
synthetic_map_00120,0.8666666666666667,0.8,0.26666666666666666,0.3333333333333333,-0.6,-0.4666666666666667,0.59375,0.8468030810064123,0.1799601224284816,0.45088343955863797,1.0,0.0,1.0,1.0,2
synthetic_map_00120,0.7333333333333333,0.8666666666666667,0.26666666666666666,0.3333333333333333,-0.4666666666666667,-0.5333333333333333,0.5,0.7713229663827792,0.24298009758591085,0.35500304979301395,1.0,1.0,1.0,1.0,2
synthetic_map_00120,0.4666666666666667,0.8666666666666667,0.26666666666666666,0.3333333333333333,-0.2,-0.5333333333333333,0.375,0.919766165482997,0.06236906103971701,0.3005983357383791,0.0,1.0,1.0,1.0,2
synthetic_map_00120,0.4,0.8,0.26666666666666666,0.3333333333333333,-0.13333333333333333,-0.4666666666666667,0.3125,0.6016811983370554,0.370048802918152,0.3993688939953488,1.0,1.0,0.0,0.0,0
synthetic_map_00120,0.4,0.7333333333333333,0.26666666666666666,0.3333333333333333,-0.13333333333333333,-0.4,0.28125,0.7833297320878856,0.20146266975127894,0.32419831097944174,1.0,1.0,1.0,1.0,2
synthetic_map_00120,0.3333333333333333,0.6666666666666666,0.26666666666666666,0.3333333333333333,-0.06666666666666667,-0.3333333333333333,0.21875,1.0,0.012847749726575583,0.12004105382939896,1.0,1.0,1.0,1.0,0
synthetic_map_00120,0.3333333333333333,0.6,0.26666666666666666,0.3333333333333333,-0.06666666666666667,-0.26666666666666666,0.1875,0.9106180767649207,0.1164654567614261,0.2737613589589104,1.0,1.0,1.0,1.0,0
synthetic_map_00120,0.3333333333333333,0.5333333333333333,0.26666666666666666,0.3333333333333333,-0.06666666666666667,-0.2,0.15625,0.819735571627934,0.181642941952936,0.3244034449178558,1.0,1.0,0.0,1.0,0
synthetic_map_00120,0.3333333333333333,0.4666666666666667,0.26666666666666666,0.3333333333333333,-0.06666666666666667,-0.13333333333333333,0.125,0.7639764151046481,0.2295893987678507,0.3581452960540801,1.0,1.0,0.0,1.0,0
synthetic_map_00120,0.3333333333333333,0.4,0.26666666666666666,0.3333333333333333,-0.06666666666666667,-0.06666666666666667,0.09375,0.9515474721703949,0.06271467635031679,0.23095203862926422,1.0,1.0,1.0,1.0,2
synthetic_map_00121,0.9333333333333333,0.9333333333333333,1.0,0.8666666666666667,0.06666666666666667,-0.06666666666666667,0.09375,0.849294315676415,0.15892762526180693,0.330349456035254,0.0,1.0,1.0,1.0,3
synthetic_map_00121,1.0,0.9333333333333333,1.0,0.8666666666666667,0.0,-0.06666666666666667,0.0625,0.5144047884286004,0.48196641138478846,0.5181547364803286,1.0,1.0,1.0,0.0,0
synthetic_map_00122,1.0,0.8,0.3333333333333333,0.9333333333333333,-0.6666666666666666,0.13333333333333333,0.53125,0.31096057322892173,0.715972661712427,0.7978901417734646,1.0,0.0,0.0,0.0,0
synthetic_map_00122,0.9333333333333333,0.7333333333333333,0.3333333333333333,0.9333333333333333,-0.6,0.2,0.46875,0.6235976865855564,0.3564230088833207,0.5002270474303641,1.0,0.0,1.0,1.0,2
synthetic_map_00122,0.8666666666666667,0.7333333333333333,0.3333333333333333,0.9333333333333333,-0.5333333333333333,0.2,0.4375,0.6113577988162278,0.41074689830100164,0.6094184806870115,0.0,0.0,1.0,1.0,2
synthetic_map_00122,0.6666666666666666,0.7333333333333333,0.3333333333333333,0.9333333333333333,-0.3333333333333333,0.2,0.34375,0.7813511688233085,0.2179510973874692,0.3603325986311249,1.0,1.0,0.0,1.0,1
synthetic_map_00122,0.6666666666666666,0.8,0.3333333333333333,0.9333333333333333,-0.3333333333333333,0.13333333333333333,0.3125,0.8779484063337656,0.09849641689253147,0.31597852326383774,1.0,1.0,1.0,1.0,2
synthetic_map_00122,0.6,0.8,0.3333333333333333,0.9333333333333333,-0.26666666666666666,0.13333333333333333,0.28125,0.8177615953385424,0.18511964337373477,0.35969853187916395,0.0,1.0,0.0,1.0,1
synthetic_map_00122,0.6,0.8666666666666667,0.3333333333333333,0.9333333333333333,-0.26666666666666666,0.06666666666666667,0.25,0.834091800389589,0.1725326881399139,0.3648119805342569,1.0,1.0,1.0,1.0,1
synthetic_map_00122,0.6,1.0,0.3333333333333333,0.9333333333333333,-0.26666666666666666,-0.06666666666666667,0.1875,0.4330725845734987,0.59432591947903,0.636350338228493,1.0,0.0,1.0,0.0,2
synthetic_map_00122,0.5333333333333333,1.0,0.3333333333333333,0.9333333333333333,-0.2,-0.06666666666666667,0.15625,0.48924319668374494,0.5120082529286109,0.6058580940621989,0.0,0.0,1.0,1.0,2
synthetic_map_00122,0.4666666666666667,1.0,0.3333333333333333,0.9333333333333333,-0.13333333333333333,-0.06666666666666667,0.125,0.3752233313550797,0.6012296142063571,0.61446074600614,0.0,0.0,1.0,1.0,2
synthetic_map_00122,0.4,1.0,0.3333333333333333,0.9333333333333333,-0.06666666666666667,-0.06666666666666667,0.09375,0.5472382074115845,0.47648115713009354,0.5689921786394725,1.0,0.0,1.0,1.0,2
synthetic_map_00122,0.3333333333333333,1.0,0.3333333333333333,0.9333333333333333,0.0,-0.06666666666666667,0.0625,0.5669808131077434,0.42660562393440066,0.5764691506334041,1.0,0.0,0.0,1.0,0
synthetic_map_00123,0.26666666666666666,0.06666666666666667,0.4666666666666667,0.6,0.2,0.5333333333333333,0.375,0.9495159022178101,0.07589493331266134,0.23090324206669371,1.0,1.0,1.0,0.0,1
synthetic_map_00123,0.26666666666666666,0.13333333333333333,0.4666666666666667,0.6,0.2,0.4666666666666667,0.34375,0.8768244089380802,0.09773622621897929,0.35795921308467615,1.0,1.0,1.0,1.0,1
synthetic_map_00123,0.26666666666666666,0.2,0.4666666666666667,0.6,0.2,0.4,0.3125,0.9056645841461644,0.07861264655252038,0.23343806991603855,1.0,1.0,1.0,1.0,3
synthetic_map_00123,0.3333333333333333,0.2,0.4666666666666667,0.6,0.13333333333333333,0.4,0.28125,0.8104106571270631,0.16104780544609332,0.3421736163076346,1.0,0.0,1.0,1.0,3
synthetic_map_00123,0.4,0.2,0.4666666666666667,0.6,0.06666666666666667,0.4,0.25,0.8589159283439043,0.115748904362555,0.2724496655141998,1.0,1.0,1.0,1.0,1
synthetic_map_00123,0.4,0.26666666666666666,0.4666666666666667,0.6,0.06666666666666667,0.3333333333333333,0.21875,0.7856179366500026,0.220496909936299,0.3031093802167743,1.0,0.0,0.0,1.0,3
synthetic_map_00123,0.4666666666666667,0.26666666666666666,0.4666666666666667,0.6,0.0,0.3333333333333333,0.1875,0.8909833121063437,0.12481469511912098,0.36495386089806725,1.0,1.0,1.0,1.0,1
synthetic_map_00123,0.4666666666666667,0.3333333333333333,0.4666666666666667,0.6,0.0,0.26666666666666666,0.15625,0.8266668073642336,0.18114338686573087,0.40696763718095247,1.0,1.0,0.0,1.0,1
synthetic_map_00123,0.4666666666666667,0.4,0.4666666666666667,0.6,0.0,0.2,0.125,0.66289611514639,0.3269100494670245,0.3976423006753558,1.0,1.0,0.0,1.0,1
synthetic_map_00123,0.4666666666666667,0.4666666666666667,0.4666666666666667,0.6,0.0,0.13333333333333333,0.09375,0.6824794635958521,0.2940669046422676,0.45621908200517086,1.0,1.0,0.0,1.0,1
synthetic_map_00123,0.4666666666666667,0.5333333333333333,0.4666666666666667,0.6,0.0,0.06666666666666667,0.0625,0.4923245437783632,0.48942187441603435,0.5346967208841235,1.0,1.0,1.0,0.0,1
synthetic_map_00124,0.2,0.4666666666666667,0.8,0.2,0.6,-0.26666666666666666,0.4375,0.7813190293844415,0.20267363658791632,0.3383869000031202,0.0,1.0,0.0,1.0,3
synthetic_map_00124,0.26666666666666666,0.4,0.8,0.2,0.5333333333333333,-0.2,0.375,0.5875789383301548,0.3975655654093766,0.5852463654133145,1.0,1.0,0.0,0.0,0
synthetic_map_00124,0.26666666666666666,0.3333333333333333,0.8,0.2,0.5333333333333333,-0.13333333333333333,0.34375,0.5590036104483291,0.4518105918032371,0.5067448652829785,1.0,1.0,0.0,0.0,0
synthetic_map_00124,0.26666666666666666,0.26666666666666666,0.8,0.2,0.5333333333333333,-0.06666666666666667,0.3125,0.8387181903508966,0.18031644077961273,0.4198437223000685,1.0,1.0,1.0,1.0,0
synthetic_map_00124,0.26666666666666666,0.2,0.8,0.2,0.5333333333333333,0.0,0.28125,0.9964754828740449,0.0,0.17518818426941096,1.0,1.0,1.0,1.0,3
synthetic_map_00124,0.3333333333333333,0.2,0.8,0.2,0.4666666666666667,0.0,0.25,0.9731777545538499,0.0,0.20467660986275113,1.0,1.0,1.0,1.0,3
synthetic_map_00124,0.4,0.2,0.8,0.2,0.4,0.0,0.21875,0.9947061670430285,0.0,0.12368009377705438,1.0,1.0,1.0,1.0,3
synthetic_map_00124,0.4666666666666667,0.2,0.8,0.2,0.3333333333333333,0.0,0.1875,0.9941196333507029,0.0,0.16179744857213763,1.0,1.0,1.0,1.0,3
synthetic_map_00124,0.5333333333333333,0.2,0.8,0.2,0.26666666666666666,0.0,0.15625,1.0,0.0,0.24621433403826032,1.0,1.0,1.0,1.0,3
synthetic_map_00124,0.6,0.2,0.8,0.2,0.2,0.0,0.125,0.8300274713190133,0.15370937177183513,0.30382791070132276,1.0,1.0,1.0,1.0,3
synthetic_map_00124,0.6666666666666666,0.2,0.8,0.2,0.13333333333333333,0.0,0.09375,0.8478020778434017,0.12732137671289612,0.36014153158621953,0.0,1.0,1.0,1.0,3
synthetic_map_00124,0.7333333333333333,0.2,0.8,0.2,0.06666666666666667,0.0,0.0625,0.9325542942580254,0.08050079069598888,0.21353633553187434,1.0,1.0,1.0,1.0,3
synthetic_map_00125,0.9333333333333333,0.5333333333333333,0.6666666666666666,0.6666666666666666,-0.26666666666666666,0.13333333333333333,0.34375,0.4029958899241429,0.5695924193073785,0.6811546689570449,1.0,0.0,0.0,0.0,0
synthetic_map_00125,0.9333333333333333,0.4666666666666667,0.6666666666666666,0.6666666666666666,-0.26666666666666666,0.2,0.3125,0.5895572629744728,0.41163738168266145,0.6249446697278678,1.0,1.0,0.0,1.0,0
synthetic_map_00125,0.9333333333333333,0.4,0.6666666666666666,0.6666666666666666,-0.26666666666666666,0.26666666666666666,0.28125,0.6923977593107886,0.31652723044340586,0.4503426664110804,1.0,1.0,1.0,0.0,2
synthetic_map_00125,0.8666666666666667,0.4,0.6666666666666666,0.6666666666666666,-0.2,0.26666666666666666,0.25,0.8400979563915117,0.15781159240316067,0.2709943860255871,1.0,0.0,1.0,1.0,2
synthetic_map_00125,0.8,0.4,0.6666666666666666,0.6666666666666666,-0.13333333333333333,0.26666666666666666,0.21875,0.7904319404790997,0.18340469713379823,0.36150202801649634,1.0,1.0,1.0,1.0,2
synthetic_map_00125,0.7333333333333333,0.4,0.6666666666666666,0.6666666666666666,-0.06666666666666667,0.26666666666666666,0.1875,0.8978899341026456,0.09123739471968645,0.22699817239445308,1.0,0.0,1.0,1.0,2
synthetic_map_00125,0.6666666666666666,0.4,0.6666666666666666,0.6666666666666666,0.0,0.26666666666666666,0.15625,0.8402561719182204,0.1300608710524666,0.26901915522441955,1.0,1.0,1.0,1.0,1
synthetic_map_00125,0.6666666666666666,0.4666666666666667,0.6666666666666666,0.6666666666666666,0.0,0.2,0.125,0.8945666237514507,0.10439368086977546,0.25037058136375473,1.0,1.0,1.0,0.0,1
synthetic_map_00125,0.6666666666666666,0.5333333333333333,0.6666666666666666,0.6666666666666666,0.0,0.13333333333333333,0.09375,0.6737354857816945,0.3088909059513787,0.4567336469877258,1.0,1.0,1.0,1.0,1
synthetic_map_00125,0.6666666666666666,0.6,0.6666666666666666,0.6666666666666666,0.0,0.06666666666666667,0.0625,0.6561756236500991,0.3156857791872046,0.5064139892157772,1.0,1.0,0.0,0.0,1
synthetic_map_00126,0.6,0.6,1.0,0.06666666666666667,0.4,-0.5333333333333333,0.46875,0.8007358607583646,0.18394839043386332,0.3394003819524367,1.0,0.0,1.0,1.0,0
synthetic_map_00126,0.6,0.5333333333333333,1.0,0.06666666666666667,0.4,-0.4666666666666667,0.4375,0.8468869378796688,0.17234503728870024,0.4337808600173885,0.0,1.0,0.0,1.0,3
synthetic_map_00126,0.6666666666666666,0.4666666666666667,1.0,0.06666666666666667,0.3333333333333333,-0.4,0.375,0.8659943743110109,0.12846291143304348,0.30586096788610795,1.0,1.0,0.0,1.0,0
synthetic_map_00126,0.6666666666666666,0.4,1.0,0.06666666666666667,0.3333333333333333,-0.3333333333333333,0.34375,0.773552635282817,0.24463444277086027,0.35643784602302286,0.0,1.0,1.0,1.0,3
synthetic_map_00126,0.7333333333333333,0.4,1.0,0.06666666666666667,0.26666666666666666,-0.3333333333333333,0.3125,0.7740241917824591,0.21066822801069152,0.4054374546747034,1.0,1.0,1.0,1.0,0
synthetic_map_00126,0.7333333333333333,0.3333333333333333,1.0,0.06666666666666667,0.26666666666666666,-0.26666666666666666,0.28125,0.8544218942339799,0.12147477964852076,0.2519012051208507,1.0,1.0,0.0,1.0,0
synthetic_map_00126,0.7333333333333333,0.26666666666666666,1.0,0.06666666666666667,0.26666666666666666,-0.2,0.25,0.7578059989527705,0.2460254693438586,0.4433304192959078,0.0,1.0,1.0,1.0,3
synthetic_map_00126,0.8,0.26666666666666666,1.0,0.06666666666666667,0.2,-0.2,0.21875,0.794072394127095,0.1885053894169476,0.3819550648753748,1.0,1.0,1.0,0.0,0
synthetic_map_00126,0.8666666666666667,0.2,1.0,0.06666666666666667,0.13333333333333333,-0.13333333333333333,0.15625,0.6828653793878401,0.3040378933513332,0.39399199374317284,1.0,0.0,1.0,1.0,0
synthetic_map_00126,0.8666666666666667,0.13333333333333333,1.0,0.06666666666666667,0.13333333333333333,-0.06666666666666667,0.125,0.9026979066965977,0.07096360286233619,0.2823533436578532,1.0,1.0,0.0,1.0,0
synthetic_map_00126,0.8666666666666667,0.06666666666666667,1.0,0.06666666666666667,0.13333333333333333,0.0,0.09375,0.7788234567677774,0.20076385760449397,0.3028405588907688,0.0,1.0,1.0,1.0,3
synthetic_map_00126,0.9333333333333333,0.06666666666666667,1.0,0.06666666666666667,0.06666666666666667,0.0,0.0625,0.8381493173369972,0.13958947646194936,0.28583847930069534,1.0,1.0,1.0,1.0,3
synthetic_map_00127,0.0,0.13333333333333333,0.3333333333333333,0.6,0.3333333333333333,0.4666666666666667,0.40625,0.647999379986447,0.32820167777227,0.4227787722438962,1.0,1.0,0.0,1.0,1
synthetic_map_00127,0.0,0.2,0.3333333333333333,0.6,0.3333333333333333,0.4,0.375,0.5023076198221194,0.490822620435267,0.5096203149428742,1.0,1.0,0.0,1.0,3
synthetic_map_00127,0.06666666666666667,0.2,0.3333333333333333,0.6,0.26666666666666666,0.4,0.34375,0.8877619294043427,0.10756600285748144,0.2440910040379324,1.0,0.0,1.0,1.0,3
synthetic_map_00127,0.13333333333333333,0.2,0.3333333333333333,0.6,0.2,0.4,0.3125,0.8799818039156757,0.12478642972830487,0.2848943279347453,1.0,1.0,1.0,1.0,1
synthetic_map_00127,0.13333333333333333,0.26666666666666666,0.3333333333333333,0.6,0.2,0.3333333333333333,0.28125,0.8376606144257185,0.13425153694620545,0.3494333107509749,1.0,1.0,0.0,1.0,1
synthetic_map_00127,0.13333333333333333,0.3333333333333333,0.3333333333333333,0.6,0.2,0.26666666666666666,0.25,0.7911884536152919,0.22508180298018676,0.3001186387999382,1.0,1.0,1.0,1.0,3
synthetic_map_00127,0.2,0.3333333333333333,0.3333333333333333,0.6,0.13333333333333333,0.26666666666666666,0.21875,0.7838598539605124,0.2213764341631288,0.3554054633812199,1.0,0.0,1.0,1.0,3
synthetic_map_00127,0.26666666666666666,0.3333333333333333,0.3333333333333333,0.6,0.06666666666666667,0.26666666666666666,0.1875,0.5962430409788415,0.3771478765228227,0.5096292404268149,0.0,1.0,1.0,1.0,1
synthetic_map_00127,0.26666666666666666,0.4,0.3333333333333333,0.6,0.06666666666666667,0.2,0.15625,0.5407955876303773,0.46493055169074204,0.4836339715478367,1.0,1.0,0.0,0.0,1
synthetic_map_00127,0.26666666666666666,0.4666666666666667,0.3333333333333333,0.6,0.06666666666666667,0.13333333333333333,0.125,0.4900304334374393,0.4857626179806504,0.5735788570943933,1.0,1.0,0.0,0.0,1
synthetic_map_00127,0.26666666666666666,0.5333333333333333,0.3333333333333333,0.6,0.06666666666666667,0.06666666666666667,0.09375,0.80281033104674,0.22599850967035884,0.31045346574221444,1.0,1.0,1.0,1.0,1
synthetic_map_00127,0.26666666666666666,0.6,0.3333333333333333,0.6,0.06666666666666667,0.0,0.0625,1.0,0.019804278805688122,0.1635604273902274,1.0,1.0,1.0,1.0,3
synthetic_map_00128,0.6,0.5333333333333333,0.4666666666666667,0.6666666666666666,-0.13333333333333333,0.13333333333333333,0.15625,0.8699069596723934,0.11614776897438298,0.308406839350837,1.0,1.0,0.0,1.0,1
synthetic_map_00128,0.6,0.6,0.4666666666666667,0.6666666666666666,-0.13333333333333333,0.06666666666666667,0.125,0.8829690073133101,0.13250365820578552,0.2261891393494569,1.0,1.0,1.0,1.0,2
synthetic_map_00128,0.5333333333333333,0.6,0.4666666666666667,0.6666666666666666,-0.06666666666666667,0.06666666666666667,0.09375,0.8628227195132023,0.14851824046018203,0.2378463123714028,0.0,1.0,1.0,1.0,2
synthetic_map_00128,0.4666666666666667,0.6,0.4666666666666667,0.6666666666666666,0.0,0.06666666666666667,0.0625,0.8344581130854892,0.15977249193007667,0.23983555537015516,1.0,1.0,1.0,1.0,1
synthetic_map_00129,0.8666666666666667,0.26666666666666666,0.8,0.5333333333333333,-0.06666666666666667,0.26666666666666666,0.1875,0.8167255995776405,0.17870005886758858,0.32310551156635736,1.0,1.0,1.0,1.0,1
synthetic_map_00129,0.8666666666666667,0.3333333333333333,0.8,0.5333333333333333,-0.06666666666666667,0.2,0.15625,0.6904541403569187,0.33157398067843813,0.39936411466985633,1.0,1.0,0.0,0.0,1
synthetic_map_00129,0.8666666666666667,0.4,0.8,0.5333333333333333,-0.06666666666666667,0.13333333333333333,0.125,0.6917491774558041,0.32546203261262047,0.4824558207161705,1.0,1.0,0.0,1.0,1
synthetic_map_00129,0.8666666666666667,0.4666666666666667,0.8,0.5333333333333333,-0.06666666666666667,0.06666666666666667,0.09375,0.9143671357227726,0.06665527644349449,0.21881270747205359,1.0,1.0,1.0,1.0,2
synthetic_map_00129,0.8,0.4666666666666667,0.8,0.5333333333333333,0.0,0.06666666666666667,0.0625,0.8893414846763853,0.1398990889243919,0.31682394257080254,0.0,1.0,1.0,1.0,1
synthetic_map_00130,1.0,0.6,0.4666666666666667,0.6,-0.5333333333333333,0.0,0.46875,0.4700311040073987,0.5307946408703578,0.6970582961940063,1.0,0.0,1.0,0.0,2
synthetic_map_00130,0.9333333333333333,0.6,0.4666666666666667,0.6,-0.4666666666666667,0.0,0.4375,0.7151302890495423,0.2625203940180807,0.3752431012105045,0.0,1.0,1.0,1.0,2
synthetic_map_00130,0.8666666666666667,0.6,0.4666666666666667,0.6,-0.4,0.0,0.40625,0.6547646779199103,0.3307290871209388,0.4451739802950946,1.0,1.0,1.0,1.0,1
synthetic_map_00130,0.8666666666666667,0.6666666666666666,0.4666666666666667,0.6,-0.4,-0.06666666666666667,0.375,0.6622338704382237,0.32715924338677077,0.42109542495486807,1.0,1.0,0.0,1.0,1
synthetic_map_00130,0.8666666666666667,0.7333333333333333,0.4666666666666667,0.6,-0.4,-0.13333333333333333,0.34375,0.6270552738370043,0.3666884471942461,0.43806376704542416,1.0,1.0,0.0,0.0,1
synthetic_map_00130,0.8666666666666667,0.8,0.4666666666666667,0.6,-0.4,-0.2,0.3125,0.7719571244808092,0.2566268781971194,0.4238486737922049,1.0,1.0,1.0,1.0,2
synthetic_map_00130,0.8,0.8,0.4666666666666667,0.6,-0.3333333333333333,-0.2,0.28125,0.8710378278402255,0.11182238357830698,0.35965523861113263,0.0,1.0,1.0,1.0,2
synthetic_map_00130,0.7333333333333333,0.7333333333333333,0.4666666666666667,0.6,-0.26666666666666666,-0.13333333333333333,0.21875,0.5617645095436957,0.45439415603334543,0.5096240621217917,1.0,1.0,1.0,0.0,2
synthetic_map_00130,0.6666666666666666,0.7333333333333333,0.4666666666666667,0.6,-0.2,-0.13333333333333333,0.1875,0.5807575548475049,0.42940437291647027,0.5393476575505247,0.0,0.0,1.0,1.0,2
synthetic_map_00130,0.6,0.7333333333333333,0.4666666666666667,0.6,-0.13333333333333333,-0.13333333333333333,0.15625,0.5410155888271696,0.4388943006224294,0.4931111696237849,0.0,0.0,1.0,1.0,2
synthetic_map_00130,0.5333333333333333,0.7333333333333333,0.4666666666666667,0.6,-0.06666666666666667,-0.13333333333333333,0.125,0.765020401111588,0.245750645204129,0.3747798041075562,1.0,1.0,1.0,1.0,2
synthetic_map_00130,0.4666666666666667,0.7333333333333333,0.4666666666666667,0.6,0.0,-0.13333333333333333,0.09375,0.8414060100541088,0.17896703531257308,0.37208526330492814,1.0,1.0,1.0,1.0,0
synthetic_map_00131,0.4,0.06666666666666667,0.9333333333333333,0.06666666666666667,0.5333333333333333,0.0,0.59375,0.7701972444846437,0.24910739814101424,0.37025006257226645,0.0,1.0,1.0,1.0,1
synthetic_map_00131,0.4,0.26666666666666666,0.9333333333333333,0.06666666666666667,0.5333333333333333,-0.2,0.5,0.8981087211434169,0.08005968158118162,0.3229500350354205,1.0,1.0,1.0,1.0,1
synthetic_map_00131,0.4,0.3333333333333333,0.9333333333333333,0.06666666666666667,0.5333333333333333,-0.26666666666666666,0.46875,0.9253084075486,0.0974017619765089,0.25180498816612334,1.0,1.0,1.0,0.0,1
synthetic_map_00131,0.4,0.4,0.9333333333333333,0.06666666666666667,0.5333333333333333,-0.3333333333333333,0.4375,0.7917038579267652,0.20963110635733612,0.4132892961353811,1.0,1.0,1.0,1.0,3
synthetic_map_00131,0.4666666666666667,0.4,0.9333333333333333,0.06666666666666667,0.4666666666666667,-0.3333333333333333,0.40625,0.7874028018176364,0.18382765058973166,0.3857538877322083,0.0,1.0,1.0,1.0,3
synthetic_map_00131,0.6666666666666666,0.4,0.9333333333333333,0.06666666666666667,0.26666666666666666,-0.3333333333333333,0.3125,0.8002765152425536,0.2264208871136827,0.37432687531544784,1.0,0.0,1.0,1.0,0
synthetic_map_00131,0.6666666666666666,0.2,0.9333333333333333,0.06666666666666667,0.26666666666666666,-0.13333333333333333,0.21875,0.5099693006883215,0.46088572731453903,0.6232581092573241,0.0,1.0,0.0,1.0,3
synthetic_map_00131,0.7333333333333333,0.2,0.9333333333333333,0.06666666666666667,0.2,-0.13333333333333333,0.1875,0.6874066365128475,0.3061450334465835,0.45460596042141255,0.0,0.0,1.0,1.0,3
synthetic_map_00131,0.8,0.2,0.9333333333333333,0.06666666666666667,0.13333333333333333,-0.13333333333333333,0.15625,0.6863941181920437,0.3379655584591596,0.5067943791902352,1.0,1.0,1.0,1.0,0
synthetic_map_00131,0.8,0.13333333333333333,0.9333333333333333,0.06666666666666667,0.13333333333333333,-0.06666666666666667,0.125,0.8083450316581557,0.20288488599273247,0.4537849153209393,0.0,1.0,0.0,1.0,3
synthetic_map_00131,0.8666666666666667,0.13333333333333333,0.9333333333333333,0.06666666666666667,0.06666666666666667,-0.06666666666666667,0.09375,0.7864373475721005,0.24054035518569716,0.39308920604640746,1.0,1.0,1.0,1.0,0
synthetic_map_00131,0.8666666666666667,0.06666666666666667,0.9333333333333333,0.06666666666666667,0.06666666666666667,0.0,0.0625,0.7760152996231539,0.1946314357174481,0.4443617200790995,1.0,1.0,0.0,1.0,3
synthetic_map_00132,0.4,0.8,0.8,0.6666666666666666,0.4,-0.13333333333333333,0.28125,1.0,0.0,0.1283321770374629,1.0,1.0,1.0,1.0,0
synthetic_map_00132,0.4,0.7333333333333333,0.8,0.6666666666666666,0.4,-0.06666666666666667,0.25,0.8124666536917576,0.2022701325267958,0.4559072430465888,0.0,1.0,1.0,1.0,3
synthetic_map_00132,0.4666666666666667,0.7333333333333333,0.8,0.6666666666666666,0.3333333333333333,-0.06666666666666667,0.21875,0.6537125448359528,0.35580365419808674,0.40641001560306605,0.0,1.0,1.0,1.0,3
synthetic_map_00132,0.5333333333333333,0.7333333333333333,0.8,0.6666666666666666,0.26666666666666666,-0.06666666666666667,0.1875,0.7610471158059184,0.22553619074713968,0.32442278735576274,0.0,1.0,1.0,1.0,3
synthetic_map_00132,0.6,0.7333333333333333,0.8,0.6666666666666666,0.2,-0.06666666666666667,0.15625,0.9253688508428983,0.07343883529069861,0.28108610802200895,1.0,1.0,1.0,1.0,0
synthetic_map_00132,0.6,0.6666666666666666,0.8,0.6666666666666666,0.2,0.0,0.125,0.6461157403742614,0.3562506583504146,0.45750542470474964,0.0,1.0,0.0,1.0,3
synthetic_map_00132,0.6666666666666666,0.6666666666666666,0.8,0.6666666666666666,0.13333333333333333,0.0,0.09375,0.7265161583242957,0.27025436848126827,0.4280711750618908,0.0,1.0,1.0,1.0,3
synthetic_map_00132,0.7333333333333333,0.6666666666666666,0.8,0.6666666666666666,0.06666666666666667,0.0,0.0625,0.799566249811768,0.20940365220881516,0.39275789826292246,1.0,1.0,1.0,1.0,3
synthetic_map_00133,0.13333333333333333,1.0,0.9333333333333333,0.4,0.8,-0.6,0.6875,0.45347579755783013,0.5592587270041001,0.7082775280378828,1.0,0.0,0.0,1.0,0
synthetic_map_00133,0.13333333333333333,0.9333333333333333,0.9333333333333333,0.4,0.8,-0.5333333333333333,0.65625,0.493983159915208,0.48045371588452135,0.5764426476343237,0.0,1.0,0.0,1.0,3
synthetic_map_00133,0.26666666666666666,0.9333333333333333,0.9333333333333333,0.4,0.6666666666666666,-0.5333333333333333,0.59375,0.7005543937993352,0.28784812030285867,0.4728072784774022,0.0,1.0,1.0,1.0,3
synthetic_map_00133,0.3333333333333333,0.8666666666666667,0.9333333333333333,0.4,0.6,-0.4666666666666667,0.53125,0.7744361066437363,0.22663185881227138,0.44371573748126086,1.0,1.0,0.0,0.0,0
synthetic_map_00133,0.3333333333333333,0.7333333333333333,0.9333333333333333,0.4,0.6,-0.3333333333333333,0.46875,0.873612072785271,0.14118395918009663,0.3083723756427445,1.0,1.0,1.0,0.0,0
synthetic_map_00133,0.3333333333333333,0.6,0.9333333333333333,0.4,0.6,-0.2,0.40625,0.989673263533542,0.0,0.14837922841078893,1.0,1.0,1.0,1.0,0
synthetic_map_00133,0.3333333333333333,0.5333333333333333,0.9333333333333333,0.4,0.6,-0.13333333333333333,0.375,0.8774832143297724,0.10586065862820093,0.22969305704882723,0.0,1.0,1.0,1.0,3
synthetic_map_00133,0.5333333333333333,0.5333333333333333,0.9333333333333333,0.4,0.4,-0.13333333333333333,0.28125,0.7434984119616332,0.26082879131037334,0.3717815620863253,1.0,1.0,1.0,1.0,0
synthetic_map_00133,0.5333333333333333,0.4666666666666667,0.9333333333333333,0.4,0.4,-0.06666666666666667,0.25,0.7558800228321335,0.2262211336629844,0.30658658610466505,0.0,1.0,0.0,1.0,3
synthetic_map_00133,0.6666666666666666,0.4666666666666667,0.9333333333333333,0.4,0.26666666666666666,-0.06666666666666667,0.1875,0.8561239680770859,0.12903612013306606,0.2552615812866082,0.0,1.0,1.0,1.0,3
synthetic_map_00133,0.8,0.4,0.9333333333333333,0.4,0.13333333333333333,0.0,0.09375,0.6099364079810445,0.3739223678483452,0.5206827246725085,1.0,0.0,1.0,1.0,3
synthetic_map_00133,0.8666666666666667,0.4,0.9333333333333333,0.4,0.06666666666666667,0.0,0.0625,0.7270227131241253,0.268319446977122,0.3480389073940685,0.0,1.0,1.0,1.0,3
synthetic_map_00134,0.7333333333333333,0.6666666666666666,0.4,0.4,-0.3333333333333333,-0.26666666666666666,0.3125,0.6902483551091512,0.29110835533575163,0.5192026954584675,1.0,1.0,1.0,1.0,2
synthetic_map_00134,0.6666666666666666,0.6666666666666666,0.4,0.4,-0.26666666666666666,-0.26666666666666666,0.28125,0.6776525029709244,0.30379555345637055,0.47623782654715535,1.0,0.0,0.0,1.0,0
synthetic_map_00134,0.6666666666666666,0.6,0.4,0.4,-0.26666666666666666,-0.2,0.25,0.8200501479623947,0.20896978554397777,0.31807766269635596,1.0,1.0,1.0,1.0,2
synthetic_map_00134,0.6,0.6,0.4,0.4,-0.2,-0.2,0.21875,0.630532913441879,0.3793720851499015,0.5037408293972849,1.0,0.0,0.0,1.0,0
synthetic_map_00134,0.6,0.5333333333333333,0.4,0.4,-0.2,-0.13333333333333333,0.1875,0.8677088373685402,0.12284616674488782,0.3336256136330186,1.0,1.0,1.0,1.0,2
synthetic_map_00134,0.5333333333333333,0.5333333333333333,0.4,0.4,-0.13333333333333333,-0.13333333333333333,0.15625,0.8971159885294724,0.08475218427590578,0.3584640882765157,1.0,0.0,1.0,1.0,2
synthetic_map_00134,0.4666666666666667,0.5333333333333333,0.4,0.4,-0.06666666666666667,-0.13333333333333333,0.125,0.8058282900745187,0.20671409461163537,0.40880041645972115,1.0,1.0,1.0,1.0,2
synthetic_map_00134,0.4,0.5333333333333333,0.4,0.4,0.0,-0.13333333333333333,0.09375,0.8927385336370401,0.11880726197577893,0.2769560884216594,1.0,0.0,1.0,1.0,0
synthetic_map_00134,0.4,0.4666666666666667,0.4,0.4,0.0,-0.06666666666666667,0.0625,0.9853571390922625,0.035319227825903465,0.14399798394686,1.0,1.0,1.0,1.0,0
synthetic_map_00135,0.8666666666666667,0.9333333333333333,0.06666666666666667,0.3333333333333333,-0.8,-0.6,0.6875,0.8635234171843994,0.1344309928483685,0.21224145094259284,0.0,1.0,1.0,1.0,2
synthetic_map_00135,0.7333333333333333,0.9333333333333333,0.06666666666666667,0.3333333333333333,-0.6666666666666666,-0.6,0.625,1.0,0.0,0.22640205410515296,1.0,1.0,1.0,1.0,2
synthetic_map_00135,0.6666666666666666,0.8666666666666667,0.06666666666666667,0.3333333333333333,-0.6,-0.5333333333333333,0.5625,0.7039641936123829,0.3131541848298049,0.5077920127804079,1.0,1.0,0.0,1.0,0
synthetic_map_00135,0.6666666666666666,0.8,0.06666666666666667,0.3333333333333333,-0.6,-0.4666666666666667,0.53125,0.5579648309999549,0.4536345927984508,0.6007189685752041,0.0,1.0,1.0,0.0,2
synthetic_map_00135,0.6,0.8,0.06666666666666667,0.3333333333333333,-0.5333333333333333,-0.4666666666666667,0.5,0.7141580085836087,0.3114680463238788,0.5054130707853527,1.0,0.0,0.0,1.0,0
synthetic_map_00135,0.4666666666666667,0.7333333333333333,0.06666666666666667,0.3333333333333333,-0.4,-0.4,0.40625,0.8028450278184391,0.1780367215325058,0.4419738358366381,1.0,1.0,1.0,1.0,0
synthetic_map_00135,0.4666666666666667,0.6666666666666666,0.06666666666666667,0.3333333333333333,-0.4,-0.3333333333333333,0.375,0.854816781685071,0.12674601683646491,0.2761604102376684,1.0,1.0,0.0,1.0,0
synthetic_map_00135,0.4666666666666667,0.6,0.06666666666666667,0.3333333333333333,-0.4,-0.26666666666666666,0.34375,0.6958589516597077,0.33162193375906196,0.41796606727802965,1.0,1.0,1.0,1.0,0
synthetic_map_00135,0.4666666666666667,0.4,0.06666666666666667,0.3333333333333333,-0.4,-0.06666666666666667,0.25,0.815134675005563,0.18156775708833572,0.4161203261536817,1.0,1.0,1.0,1.0,2
synthetic_map_00135,0.3333333333333333,0.4,0.06666666666666667,0.3333333333333333,-0.26666666666666666,-0.06666666666666667,0.1875,0.834245826340368,0.1801870927231723,0.3039774557852596,1.0,0.0,1.0,1.0,2
synthetic_map_00135,0.26666666666666666,0.4,0.06666666666666667,0.3333333333333333,-0.2,-0.06666666666666667,0.15625,0.9225625713429089,0.07545857733994674,0.2923486226436097,1.0,1.0,1.0,1.0,2
synthetic_map_00135,0.13333333333333333,0.3333333333333333,0.06666666666666667,0.3333333333333333,-0.06666666666666667,0.0,0.0625,0.9568866265390976,0.06292642341654611,0.3345206071385552,1.0,1.0,1.0,1.0,2
synthetic_map_00136,0.06666666666666667,0.6666666666666666,0.2,0.9333333333333333,0.13333333333333333,0.26666666666666666,0.21875,0.7570349337123404,0.26996299819153624,0.42646112999836383,0.0,1.0,1.0,1.0,1
synthetic_map_00136,0.06666666666666667,0.7333333333333333,0.2,0.9333333333333333,0.13333333333333333,0.2,0.1875,1.0,0.00011743198330717991,0.20688980346484642,1.0,1.0,1.0,1.0,1
synthetic_map_00136,0.06666666666666667,0.8,0.2,0.9333333333333333,0.13333333333333333,0.13333333333333333,0.15625,0.8703445141633432,0.12894234705291355,0.24008192445302745,1.0,0.0,1.0,1.0,3
synthetic_map_00136,0.13333333333333333,0.8,0.2,0.9333333333333333,0.06666666666666667,0.13333333333333333,0.125,0.8699906179419304,0.1063796324272179,0.357556674732461,1.0,1.0,1.0,1.0,1
synthetic_map_00136,0.13333333333333333,0.8666666666666667,0.2,0.9333333333333333,0.06666666666666667,0.06666666666666667,0.09375,0.8297014937651783,0.17699136125927395,0.3263700195611283,1.0,1.0,0.0,1.0,1
synthetic_map_00136,0.13333333333333333,0.9333333333333333,0.2,0.9333333333333333,0.06666666666666667,0.0,0.0625,0.6672092105500514,0.34276225804600047,0.5441808773328256,1.0,1.0,0.0,1.0,3
synthetic_map_00137,0.3333333333333333,0.9333333333333333,0.4,0.3333333333333333,0.06666666666666667,-0.6,0.34375,0.66404420122374,0.31387739533304887,0.4068065744113769,0.0,1.0,1.0,1.0,3
synthetic_map_00137,0.4,0.9333333333333333,0.4,0.3333333333333333,0.0,-0.6,0.3125,0.5495911782018397,0.4435123141964085,0.6056429227699507,1.0,0.0,1.0,0.0,0
synthetic_map_00137,0.4,0.8666666666666667,0.4,0.3333333333333333,0.0,-0.5333333333333333,0.28125,0.5590468552702578,0.443652116994272,0.5324852439664363,1.0,1.0,0.0,0.0,0
synthetic_map_00137,0.4,0.8,0.4,0.3333333333333333,0.0,-0.4666666666666667,0.25,0.5967353919350404,0.41369387086701115,0.5296697229182805,1.0,1.0,1.0,0.0,0
synthetic_map_00137,0.4,0.7333333333333333,0.4,0.3333333333333333,0.0,-0.4,0.21875,0.6281151990135366,0.3540589318441171,0.45948613368098,1.0,1.0,0.0,1.0,0
synthetic_map_00137,0.4,0.6666666666666666,0.4,0.3333333333333333,0.0,-0.3333333333333333,0.1875,0.6210855806132668,0.35792731773156883,0.5301890068954909,1.0,1.0,1.0,0.0,0
synthetic_map_00137,0.4,0.6,0.4,0.3333333333333333,0.0,-0.26666666666666666,0.15625,0.7522310929818222,0.2685965207014791,0.35313415618652394,1.0,1.0,1.0,0.0,0
synthetic_map_00137,0.4,0.5333333333333333,0.4,0.3333333333333333,0.0,-0.2,0.125,0.8769132119158751,0.10657405894621377,0.2675729096591249,1.0,1.0,1.0,1.0,0
synthetic_map_00137,0.4,0.4666666666666667,0.4,0.3333333333333333,0.0,-0.13333333333333333,0.09375,0.8410096820749652,0.13940937623805943,0.3260927357718433,1.0,1.0,1.0,1.0,0
synthetic_map_00137,0.4,0.4,0.4,0.3333333333333333,0.0,-0.06666666666666667,0.0625,0.9430190560063073,0.08049314697934548,0.36759654383504287,1.0,1.0,0.0,1.0,0
synthetic_map_00138,0.5333333333333333,0.8,0.13333333333333333,0.0,-0.4,-0.8,0.59375,0.8263503809720373,0.1741779835886781,0.41976870236984537,1.0,1.0,0.0,1.0,0
synthetic_map_00138,0.5333333333333333,0.7333333333333333,0.13333333333333333,0.0,-0.4,-0.7333333333333333,0.5625,0.700724535184611,0.29996157984516597,0.483570009666464,0.0,1.0,1.0,1.0,2
synthetic_map_00138,0.4666666666666667,0.7333333333333333,0.13333333333333333,0.0,-0.3333333333333333,-0.7333333333333333,0.53125,0.5176275648945415,0.48160043845458833,0.6035180118846235,1.0,0.0,0.0,1.0,0
synthetic_map_00138,0.4666666666666667,0.6666666666666666,0.13333333333333333,0.0,-0.3333333333333333,-0.6666666666666666,0.5,0.5544818077216543,0.45114922462021373,0.530989097752296,1.0,1.0,0.0,0.0,0
synthetic_map_00138,0.4666666666666667,0.6,0.13333333333333333,0.0,-0.3333333333333333,-0.6,0.46875,0.6620842876215961,0.3381735742267867,0.49808773448301724,1.0,1.0,1.0,0.0,2
synthetic_map_00138,0.4,0.4666666666666667,0.13333333333333333,0.0,-0.26666666666666666,-0.4666666666666667,0.375,0.6485791123056771,0.3458948825202488,0.5298585447397377,1.0,1.0,0.0,0.0,0
synthetic_map_00138,0.4,0.4,0.13333333333333333,0.0,-0.26666666666666666,-0.4,0.34375,0.727772166379407,0.30074067689216993,0.4351359109512195,1.0,1.0,1.0,1.0,2
synthetic_map_00138,0.3333333333333333,0.4,0.13333333333333333,0.0,-0.2,-0.4,0.3125,0.7732859438571108,0.25391390836873684,0.45423968761288763,1.0,0.0,0.0,1.0,0
synthetic_map_00138,0.3333333333333333,0.3333333333333333,0.13333333333333333,0.0,-0.2,-0.3333333333333333,0.28125,0.8438183623738562,0.14212797355238727,0.2368856177245572,1.0,1.0,1.0,1.0,2
synthetic_map_00138,0.26666666666666666,0.3333333333333333,0.13333333333333333,0.0,-0.13333333333333333,-0.3333333333333333,0.25,0.6361475870225431,0.3757408696115353,0.48500515502997504,1.0,0.0,0.0,1.0,0
synthetic_map_00138,0.26666666666666666,0.2,0.13333333333333333,0.0,-0.13333333333333333,-0.2,0.1875,0.8714713827485528,0.1375721744988721,0.3099832861498417,1.0,1.0,1.0,1.0,2
synthetic_map_00138,0.2,0.06666666666666667,0.13333333333333333,0.0,-0.06666666666666667,-0.06666666666666667,0.09375,0.6885148219346259,0.3238218100604729,0.4140955818251873,1.0,1.0,0.0,0.0,0
synthetic_map_00139,0.26666666666666666,0.4,0.8,0.3333333333333333,0.5333333333333333,-0.06666666666666667,0.3125,0.9955047297011256,0.0,0.16876631181600543,1.0,1.0,1.0,1.0,3
synthetic_map_00139,0.3333333333333333,0.4,0.8,0.3333333333333333,0.4666666666666667,-0.06666666666666667,0.28125,1.0,0.0,0.24803952619947417,1.0,1.0,1.0,1.0,3
synthetic_map_00139,0.4,0.4,0.8,0.3333333333333333,0.4,-0.06666666666666667,0.25,0.9836705543004931,0.0,0.25336194541631585,1.0,1.0,1.0,1.0,3
synthetic_map_00139,0.4666666666666667,0.4,0.8,0.3333333333333333,0.3333333333333333,-0.06666666666666667,0.21875,1.0,0.0,0.15573296018285313,1.0,1.0,1.0,1.0,3
synthetic_map_00139,0.5333333333333333,0.4,0.8,0.3333333333333333,0.26666666666666666,-0.06666666666666667,0.1875,0.8973339907042526,0.10248450533316952,0.26451196812141753,1.0,1.0,1.0,1.0,3
synthetic_map_00139,0.6,0.4,0.8,0.3333333333333333,0.2,-0.06666666666666667,0.15625,0.8982099363616445,0.10186218383812692,0.2249427913494941,0.0,1.0,1.0,1.0,3
synthetic_map_00139,0.6666666666666666,0.4,0.8,0.3333333333333333,0.13333333333333333,-0.06666666666666667,0.125,0.91154351017414,0.08577195107022786,0.3176295003066741,1.0,1.0,1.0,1.0,0
synthetic_map_00139,0.6666666666666666,0.3333333333333333,0.8,0.3333333333333333,0.13333333333333333,0.0,0.09375,0.7586303937808778,0.24875929132579744,0.36720963029879417,0.0,1.0,0.0,1.0,3
synthetic_map_00139,0.7333333333333333,0.3333333333333333,0.8,0.3333333333333333,0.06666666666666667,0.0,0.0625,0.7158567227002001,0.2621185575942733,0.41435164870462377,1.0,1.0,1.0,1.0,3
synthetic_map_00140,0.6,0.8,0.4,0.8666666666666667,-0.2,0.06666666666666667,0.15625,0.8474902826717665,0.15468185814277838,0.36009951362340015,0.0,1.0,1.0,1.0,2
synthetic_map_00140,0.5333333333333333,0.8,0.4,0.8666666666666667,-0.13333333333333333,0.06666666666666667,0.125,0.9378061217750502,0.08361706957911488,0.23686481179326485,1.0,1.0,1.0,1.0,2
synthetic_map_00140,0.4666666666666667,0.8,0.4,0.8666666666666667,-0.06666666666666667,0.06666666666666667,0.09375,0.9827990093664911,0.027382253537864096,0.20365872245939265,1.0,1.0,1.0,1.0,2
synthetic_map_00140,0.4,0.8,0.4,0.8666666666666667,0.0,0.06666666666666667,0.0625,0.8969566459339644,0.10636628957646674,0.33566345937037334,1.0,1.0,1.0,1.0,1
synthetic_map_00141,0.0,0.5333333333333333,0.2,0.06666666666666667,0.2,-0.4666666666666667,0.34375,0.41242094320082207,0.558591430786861,0.7008288949705179,0.0,1.0,0.0,1.0,3
synthetic_map_00141,0.06666666666666667,0.5333333333333333,0.2,0.06666666666666667,0.13333333333333333,-0.4666666666666667,0.3125,0.819988406379105,0.17896509360988427,0.34376149887457597,1.0,0.0,1.0,1.0,0
synthetic_map_00141,0.06666666666666667,0.4666666666666667,0.2,0.06666666666666667,0.13333333333333333,-0.4,0.28125,0.77758029097694,0.19834318337923199,0.4404168215043283,0.0,1.0,0.0,1.0,3
synthetic_map_00141,0.13333333333333333,0.4666666666666667,0.2,0.06666666666666667,0.06666666666666667,-0.4,0.25,0.6721800449064675,0.3005564119999391,0.49427418015610763,1.0,1.0,1.0,0.0,0
synthetic_map_00141,0.13333333333333333,0.4,0.2,0.06666666666666667,0.06666666666666667,-0.3333333333333333,0.21875,0.8353684204018071,0.1751929869322451,0.42086182960642227,1.0,1.0,0.0,1.0,0
synthetic_map_00141,0.13333333333333333,0.3333333333333333,0.2,0.06666666666666667,0.06666666666666667,-0.26666666666666666,0.1875,0.7678308263090292,0.2051927601338794,0.3579204098494283,1.0,1.0,1.0,1.0,0
synthetic_map_00141,0.13333333333333333,0.26666666666666666,0.2,0.06666666666666667,0.06666666666666667,-0.2,0.15625,0.9104796664401236,0.08177980522574455,0.21690910249235248,1.0,1.0,0.0,1.0,0
synthetic_map_00141,0.13333333333333333,0.2,0.2,0.06666666666666667,0.06666666666666667,-0.13333333333333333,0.125,0.7511919075058264,0.2444906726554092,0.3071388166975424,0.0,1.0,1.0,1.0,3
synthetic_map_00141,0.2,0.2,0.2,0.06666666666666667,0.0,-0.13333333333333333,0.09375,0.8541133327030892,0.13357910890676533,0.21774024151107904,1.0,1.0,1.0,1.0,0
synthetic_map_00141,0.2,0.13333333333333333,0.2,0.06666666666666667,0.0,-0.06666666666666667,0.0625,0.8842042521123391,0.12651018364664285,0.2948229978004485,1.0,1.0,0.0,1.0,0
synthetic_map_00142,0.4666666666666667,0.26666666666666666,0.7333333333333333,0.3333333333333333,0.26666666666666666,0.06666666666666667,0.1875,0.9259567890164105,0.09022043792657854,0.20951881473481745,1.0,1.0,1.0,1.0,1
synthetic_map_00142,0.4666666666666667,0.3333333333333333,0.7333333333333333,0.3333333333333333,0.26666666666666666,0.0,0.15625,0.8485284636824594,0.13967121561298396,0.34207829471905343,1.0,0.0,1.0,1.0,3
synthetic_map_00142,0.5333333333333333,0.3333333333333333,0.7333333333333333,0.3333333333333333,0.2,0.0,0.125,0.6181529142162556,0.353158506180816,0.5286713817309122,1.0,1.0,1.0,1.0,3
synthetic_map_00142,0.6,0.3333333333333333,0.7333333333333333,0.3333333333333333,0.13333333333333333,0.0,0.09375,0.7394800591804338,0.2560074807931655,0.32728632025009774,0.0,0.0,1.0,1.0,3
synthetic_map_00142,0.6666666666666666,0.3333333333333333,0.7333333333333333,0.3333333333333333,0.06666666666666667,0.0,0.0625,0.6900696102976157,0.31547708243597417,0.42681669887824836,1.0,1.0,1.0,1.0,3
synthetic_map_00143,0.13333333333333333,0.06666666666666667,0.13333333333333333,1.0,0.0,0.9333333333333333,1.03125,0.8730808241560042,0.11275416630073835,0.3263015081234455,1.0,1.0,1.0,0.0,1
synthetic_map_00143,0.2,0.2,0.13333333333333333,1.0,-0.06666666666666667,0.8,0.9375,0.7804612915580788,0.21545612319243673,0.4216870492304401,1.0,1.0,0.0,1.0,1
synthetic_map_00143,0.2,0.26666666666666666,0.13333333333333333,1.0,-0.06666666666666667,0.7333333333333333,0.90625,0.7399293557702001,0.27012642774908346,0.4498349170368914,1.0,0.0,1.0,1.0,3
synthetic_map_00143,0.26666666666666666,0.3333333333333333,0.13333333333333333,1.0,-0.13333333333333333,0.6666666666666666,0.84375,0.7976228737152923,0.19985690367519335,0.32519700940461066,1.0,1.0,0.0,1.0,1
synthetic_map_00143,0.4666666666666667,0.3333333333333333,0.13333333333333333,1.0,-0.3333333333333333,0.6666666666666666,0.6875,0.7101600667738865,0.3024659579213087,0.47518465650540687,1.0,1.0,0.0,1.0,3
synthetic_map_00143,0.6666666666666666,0.3333333333333333,0.13333333333333333,1.0,-0.5333333333333333,0.6666666666666666,0.59375,0.7509576207223367,0.22495797246808696,0.4323334192938314,1.0,1.0,1.0,1.0,1
synthetic_map_00143,0.6666666666666666,0.4,0.13333333333333333,1.0,-0.5333333333333333,0.6,0.5625,0.8828513210713715,0.09748235766718075,0.28308018316713257,1.0,1.0,0.0,1.0,1
synthetic_map_00143,0.3333333333333333,0.7333333333333333,0.13333333333333333,1.0,-0.2,0.26666666666666666,0.25,0.8830981299692807,0.11222521723326936,0.23763381367300607,1.0,1.0,0.0,1.0,1
synthetic_map_00143,0.3333333333333333,0.8,0.13333333333333333,1.0,-0.2,0.2,0.21875,0.8455591819356982,0.13333347031556367,0.24761435363618173,1.0,1.0,1.0,1.0,2
synthetic_map_00143,0.26666666666666666,0.8,0.13333333333333333,1.0,-0.13333333333333333,0.2,0.1875,0.7073496864628434,0.2927698213664997,0.43349546378623266,0.0,1.0,0.0,1.0,1
synthetic_map_00143,0.2,0.8666666666666667,0.13333333333333333,1.0,-0.06666666666666667,0.13333333333333333,0.125,0.8426052517605918,0.17425839182539848,0.3103916703643925,0.0,1.0,0.0,1.0,1
synthetic_map_00143,0.2,0.9333333333333333,0.13333333333333333,1.0,-0.06666666666666667,0.06666666666666667,0.09375,0.8504034611424818,0.16027903190816312,0.32750022460168915,1.0,1.0,1.0,1.0,2
synthetic_map_00144,0.4666666666666667,0.6666666666666666,0.13333333333333333,0.7333333333333333,-0.3333333333333333,0.06666666666666667,0.28125,0.9681342427246509,0.008531279987946984,0.25017966336134206,1.0,1.0,1.0,1.0,2
synthetic_map_00144,0.4,0.6666666666666666,0.13333333333333333,0.7333333333333333,-0.26666666666666666,0.06666666666666667,0.25,0.9748380576617669,0.0,0.20180161617683828,1.0,1.0,1.0,1.0,2
synthetic_map_00144,0.3333333333333333,0.6666666666666666,0.13333333333333333,0.7333333333333333,-0.2,0.06666666666666667,0.21875,0.7874431524231219,0.2157981772573697,0.45424771238978656,1.0,1.0,0.0,1.0,0
synthetic_map_00144,0.3333333333333333,0.6,0.13333333333333333,0.7333333333333333,-0.2,0.13333333333333333,0.1875,0.7790853021574226,0.23462951518929712,0.457332270907375,0.0,1.0,1.0,1.0,2
synthetic_map_00144,0.26666666666666666,0.6,0.13333333333333333,0.7333333333333333,-0.13333333333333333,0.13333333333333333,0.15625,0.8014710784847422,0.22635185951732978,0.32539814399488726,1.0,0.0,1.0,1.0,2
synthetic_map_00144,0.2,0.6,0.13333333333333333,0.7333333333333333,-0.06666666666666667,0.13333333333333333,0.125,0.8447520749827466,0.15478154350470452,0.21992739802178746,1.0,1.0,1.0,1.0,2
synthetic_map_00144,0.13333333333333333,0.6,0.13333333333333333,0.7333333333333333,0.0,0.13333333333333333,0.09375,1.0,0.01054886664480241,0.24797461740055754,1.0,1.0,1.0,1.0,1
synthetic_map_00144,0.13333333333333333,0.6666666666666666,0.13333333333333333,0.7333333333333333,0.0,0.06666666666666667,0.0625,0.8943021887773558,0.08779552602693878,0.2763088038383513,1.0,1.0,1.0,1.0,1
synthetic_map_00145,0.8666666666666667,0.4,0.4666666666666667,0.06666666666666667,-0.4,-0.3333333333333333,0.375,0.6971981588666687,0.2864570891325857,0.40394876833110843,0.0,0.0,1.0,1.0,2
synthetic_map_00145,0.8,0.4,0.4666666666666667,0.06666666666666667,-0.3333333333333333,-0.3333333333333333,0.34375,0.5707345112452861,0.4268482149789243,0.58142462926064,1.0,0.0,1.0,1.0,2
synthetic_map_00145,0.7333333333333333,0.4,0.4666666666666667,0.06666666666666667,-0.26666666666666666,-0.3333333333333333,0.3125,0.8398017635560941,0.18535272573738715,0.45296200244301993,1.0,0.0,1.0,1.0,2
synthetic_map_00145,0.6666666666666666,0.4,0.4666666666666667,0.06666666666666667,-0.2,-0.3333333333333333,0.28125,0.6663246765885207,0.34078826676283547,0.5377827245077519,1.0,1.0,0.0,1.0,0
synthetic_map_00145,0.6666666666666666,0.3333333333333333,0.4666666666666667,0.06666666666666667,-0.2,-0.26666666666666666,0.25,0.9361586390337142,0.08845147920788415,0.22558868560287254,1.0,1.0,1.0,1.0,2
synthetic_map_00145,0.6,0.3333333333333333,0.4666666666666667,0.06666666666666667,-0.13333333333333333,-0.26666666666666666,0.21875,0.8921950410746275,0.12444738913435337,0.2318459081481114,1.0,0.0,1.0,1.0,2
synthetic_map_00145,0.5333333333333333,0.3333333333333333,0.4666666666666667,0.06666666666666667,-0.06666666666666667,-0.26666666666666666,0.1875,0.9117113306946937,0.11359832650876232,0.26971329868964716,1.0,1.0,1.0,1.0,0
synthetic_map_00145,0.5333333333333333,0.26666666666666666,0.4666666666666667,0.06666666666666667,-0.06666666666666667,-0.2,0.15625,0.9367801768991874,0.08718699046551666,0.2874745060911058,1.0,1.0,1.0,1.0,0
synthetic_map_00145,0.5333333333333333,0.2,0.4666666666666667,0.06666666666666667,-0.06666666666666667,-0.13333333333333333,0.125,0.7915962710886083,0.2085695906484374,0.4125130650042931,1.0,1.0,0.0,1.0,0
synthetic_map_00145,0.5333333333333333,0.13333333333333333,0.4666666666666667,0.06666666666666667,-0.06666666666666667,-0.06666666666666667,0.09375,0.6785552086986604,0.34096131656987466,0.444310552825343,0.0,1.0,1.0,0.0,2
synthetic_map_00145,0.4666666666666667,0.13333333333333333,0.4666666666666667,0.06666666666666667,0.0,-0.06666666666666667,0.0625,0.6296864811687871,0.3444019882950488,0.4793388021409222,1.0,0.0,1.0,1.0,0
synthetic_map_00146,0.9333333333333333,0.7333333333333333,1.0,0.3333333333333333,0.06666666666666667,-0.4,0.3125,0.765170890135852,0.2243963818040162,0.3808960787372718,0.0,1.0,1.0,0.0,2
synthetic_map_00146,0.8666666666666667,0.7333333333333333,1.0,0.3333333333333333,0.13333333333333333,-0.4,0.28125,0.7679580686383934,0.2553243003918113,0.3452443653990506,1.0,1.0,1.0,1.0,0
synthetic_map_00146,0.8666666666666667,0.6666666666666666,1.0,0.3333333333333333,0.13333333333333333,-0.3333333333333333,0.25,0.7380184097524579,0.24690163323033876,0.33801747242407426,1.0,1.0,1.0,0.0,0
synthetic_map_00146,0.8666666666666667,0.6,1.0,0.3333333333333333,0.13333333333333333,-0.26666666666666666,0.21875,0.8002800926650102,0.2020492942682667,0.4016047529071792,1.0,1.0,0.0,1.0,0
synthetic_map_00146,0.8666666666666667,0.5333333333333333,1.0,0.3333333333333333,0.13333333333333333,-0.2,0.1875,0.8996524493902375,0.11774503384803145,0.3201644405608171,1.0,1.0,1.0,1.0,0
synthetic_map_00146,0.8666666666666667,0.4666666666666667,1.0,0.3333333333333333,0.13333333333333333,-0.13333333333333333,0.15625,0.9659318360387085,0.04039746055227243,0.13414049098969133,1.0,1.0,1.0,1.0,0
synthetic_map_00146,0.8666666666666667,0.4,1.0,0.3333333333333333,0.13333333333333333,-0.06666666666666667,0.125,1.0,0.0,0.12523630064229474,1.0,1.0,1.0,1.0,0
synthetic_map_00146,0.8666666666666667,0.3333333333333333,1.0,0.3333333333333333,0.13333333333333333,0.0,0.09375,0.9431674325415624,0.0772162402177838,0.3358019384182081,1.0,1.0,1.0,1.0,3
synthetic_map_00146,0.9333333333333333,0.3333333333333333,1.0,0.3333333333333333,0.06666666666666667,0.0,0.0625,0.8364186274772537,0.17917111437557823,0.4238833032059558,0.0,1.0,1.0,1.0,3
synthetic_map_00147,0.7333333333333333,1.0,0.6666666666666666,0.4666666666666667,-0.06666666666666667,-0.5333333333333333,0.375,0.5370431427033575,0.4789083892420577,0.48942463039924744,1.0,0.0,1.0,1.0,0
synthetic_map_00147,0.7333333333333333,0.9333333333333333,0.6666666666666666,0.4666666666666667,-0.06666666666666667,-0.4666666666666667,0.34375,0.8817119493646902,0.09700226216363336,0.3037714693059377,1.0,1.0,1.0,0.0,0
synthetic_map_00147,0.7333333333333333,0.8666666666666667,0.6666666666666666,0.4666666666666667,-0.06666666666666667,-0.4,0.3125,0.8647231545594024,0.11701209690157813,0.24702761915751104,1.0,1.0,1.0,1.0,0
synthetic_map_00147,0.7333333333333333,0.8,0.6666666666666666,0.4666666666666667,-0.06666666666666667,-0.3333333333333333,0.28125,0.9069967756478733,0.1131929212810151,0.3038024356557322,0.0,1.0,1.0,1.0,3
synthetic_map_00147,0.8,0.8,0.6666666666666666,0.4666666666666667,-0.13333333333333333,-0.3333333333333333,0.25,0.8479514041186039,0.13509769423172055,0.3300412675413792,1.0,1.0,1.0,1.0,0
synthetic_map_00147,0.8,0.7333333333333333,0.6666666666666666,0.4666666666666667,-0.13333333333333333,-0.26666666666666666,0.21875,0.7881862267239061,0.19861192228442284,0.41778642097457397,1.0,1.0,0.0,1.0,0
synthetic_map_00147,0.8,0.6666666666666666,0.6666666666666666,0.4666666666666667,-0.13333333333333333,-0.2,0.1875,0.747251054595073,0.26980112905238796,0.42288617408495627,1.0,1.0,0.0,1.0,0
synthetic_map_00147,0.8,0.6,0.6666666666666666,0.4666666666666667,-0.13333333333333333,-0.13333333333333333,0.15625,0.7324941015299591,0.253200265912368,0.4449816429727463,0.0,1.0,1.0,1.0,2
synthetic_map_00147,0.7333333333333333,0.6,0.6666666666666666,0.4666666666666667,-0.06666666666666667,-0.13333333333333333,0.125,0.6688147714732243,0.34974957584478794,0.46996357595104654,1.0,0.0,1.0,1.0,2
synthetic_map_00147,0.6666666666666666,0.6,0.6666666666666666,0.4666666666666667,0.0,-0.13333333333333333,0.09375,0.7025295566638204,0.27039242533904917,0.3015980614638581,1.0,0.0,1.0,1.0,0
synthetic_map_00147,0.6666666666666666,0.5333333333333333,0.6666666666666666,0.4666666666666667,0.0,-0.06666666666666667,0.0625,0.9519871742058857,0.04400302276559502,0.12863601792210413,1.0,1.0,1.0,1.0,0
synthetic_map_00148,0.26666666666666666,0.2,0.5333333333333333,0.9333333333333333,0.26666666666666666,0.7333333333333333,0.5,0.6586720939564101,0.31245264329131106,0.5348257441330795,0.0,0.0,1.0,1.0,3
synthetic_map_00148,0.3333333333333333,0.2,0.5333333333333333,0.9333333333333333,0.2,0.7333333333333333,0.46875,0.7155539399881942,0.2985518088173653,0.4177618881773559,1.0,0.0,1.0,1.0,3
synthetic_map_00148,0.4,0.2,0.5333333333333333,0.9333333333333333,0.13333333333333333,0.7333333333333333,0.4375,0.8442203756855444,0.15256577368109892,0.3446096433812923,1.0,1.0,1.0,1.0,1
synthetic_map_00148,0.4,0.26666666666666666,0.5333333333333333,0.9333333333333333,0.13333333333333333,0.6666666666666666,0.40625,0.8051289199448817,0.17344202737060993,0.44154227980156063,1.0,1.0,0.0,1.0,1
synthetic_map_00148,0.4,0.3333333333333333,0.5333333333333333,0.9333333333333333,0.13333333333333333,0.6,0.375,0.7384811940278931,0.28803458914040103,0.4377206026261641,1.0,1.0,1.0,0.0,1
synthetic_map_00148,0.4,0.4,0.5333333333333333,0.9333333333333333,0.13333333333333333,0.5333333333333333,0.34375,0.6665719997986312,0.31024393595262784,0.5170825672001643,1.0,1.0,0.0,1.0,1
synthetic_map_00148,0.4,0.4666666666666667,0.5333333333333333,0.9333333333333333,0.13333333333333333,0.4666666666666667,0.3125,0.7285009989751924,0.25705295364643155,0.4229942543516326,1.0,1.0,0.0,1.0,1
synthetic_map_00148,0.4,0.5333333333333333,0.5333333333333333,0.9333333333333333,0.13333333333333333,0.4,0.28125,0.7863541967132852,0.20740448805284312,0.37733410194662165,1.0,0.0,1.0,1.0,3
synthetic_map_00148,0.4666666666666667,0.5333333333333333,0.5333333333333333,0.9333333333333333,0.06666666666666667,0.4,0.25,0.8629266872610754,0.11628231063149211,0.32690129127404954,1.0,1.0,1.0,1.0,1
synthetic_map_00148,0.4666666666666667,0.8,0.5333333333333333,0.9333333333333333,0.06666666666666667,0.13333333333333333,0.125,0.8185265024953843,0.18833791377925535,0.3594569493328717,1.0,1.0,0.0,1.0,1
synthetic_map_00148,0.4666666666666667,0.8666666666666667,0.5333333333333333,0.9333333333333333,0.06666666666666667,0.06666666666666667,0.09375,0.8258226270586307,0.1850139683050276,0.3185724462722482,1.0,1.0,1.0,0.0,1
synthetic_map_00148,0.4666666666666667,0.9333333333333333,0.5333333333333333,0.9333333333333333,0.06666666666666667,0.0,0.0625,0.7777455304953127,0.23715406868748157,0.36274921603650523,1.0,1.0,1.0,1.0,3
synthetic_map_00149,0.5333333333333333,0.6666666666666666,0.0,0.5333333333333333,-0.5333333333333333,-0.13333333333333333,0.46875,0.898984674771043,0.1254299595348657,0.3253512654503442,1.0,0.0,1.0,1.0,2
synthetic_map_00149,0.4666666666666667,0.6666666666666666,0.0,0.5333333333333333,-0.4666666666666667,-0.13333333333333333,0.4375,0.8254225278764288,0.1870603458701601,0.35907771597882643,1.0,1.0,0.0,1.0,0
synthetic_map_00149,0.4666666666666667,0.6,0.0,0.5333333333333333,-0.4666666666666667,-0.06666666666666667,0.40625,0.8231155393069687,0.18592518416074189,0.355374353311284,1.0,1.0,1.0,1.0,2
synthetic_map_00149,0.3333333333333333,0.6,0.0,0.5333333333333333,-0.3333333333333333,-0.06666666666666667,0.34375,0.6860825905968521,0.29803304265499364,0.4336778681984172,0.0,1.0,1.0,1.0,2
synthetic_map_00149,0.26666666666666666,0.6,0.0,0.5333333333333333,-0.26666666666666666,-0.06666666666666667,0.3125,0.7573435041945105,0.22003807579700688,0.41777728571805656,0.0,1.0,1.0,1.0,2
synthetic_map_00149,0.2,0.6,0.0,0.5333333333333333,-0.2,-0.06666666666666667,0.28125,0.7565325050496055,0.26991675584697805,0.38941249799587363,1.0,1.0,1.0,1.0,0
synthetic_map_00149,0.2,0.5333333333333333,0.0,0.5333333333333333,-0.2,0.0,0.25,0.5509110760996104,0.44480838988340965,0.5321241776073888,1.0,1.0,0.0,0.0,0
synthetic_map_00149,0.2,0.4666666666666667,0.0,0.5333333333333333,-0.2,0.06666666666666667,0.21875,0.5947560096719782,0.40576075746880746,0.5225782186535386,1.0,1.0,0.0,0.0,0
synthetic_map_00149,0.2,0.4,0.0,0.5333333333333333,-0.2,0.13333333333333333,0.1875,0.6992595044487019,0.28660781881865954,0.4582805940441762,1.0,1.0,1.0,1.0,2
synthetic_map_00149,0.13333333333333333,0.4,0.0,0.5333333333333333,-0.13333333333333333,0.13333333333333333,0.15625,0.7590053380532662,0.2683428195338883,0.40647696633432784,0.0,0.0,1.0,1.0,2
synthetic_map_00149,0.06666666666666667,0.4666666666666667,0.0,0.5333333333333333,-0.06666666666666667,0.06666666666666667,0.09375,0.6646189573131865,0.34197398477387403,0.45635373317851735,1.0,1.0,1.0,0.0,2
synthetic_map_00149,0.0,0.4666666666666667,0.0,0.5333333333333333,0.0,0.06666666666666667,0.0625,0.5675286150189343,0.4233202010577219,0.5569942582742372,0.0,1.0,0.0,1.0,1
synthetic_map_00150,0.26666666666666666,0.4666666666666667,1.0,0.3333333333333333,0.7333333333333333,-0.13333333333333333,0.4375,0.8506266206315206,0.12247095487668075,0.3067985007291941,0.0,1.0,1.0,1.0,3
synthetic_map_00150,0.3333333333333333,0.4666666666666667,1.0,0.3333333333333333,0.6666666666666666,-0.13333333333333333,0.40625,0.8209040324969029,0.15422241820925164,0.2734515059354112,1.0,1.0,1.0,1.0,0
synthetic_map_00150,0.3333333333333333,0.4,1.0,0.3333333333333333,0.6666666666666666,-0.06666666666666667,0.375,0.8349900359827404,0.18672795655284347,0.45647100552178144,1.0,1.0,0.0,1.0,3
synthetic_map_00150,0.4,0.4,1.0,0.3333333333333333,0.6,-0.06666666666666667,0.34375,0.9706186954787408,0.029097790009406543,0.19805047102883325,1.0,1.0,1.0,1.0,3
synthetic_map_00150,0.4666666666666667,0.4,1.0,0.3333333333333333,0.5333333333333333,-0.06666666666666667,0.3125,0.9773359062140233,0.04988465000459087,0.22362382111351964,1.0,1.0,1.0,1.0,3
synthetic_map_00150,0.5333333333333333,0.4,1.0,0.3333333333333333,0.4666666666666667,-0.06666666666666667,0.28125,0.9851724162092138,0.03276571325094768,0.27782224613613293,1.0,1.0,1.0,1.0,3
synthetic_map_00150,0.6,0.4,1.0,0.3333333333333333,0.4,-0.06666666666666667,0.25,0.8875160320689085,0.0850332284558746,0.3541708527462551,1.0,1.0,1.0,1.0,3
synthetic_map_00150,0.6666666666666666,0.4,1.0,0.3333333333333333,0.3333333333333333,-0.06666666666666667,0.21875,0.8744133683994917,0.12076385165383044,0.3192227920017261,1.0,0.0,1.0,1.0,3
synthetic_map_00150,0.7333333333333333,0.4,1.0,0.3333333333333333,0.26666666666666666,-0.06666666666666667,0.1875,0.9060351895627446,0.10353453401600574,0.28712115471982086,1.0,1.0,1.0,1.0,3
synthetic_map_00150,0.8666666666666667,0.4,1.0,0.3333333333333333,0.13333333333333333,-0.06666666666666667,0.125,0.9378853580297843,0.08889156536589223,0.3292052746162055,0.0,1.0,1.0,1.0,3
synthetic_map_00150,0.9333333333333333,0.4,1.0,0.3333333333333333,0.06666666666666667,-0.06666666666666667,0.09375,0.6810961562029306,0.3058761900065592,0.5224036012597446,1.0,1.0,1.0,0.0,0
synthetic_map_00150,0.9333333333333333,0.3333333333333333,1.0,0.3333333333333333,0.06666666666666667,0.0,0.0625,0.7759977085846321,0.20980263484115874,0.34763346191771116,1.0,1.0,0.0,1.0,3
synthetic_map_00151,0.5333333333333333,0.8666666666666667,0.4,0.26666666666666666,-0.13333333333333333,-0.6,0.4375,0.619324898125416,0.37939127589278077,0.4324991016789641,1.0,0.0,1.0,0.0,2
synthetic_map_00151,0.4666666666666667,0.8666666666666667,0.4,0.26666666666666666,-0.06666666666666667,-0.6,0.40625,0.7036439835883324,0.32243288587311064,0.4614917852384195,1.0,0.0,1.0,1.0,2
synthetic_map_00151,0.4,0.8666666666666667,0.4,0.26666666666666666,0.0,-0.6,0.375,0.6162775477207619,0.355114471382861,0.43429133888523025,1.0,0.0,1.0,1.0,0
synthetic_map_00151,0.4,0.8,0.4,0.26666666666666666,0.0,-0.5333333333333333,0.34375,0.9180806944940059,0.08229468524026753,0.3017675102457132,1.0,1.0,1.0,1.0,0
synthetic_map_00151,0.4,0.7333333333333333,0.4,0.26666666666666666,0.0,-0.4666666666666667,0.3125,0.9386082017744017,0.06248490199800157,0.34029030797732207,1.0,1.0,1.0,0.0,0
synthetic_map_00151,0.4,0.6666666666666666,0.4,0.26666666666666666,0.0,-0.4,0.28125,0.9434509485050493,0.0808392805606403,0.22299401170771224,1.0,1.0,1.0,1.0,0
synthetic_map_00151,0.4,0.6,0.4,0.26666666666666666,0.0,-0.3333333333333333,0.25,0.9131330517662082,0.11382104112425218,0.3314484421361022,0.0,1.0,1.0,1.0,2
synthetic_map_00151,0.3333333333333333,0.6,0.4,0.26666666666666666,0.06666666666666667,-0.3333333333333333,0.21875,0.8899340670204708,0.12091998022015182,0.29081669737646554,1.0,1.0,1.0,1.0,0
synthetic_map_00151,0.3333333333333333,0.4666666666666667,0.4,0.26666666666666666,0.06666666666666667,-0.2,0.15625,0.6380213858913519,0.3580687172534626,0.5029965016952206,1.0,1.0,1.0,0.0,0
synthetic_map_00151,0.3333333333333333,0.4,0.4,0.26666666666666666,0.06666666666666667,-0.13333333333333333,0.125,0.7474549226799251,0.25438499846853313,0.2985441428766257,1.0,1.0,1.0,0.0,0
synthetic_map_00151,0.3333333333333333,0.3333333333333333,0.4,0.26666666666666666,0.06666666666666667,-0.06666666666666667,0.09375,0.8501677848207527,0.12455226546118667,0.25848439627210773,1.0,1.0,1.0,1.0,0
synthetic_map_00151,0.3333333333333333,0.26666666666666666,0.4,0.26666666666666666,0.06666666666666667,0.0,0.0625,1.0,0.0021637671796018512,0.13636384754201855,1.0,1.0,1.0,1.0,3
synthetic_map_00152,1.0,0.0,0.7333333333333333,0.6,-0.26666666666666666,0.6,0.4375,0.38808555981411286,0.590061669311915,0.5911806425790166,0.0,1.0,1.0,0.0,2
synthetic_map_00152,0.9333333333333333,0.0,0.7333333333333333,0.6,-0.2,0.6,0.40625,0.7264244049344397,0.29992169937691393,0.45278340478254,0.0,1.0,1.0,1.0,2
synthetic_map_00152,0.8666666666666667,0.0,0.7333333333333333,0.6,-0.13333333333333333,0.6,0.375,0.5323949578770963,0.44890196050744996,0.48096626572714934,0.0,1.0,1.0,1.0,1
synthetic_map_00152,0.8666666666666667,0.06666666666666667,0.7333333333333333,0.6,-0.13333333333333333,0.5333333333333333,0.34375,0.8967116936693207,0.13022715731840792,0.2635500183491976,1.0,1.0,0.0,1.0,1
synthetic_map_00152,0.8666666666666667,0.2,0.7333333333333333,0.6,-0.13333333333333333,0.4,0.28125,0.7231643448632926,0.30228920336524767,0.5399234543762917,1.0,1.0,0.0,1.0,1
synthetic_map_00152,0.8666666666666667,0.26666666666666666,0.7333333333333333,0.6,-0.13333333333333333,0.3333333333333333,0.25,0.6748928037599724,0.34520000073740065,0.4008317891761205,1.0,1.0,0.0,0.0,1
synthetic_map_00152,0.8666666666666667,0.3333333333333333,0.7333333333333333,0.6,-0.13333333333333333,0.26666666666666666,0.21875,0.8308353634247386,0.19544565050614388,0.44160567775885395,1.0,1.0,1.0,1.0,2
synthetic_map_00152,0.8,0.3333333333333333,0.7333333333333333,0.6,-0.06666666666666667,0.26666666666666666,0.1875,0.6097189122246036,0.36865904914775977,0.4611871656405995,0.0,1.0,0.0,1.0,1
synthetic_map_00152,0.8,0.4,0.7333333333333333,0.6,-0.06666666666666667,0.2,0.15625,0.8681643186517963,0.1441950830782454,0.24470705089945338,1.0,1.0,1.0,1.0,2
synthetic_map_00152,0.7333333333333333,0.4,0.7333333333333333,0.6,0.0,0.2,0.125,0.9057438271372134,0.09761143545947423,0.2121535243867152,0.0,1.0,1.0,1.0,1
synthetic_map_00152,0.7333333333333333,0.4666666666666667,0.7333333333333333,0.6,0.0,0.13333333333333333,0.09375,1.0,0.0,0.2089721019769092,1.0,1.0,1.0,1.0,1
synthetic_map_00152,0.7333333333333333,0.5333333333333333,0.7333333333333333,0.6,0.0,0.06666666666666667,0.0625,0.9974981449807677,0.0,0.18792438495667763,1.0,1.0,1.0,1.0,1
synthetic_map_00153,0.2,0.8666666666666667,0.8,0.13333333333333333,0.6,-0.7333333333333333,0.65625,0.4443194949286317,0.5260980894768943,0.611587471252985,0.0,0.0,1.0,1.0,3
synthetic_map_00153,0.26666666666666666,0.8666666666666667,0.8,0.13333333333333333,0.5333333333333333,-0.7333333333333333,0.625,0.5449257546706417,0.4643507524460108,0.6061813590407609,0.0,0.0,1.0,1.0,3
synthetic_map_00153,0.3333333333333333,0.8666666666666667,0.8,0.13333333333333333,0.4666666666666667,-0.7333333333333333,0.59375,0.7696428144199529,0.21431009560581316,0.3845461865239763,1.0,1.0,1.0,1.0,0
synthetic_map_00153,0.3333333333333333,0.8,0.8,0.13333333333333333,0.4666666666666667,-0.6666666666666666,0.5625,0.9003635514397896,0.08459116504745048,0.3111621275836341,1.0,1.0,0.0,1.0,0
synthetic_map_00153,0.3333333333333333,0.7333333333333333,0.8,0.13333333333333333,0.4666666666666667,-0.6,0.53125,0.9001058683510328,0.12339646672325637,0.35925981036038973,1.0,1.0,1.0,1.0,0
synthetic_map_00153,0.3333333333333333,0.6,0.8,0.13333333333333333,0.4666666666666667,-0.4666666666666667,0.46875,0.7574107180649766,0.24188300527885076,0.39966754697356777,0.0,1.0,1.0,1.0,3
synthetic_map_00153,0.4666666666666667,0.5333333333333333,0.8,0.13333333333333333,0.3333333333333333,-0.4,0.375,0.6211484707676793,0.3815018539668391,0.4806062530134087,1.0,1.0,0.0,0.0,0
synthetic_map_00153,0.4666666666666667,0.4666666666666667,0.8,0.13333333333333333,0.3333333333333333,-0.3333333333333333,0.34375,0.792702684784751,0.19652467880308108,0.42734005168822353,1.0,1.0,1.0,1.0,0
synthetic_map_00153,0.4666666666666667,0.3333333333333333,0.8,0.13333333333333333,0.3333333333333333,-0.2,0.28125,0.8238417285931818,0.1553544377689614,0.28954108799389966,0.0,1.0,1.0,1.0,3
synthetic_map_00153,0.5333333333333333,0.26666666666666666,0.8,0.13333333333333333,0.26666666666666666,-0.13333333333333333,0.21875,0.6390290279189269,0.35758995018755396,0.5149626430417612,0.0,1.0,0.0,1.0,3
synthetic_map_00153,0.6,0.26666666666666666,0.8,0.13333333333333333,0.2,-0.13333333333333333,0.1875,0.767243141682623,0.24362530904635418,0.40045563696184483,1.0,0.0,1.0,1.0,0
synthetic_map_00153,0.6,0.13333333333333333,0.8,0.13333333333333333,0.2,0.0,0.125,0.6213900342682988,0.3790849728731509,0.49913937999219127,0.0,1.0,1.0,1.0,3
synthetic_map_00154,0.06666666666666667,0.2,0.9333333333333333,0.06666666666666667,0.8666666666666667,-0.13333333333333333,0.5,0.7241343692397774,0.26215884754812335,0.3627955499154591,0.0,1.0,0.0,1.0,3
synthetic_map_00154,0.13333333333333333,0.2,0.9333333333333333,0.06666666666666667,0.8,-0.13333333333333333,0.46875,0.9094091764615662,0.061636192807276245,0.2635785135463492,1.0,1.0,1.0,1.0,0
synthetic_map_00154,0.13333333333333333,0.13333333333333333,0.9333333333333333,0.06666666666666667,0.8,-0.06666666666666667,0.4375,0.9255419282885078,0.09589945657782592,0.3382498600138223,1.0,1.0,0.0,1.0,3
synthetic_map_00154,0.26666666666666666,0.13333333333333333,0.9333333333333333,0.06666666666666667,0.6666666666666666,-0.06666666666666667,0.375,0.794925699929886,0.1799724392575161,0.3942809452691809,0.0,1.0,1.0,1.0,3
synthetic_map_00154,0.3333333333333333,0.13333333333333333,0.9333333333333333,0.06666666666666667,0.6,-0.06666666666666667,0.34375,0.6869793762774495,0.2856582899118729,0.49813786848858316,1.0,0.0,1.0,1.0,3
synthetic_map_00154,0.4,0.13333333333333333,0.9333333333333333,0.06666666666666667,0.5333333333333333,-0.06666666666666667,0.3125,0.6517694599100705,0.35252654219634627,0.5418316356116065,0.0,1.0,1.0,1.0,3
synthetic_map_00154,0.4666666666666667,0.13333333333333333,0.9333333333333333,0.06666666666666667,0.4666666666666667,-0.06666666666666667,0.28125,0.7623707466854621,0.25373548060356954,0.4486210147531327,1.0,0.0,1.0,1.0,3
synthetic_map_00154,0.5333333333333333,0.13333333333333333,0.9333333333333333,0.06666666666666667,0.4,-0.06666666666666667,0.25,0.8220794308610283,0.20619079773044152,0.35951620644890275,1.0,1.0,1.0,1.0,3
synthetic_map_00154,0.6,0.13333333333333333,0.9333333333333333,0.06666666666666667,0.3333333333333333,-0.06666666666666667,0.21875,0.8708218440896431,0.15094882896084608,0.3225892247918431,0.0,1.0,1.0,1.0,3
synthetic_map_00154,0.6666666666666666,0.06666666666666667,0.9333333333333333,0.06666666666666667,0.26666666666666666,0.0,0.15625,0.5921053694440247,0.43399663298709473,0.5119578005553721,1.0,1.0,0.0,1.0,3
synthetic_map_00154,0.7333333333333333,0.06666666666666667,0.9333333333333333,0.06666666666666667,0.2,0.0,0.125,0.7969926544611222,0.21164303928369443,0.4385418807408724,0.0,0.0,1.0,1.0,3
synthetic_map_00154,0.8,0.06666666666666667,0.9333333333333333,0.06666666666666667,0.13333333333333333,0.0,0.09375,0.7221475254580076,0.26593259754473214,0.4418071636834,1.0,1.0,1.0,1.0,3
synthetic_map_00155,0.6,0.5333333333333333,0.26666666666666666,0.13333333333333333,-0.3333333333333333,-0.4,0.375,0.7953098685103681,0.23133018517065548,0.3391598446965181,1.0,1.0,1.0,0.0,2
synthetic_map_00155,0.5333333333333333,0.5333333333333333,0.26666666666666666,0.13333333333333333,-0.26666666666666666,-0.4,0.34375,0.9943600005573695,0.0,0.1717469296209078,1.0,1.0,1.0,1.0,2
synthetic_map_00155,0.4666666666666667,0.5333333333333333,0.26666666666666666,0.13333333333333333,-0.2,-0.4,0.3125,0.7964758487115442,0.2132995371066029,0.3850993223155932,1.0,1.0,0.0,1.0,0
synthetic_map_00155,0.4666666666666667,0.4666666666666667,0.26666666666666666,0.13333333333333333,-0.2,-0.3333333333333333,0.28125,0.6639335444020111,0.35187207808423737,0.47832475832921123,0.0,1.0,1.0,1.0,2
synthetic_map_00155,0.4,0.4666666666666667,0.26666666666666666,0.13333333333333333,-0.13333333333333333,-0.3333333333333333,0.25,0.6700099371612193,0.32448069366547416,0.4752883780555119,0.0,0.0,1.0,1.0,2
synthetic_map_00155,0.3333333333333333,0.4666666666666667,0.26666666666666666,0.13333333333333333,-0.06666666666666667,-0.3333333333333333,0.21875,0.700492954346017,0.3228061495666595,0.47963514411249625,1.0,1.0,0.0,1.0,0
synthetic_map_00155,0.3333333333333333,0.4,0.26666666666666666,0.13333333333333333,-0.06666666666666667,-0.26666666666666666,0.1875,0.8524412741953804,0.17494033274155896,0.31755365382351686,1.0,1.0,1.0,0.0,2
synthetic_map_00155,0.26666666666666666,0.4,0.26666666666666666,0.13333333333333333,0.0,-0.26666666666666666,0.15625,0.8833080251523039,0.1125604825306291,0.36517011773972397,1.0,0.0,1.0,1.0,0
synthetic_map_00155,0.26666666666666666,0.3333333333333333,0.26666666666666666,0.13333333333333333,0.0,-0.2,0.125,0.9427200804380521,0.07274826561675612,0.21157834900716124,1.0,1.0,1.0,1.0,0
synthetic_map_00155,0.26666666666666666,0.26666666666666666,0.26666666666666666,0.13333333333333333,0.0,-0.13333333333333333,0.09375,0.7851006424248435,0.1930655954013104,0.38551346227654343,1.0,1.0,1.0,0.0,0
synthetic_map_00155,0.26666666666666666,0.2,0.26666666666666666,0.13333333333333333,0.0,-0.06666666666666667,0.0625,0.5629501034000625,0.43570052505064827,0.6203111082391962,1.0,1.0,0.0,1.0,0
synthetic_map_00156,0.06666666666666667,1.0,0.0,0.4,-0.06666666666666667,-0.6,0.34375,0.4952305646119317,0.493897440371332,0.4834247671603528,1.0,0.0,1.0,1.0,0
synthetic_map_00156,0.06666666666666667,0.9333333333333333,0.0,0.4,-0.06666666666666667,-0.5333333333333333,0.3125,0.732554409224394,0.23892855456818135,0.34471397201896026,1.0,1.0,1.0,0.0,0
synthetic_map_00156,0.06666666666666667,0.8666666666666667,0.0,0.4,-0.06666666666666667,-0.4666666666666667,0.28125,0.723226590471706,0.25654305376665837,0.34337471315741924,1.0,1.0,0.0,1.0,0
synthetic_map_00156,0.06666666666666667,0.8,0.0,0.4,-0.06666666666666667,-0.4,0.25,0.8682010082513185,0.1457922822945996,0.29716452630127377,1.0,1.0,1.0,1.0,0
synthetic_map_00156,0.06666666666666667,0.7333333333333333,0.0,0.4,-0.06666666666666667,-0.3333333333333333,0.21875,0.9185336404761518,0.08974836469159517,0.2886818249060158,1.0,1.0,1.0,1.0,0
synthetic_map_00156,0.06666666666666667,0.6666666666666666,0.0,0.4,-0.06666666666666667,-0.26666666666666666,0.1875,0.8500422806542134,0.15894072325586667,0.35342605970362084,1.0,1.0,1.0,0.0,0
synthetic_map_00156,0.06666666666666667,0.6,0.0,0.4,-0.06666666666666667,-0.2,0.15625,0.756045171530038,0.22399620348470922,0.3415821955007873,1.0,1.0,1.0,1.0,0
synthetic_map_00156,0.06666666666666667,0.5333333333333333,0.0,0.4,-0.06666666666666667,-0.13333333333333333,0.125,0.8624007988791192,0.13165852335548633,0.250544868626197,1.0,1.0,0.0,1.0,0
synthetic_map_00156,0.06666666666666667,0.4666666666666667,0.0,0.4,-0.06666666666666667,-0.06666666666666667,0.09375,0.8383827669889926,0.18153599450344948,0.3284354054833564,1.0,1.0,1.0,1.0,2
synthetic_map_00156,0.0,0.4666666666666667,0.0,0.4,0.0,-0.06666666666666667,0.0625,0.5753496616573032,0.4443127394542602,0.6307089873743779,1.0,0.0,0.0,1.0,0
synthetic_map_00157,0.7333333333333333,0.4666666666666667,0.3333333333333333,0.5333333333333333,-0.4,0.06666666666666667,0.375,0.9058654320451864,0.11774331107800765,0.3212764296172477,1.0,1.0,1.0,1.0,2
synthetic_map_00157,0.6666666666666666,0.4666666666666667,0.3333333333333333,0.5333333333333333,-0.3333333333333333,0.06666666666666667,0.34375,0.6652930848373505,0.3218242200925452,0.4995029220159684,1.0,0.0,1.0,1.0,0
synthetic_map_00157,0.6666666666666666,0.4,0.3333333333333333,0.5333333333333333,-0.3333333333333333,0.13333333333333333,0.3125,0.8662704837802211,0.1610241469331855,0.22112742652610792,1.0,1.0,0.0,1.0,0
synthetic_map_00157,0.6666666666666666,0.3333333333333333,0.3333333333333333,0.5333333333333333,-0.3333333333333333,0.2,0.28125,0.8204515126075779,0.18729295435476342,0.43791045521628696,0.0,1.0,1.0,1.0,2
synthetic_map_00157,0.6,0.3333333333333333,0.3333333333333333,0.5333333333333333,-0.26666666666666666,0.2,0.25,0.7910075481254359,0.18099881324722975,0.4331537430457297,1.0,0.0,1.0,1.0,2
synthetic_map_00157,0.5333333333333333,0.3333333333333333,0.3333333333333333,0.5333333333333333,-0.2,0.2,0.21875,0.9022734307495485,0.07200069975706785,0.36336754928955406,1.0,1.0,1.0,1.0,2
synthetic_map_00157,0.4666666666666667,0.3333333333333333,0.3333333333333333,0.5333333333333333,-0.13333333333333333,0.2,0.1875,0.8248452641494142,0.205135763714932,0.3602969460528818,1.0,1.0,0.0,1.0,1
synthetic_map_00157,0.4666666666666667,0.4,0.3333333333333333,0.5333333333333333,-0.13333333333333333,0.13333333333333333,0.15625,0.7064396251052045,0.29321127219536813,0.40731551565070323,1.0,1.0,0.0,1.0,1
synthetic_map_00157,0.4666666666666667,0.4666666666666667,0.3333333333333333,0.5333333333333333,-0.13333333333333333,0.06666666666666667,0.125,0.6995120466841652,0.31912015050937725,0.45422419533472647,1.0,0.0,1.0,0.0,2
synthetic_map_00157,0.4,0.4666666666666667,0.3333333333333333,0.5333333333333333,-0.06666666666666667,0.06666666666666667,0.09375,0.5897437559993407,0.38039363805717763,0.46554334611931925,0.0,1.0,0.0,1.0,1
synthetic_map_00157,0.4,0.5333333333333333,0.3333333333333333,0.5333333333333333,-0.06666666666666667,0.0,0.0625,0.5717213954312512,0.4068344831527535,0.5158520949720442,1.0,1.0,1.0,0.0,2
synthetic_map_00158,0.26666666666666666,0.06666666666666667,1.0,0.9333333333333333,0.7333333333333333,0.8666666666666667,0.78125,0.9929344758078139,0.018618113387912083,0.22631059259463054,1.0,1.0,1.0,1.0,1
synthetic_map_00158,0.26666666666666666,0.13333333333333333,1.0,0.9333333333333333,0.7333333333333333,0.8,0.75,0.9866448670469584,0.0,0.16448445693813185,1.0,1.0,1.0,1.0,1
synthetic_map_00158,0.3333333333333333,0.3333333333333333,1.0,0.9333333333333333,0.6666666666666666,0.6,0.625,0.6877410897544887,0.31859959106236485,0.42076648099973907,1.0,1.0,0.0,1.0,1
synthetic_map_00158,0.4666666666666667,0.4666666666666667,1.0,0.9333333333333333,0.5333333333333333,0.4666666666666667,0.5,0.6191029834106065,0.3582986884626561,0.38929233139672265,1.0,0.0,0.0,1.0,3
synthetic_map_00158,0.5333333333333333,0.5333333333333333,1.0,0.9333333333333333,0.4666666666666667,0.4,0.4375,0.8947061071793805,0.10177943550100715,0.22843343199153024,1.0,1.0,0.0,1.0,1
synthetic_map_00158,0.5333333333333333,0.6,1.0,0.9333333333333333,0.4666666666666667,0.3333333333333333,0.40625,0.8898777386828881,0.10924529257552489,0.22987285560649418,1.0,1.0,1.0,1.0,1
synthetic_map_00158,0.6,0.6666666666666666,1.0,0.9333333333333333,0.4,0.26666666666666666,0.34375,0.8774079558279471,0.1163221701471655,0.34434583908705235,1.0,1.0,1.0,1.0,3
synthetic_map_00158,0.6666666666666666,0.6666666666666666,1.0,0.9333333333333333,0.3333333333333333,0.26666666666666666,0.3125,0.8899681133490077,0.13282831116325095,0.3472458285931685,1.0,0.0,1.0,1.0,3
synthetic_map_00158,0.7333333333333333,0.6666666666666666,1.0,0.9333333333333333,0.26666666666666666,0.26666666666666666,0.28125,0.9501148348741808,0.06710876651042078,0.24351031912899612,1.0,1.0,1.0,1.0,1
synthetic_map_00158,0.7333333333333333,0.7333333333333333,1.0,0.9333333333333333,0.26666666666666666,0.2,0.25,0.7564195560846988,0.2633226143539955,0.4524705115516531,1.0,0.0,0.0,1.0,3
synthetic_map_00158,0.8,0.8,1.0,0.9333333333333333,0.2,0.13333333333333333,0.1875,0.7947010814223614,0.21978749964760022,0.3484148653204977,1.0,1.0,0.0,1.0,1
synthetic_map_00158,0.9333333333333333,0.9333333333333333,1.0,0.9333333333333333,0.06666666666666667,0.0,0.0625,0.9615206223145375,0.04665764487800719,0.13416102666230112,1.0,1.0,1.0,1.0,3
synthetic_map_00159,0.8666666666666667,0.4,0.9333333333333333,0.26666666666666666,0.06666666666666667,-0.13333333333333333,0.1875,0.566025584069599,0.4460930591798142,0.6057634132385981,0.0,0.0,1.0,0.0,2
synthetic_map_00159,0.8,0.4,0.9333333333333333,0.26666666666666666,0.13333333333333333,-0.13333333333333333,0.15625,0.7884483708248657,0.18269159357761378,0.4058731435004504,1.0,1.0,1.0,1.0,0
synthetic_map_00159,0.8,0.3333333333333333,0.9333333333333333,0.26666666666666666,0.13333333333333333,-0.06666666666666667,0.125,0.8851927372279667,0.12538441067787925,0.30824295861645734,1.0,1.0,1.0,0.0,0
synthetic_map_00159,0.8,0.26666666666666666,0.9333333333333333,0.26666666666666666,0.13333333333333333,0.0,0.09375,0.914266690752836,0.07224779338279647,0.3211729644226811,1.0,1.0,1.0,1.0,3
synthetic_map_00159,0.8666666666666667,0.26666666666666666,0.9333333333333333,0.26666666666666666,0.06666666666666667,0.0,0.0625,0.8493299070389181,0.15873623004173304,0.33450057056918053,1.0,0.0,1.0,1.0,3
synthetic_map_00160,0.26666666666666666,0.06666666666666667,0.8666666666666667,0.4,0.6,0.3333333333333333,0.90625,0.6782475235564043,0.3004259378448803,0.50085030062107,1.0,1.0,1.0,1.0,1
synthetic_map_00160,0.2,0.26666666666666666,0.8666666666666667,0.4,0.6666666666666666,0.13333333333333333,0.78125,0.6210247444781498,0.35097622276574625,0.4496559559948554,1.0,1.0,1.0,1.0,1
synthetic_map_00160,0.2,0.4666666666666667,0.8666666666666667,0.4,0.6666666666666666,-0.06666666666666667,0.6875,0.8852876831795741,0.1004004480833736,0.2771625573404628,1.0,1.0,1.0,1.0,3
synthetic_map_00160,0.26666666666666666,0.4666666666666667,0.8666666666666667,0.4,0.6,-0.06666666666666667,0.65625,0.9054874139575694,0.06650603374181328,0.3044095237058817,0.0,1.0,1.0,1.0,3
synthetic_map_00160,0.4,0.8,0.8666666666666667,0.4,0.4666666666666667,-0.4,0.4375,0.8500536884060627,0.13617714157454736,0.32114384491609416,1.0,1.0,1.0,1.0,3
synthetic_map_00160,0.5333333333333333,0.8,0.8666666666666667,0.4,0.3333333333333333,-0.4,0.375,0.8246690072910692,0.1757540642102776,0.40252816322196483,1.0,1.0,1.0,1.0,0
synthetic_map_00160,0.5333333333333333,0.6666666666666666,0.8666666666666667,0.4,0.3333333333333333,-0.26666666666666666,0.3125,0.5106311729254979,0.4624279267843806,0.4968759914464865,0.0,1.0,0.0,1.0,3
synthetic_map_00160,0.6,0.6666666666666666,0.8666666666666667,0.4,0.26666666666666666,-0.26666666666666666,0.28125,0.6970697460538837,0.32574499204712337,0.4699503107971188,1.0,0.0,1.0,0.0,0
synthetic_map_00160,0.6666666666666666,0.6,0.8666666666666667,0.4,0.2,-0.2,0.21875,0.6049907788098708,0.4181309668204155,0.5108572138552034,1.0,0.0,1.0,0.0,0
synthetic_map_00160,0.7333333333333333,0.4666666666666667,0.8666666666666667,0.4,0.13333333333333333,-0.06666666666666667,0.125,0.8703309257644698,0.1410662432719434,0.2816725164180472,1.0,1.0,1.0,1.0,0
synthetic_map_00160,0.7333333333333333,0.4,0.8666666666666667,0.4,0.13333333333333333,0.0,0.09375,0.8183401881208223,0.20748808518738607,0.3055517700348565,0.0,1.0,0.0,1.0,3
synthetic_map_00160,0.8,0.4,0.8666666666666667,0.4,0.06666666666666667,0.0,0.0625,0.9151587543923341,0.07254779027807917,0.23858885029432148,1.0,1.0,1.0,1.0,3
synthetic_map_00161,0.9333333333333333,0.0,0.5333333333333333,0.6666666666666666,-0.4,0.6666666666666666,0.53125,0.705014420070241,0.29894356643409575,0.4893853389753411,0.0,1.0,1.0,1.0,2
synthetic_map_00161,0.8666666666666667,0.0,0.5333333333333333,0.6666666666666666,-0.3333333333333333,0.6666666666666666,0.5,0.6635833023936315,0.36226068278809315,0.4571729645036477,0.0,1.0,1.0,1.0,1
synthetic_map_00161,0.8666666666666667,0.2,0.5333333333333333,0.6666666666666666,-0.3333333333333333,0.4666666666666667,0.40625,0.7421342149718065,0.25600337688488434,0.45332740100443003,1.0,0.0,1.0,1.0,2
synthetic_map_00161,0.7333333333333333,0.2,0.5333333333333333,0.6666666666666666,-0.2,0.4666666666666667,0.34375,0.6547916466404797,0.3617152394747709,0.3993795925354641,0.0,1.0,1.0,1.0,1
synthetic_map_00161,0.7333333333333333,0.26666666666666666,0.5333333333333333,0.6666666666666666,-0.2,0.4,0.3125,0.8558547094458554,0.13237353713208805,0.20951547884760885,1.0,1.0,0.0,1.0,1
synthetic_map_00161,0.7333333333333333,0.3333333333333333,0.5333333333333333,0.6666666666666666,-0.2,0.3333333333333333,0.28125,0.813981150673132,0.18921593006612691,0.35949726323445225,1.0,0.0,1.0,1.0,2
synthetic_map_00161,0.6666666666666666,0.3333333333333333,0.5333333333333333,0.6666666666666666,-0.13333333333333333,0.3333333333333333,0.25,0.7938599967804039,0.21588844763011286,0.30926992856249386,0.0,1.0,1.0,1.0,2
synthetic_map_00161,0.5333333333333333,0.3333333333333333,0.5333333333333333,0.6666666666666666,0.0,0.3333333333333333,0.1875,0.9385417803637482,0.08613447141853733,0.2668545434241647,1.0,1.0,1.0,1.0,1
synthetic_map_00161,0.5333333333333333,0.4,0.5333333333333333,0.6666666666666666,0.0,0.26666666666666666,0.15625,0.9025703936358486,0.10894206123568505,0.28360165386627745,1.0,1.0,0.0,1.0,1
synthetic_map_00161,0.5333333333333333,0.4666666666666667,0.5333333333333333,0.6666666666666666,0.0,0.2,0.125,0.853416002195634,0.13827728129512284,0.3020537365632112,1.0,1.0,1.0,1.0,1
synthetic_map_00161,0.5333333333333333,0.5333333333333333,0.5333333333333333,0.6666666666666666,0.0,0.13333333333333333,0.09375,1.0,0.0,0.27301427748728196,1.0,1.0,1.0,1.0,1
synthetic_map_00161,0.5333333333333333,0.6,0.5333333333333333,0.6666666666666666,0.0,0.06666666666666667,0.0625,0.9705457238782353,0.047397239450663084,0.2502518751842582,1.0,1.0,1.0,1.0,1
synthetic_map_00162,0.26666666666666666,0.4,0.6,0.9333333333333333,0.3333333333333333,0.5333333333333333,0.4375,0.8809775019606045,0.13673391717892885,0.35639589310753744,0.0,1.0,1.0,1.0,1
synthetic_map_00162,0.26666666666666666,0.4666666666666667,0.6,0.9333333333333333,0.3333333333333333,0.4666666666666667,0.40625,0.8685302427605298,0.12470720442684756,0.30743979328537024,1.0,1.0,1.0,1.0,1
synthetic_map_00162,0.26666666666666666,0.6,0.6,0.9333333333333333,0.3333333333333333,0.3333333333333333,0.34375,0.654661471960377,0.31613117884176695,0.43716721587552404,1.0,1.0,1.0,0.0,1
synthetic_map_00162,0.26666666666666666,0.6666666666666666,0.6,0.9333333333333333,0.3333333333333333,0.26666666666666666,0.3125,0.7772474749929376,0.22809776740472354,0.35844241652258396,1.0,1.0,1.0,0.0,1
synthetic_map_00162,0.26666666666666666,0.7333333333333333,0.6,0.9333333333333333,0.3333333333333333,0.2,0.28125,0.6596223023739383,0.3479377690286013,0.39782258195023545,1.0,1.0,1.0,1.0,3
synthetic_map_00162,0.3333333333333333,0.7333333333333333,0.6,0.9333333333333333,0.26666666666666666,0.2,0.25,0.7466826146711386,0.2572520717357405,0.4316870156367452,0.0,0.0,1.0,1.0,3
synthetic_map_00162,0.4,0.7333333333333333,0.6,0.9333333333333333,0.2,0.2,0.21875,0.6052433322260514,0.37924207849726566,0.5004975341664354,1.0,1.0,1.0,0.0,1
synthetic_map_00162,0.4,0.8,0.6,0.9333333333333333,0.2,0.13333333333333333,0.1875,0.6899748238501071,0.3218022924934459,0.41006597817492974,1.0,0.0,0.0,1.0,3
synthetic_map_00162,0.4666666666666667,0.8,0.6,0.9333333333333333,0.13333333333333333,0.13333333333333333,0.15625,0.6058937231470343,0.3826447002367566,0.5009282319745575,0.0,1.0,1.0,1.0,1
synthetic_map_00162,0.4666666666666667,0.8666666666666667,0.6,0.9333333333333333,0.13333333333333333,0.06666666666666667,0.125,0.6463499656930093,0.3387737048995507,0.40028602588803297,1.0,1.0,0.0,0.0,1
synthetic_map_00162,0.4666666666666667,0.9333333333333333,0.6,0.9333333333333333,0.13333333333333333,0.0,0.09375,0.6607527954813125,0.3123948398056263,0.5055244698439304,1.0,1.0,0.0,1.0,3
synthetic_map_00162,0.5333333333333333,0.9333333333333333,0.6,0.9333333333333333,0.06666666666666667,0.0,0.0625,0.8923900152505149,0.10481981067633472,0.24874314592660002,0.0,1.0,1.0,1.0,3
synthetic_map_00163,0.9333333333333333,0.6666666666666666,0.8,1.0,-0.13333333333333333,0.3333333333333333,0.75,0.609211328602383,0.36388310136060764,0.5283701833897636,0.0,1.0,1.0,1.0,3
synthetic_map_00163,1.0,0.6,0.8,1.0,-0.2,0.4,0.6875,0.4854922052977039,0.5348999400064205,0.5864265922896132,1.0,1.0,0.0,0.0,0
synthetic_map_00163,1.0,0.5333333333333333,0.8,1.0,-0.2,0.4666666666666667,0.65625,0.41603683415355885,0.6006706629875317,0.6361512594859335,1.0,1.0,0.0,0.0,0
synthetic_map_00163,0.8,0.5333333333333333,0.8,1.0,0.0,0.4666666666666667,0.5,0.8253451724199942,0.18906176069530467,0.33263025764258713,0.0,1.0,1.0,1.0,1
synthetic_map_00163,0.8,0.6,0.8,1.0,0.0,0.4,0.46875,0.7987441809020076,0.18038854743158514,0.36622795013328524,1.0,0.0,1.0,0.0,2
synthetic_map_00163,0.7333333333333333,0.6,0.8,1.0,0.06666666666666667,0.4,0.4375,0.7865988127627958,0.1901524061536343,0.43340171255229026,1.0,1.0,0.0,1.0,1
synthetic_map_00163,0.7333333333333333,0.6666666666666666,0.8,1.0,0.06666666666666667,0.3333333333333333,0.40625,0.7723804810552235,0.20264551643772843,0.42076350749150243,1.0,1.0,1.0,0.0,1
synthetic_map_00163,0.7333333333333333,0.7333333333333333,0.8,1.0,0.06666666666666667,0.26666666666666666,0.375,0.7047164625956598,0.31152626682115925,0.39261796456020254,1.0,1.0,1.0,1.0,2
synthetic_map_00163,0.6,0.7333333333333333,0.8,1.0,0.2,0.26666666666666666,0.3125,0.967090723743235,0.06250044791397691,0.3568063071860682,1.0,1.0,1.0,1.0,1
synthetic_map_00163,0.5333333333333333,0.8666666666666667,0.8,1.0,0.26666666666666666,0.13333333333333333,0.21875,0.7970511035687543,0.18017426566601275,0.4400192699948826,1.0,1.0,0.0,0.0,1
synthetic_map_00163,0.5333333333333333,0.9333333333333333,0.8,1.0,0.26666666666666666,0.06666666666666667,0.1875,0.6777731069515989,0.3244591717261627,0.4951315621555955,1.0,1.0,1.0,1.0,3
synthetic_map_00163,0.6666666666666666,1.0,0.8,1.0,0.13333333333333333,0.0,0.09375,0.550216435812036,0.4691881451133574,0.5991691575819459,1.0,0.0,0.0,1.0,3
synthetic_map_00164,0.6,0.9333333333333333,0.8,0.2,0.2,-0.7333333333333333,0.46875,0.7691196777592679,0.22169120697662267,0.3024242725698783,1.0,1.0,1.0,0.0,0
synthetic_map_00164,0.6,0.8666666666666667,0.8,0.2,0.2,-0.6666666666666666,0.4375,0.6796649225215334,0.29902236535517174,0.496359749434851,1.0,1.0,0.0,1.0,0
synthetic_map_00164,0.6,0.7333333333333333,0.8,0.2,0.2,-0.5333333333333333,0.375,0.8452569354467776,0.1430111888197852,0.3352160993970577,1.0,1.0,1.0,1.0,0
synthetic_map_00164,0.6,0.6,0.8,0.2,0.2,-0.4,0.3125,0.9783332361881077,0.012700525505066368,0.25398054367371414,1.0,1.0,1.0,1.0,3
synthetic_map_00164,0.6666666666666666,0.6,0.8,0.2,0.13333333333333333,-0.4,0.28125,0.9315327235096738,0.07019450231065344,0.27888809089065475,1.0,1.0,1.0,1.0,3
synthetic_map_00164,0.7333333333333333,0.6,0.8,0.2,0.06666666666666667,-0.4,0.25,0.7563150298664233,0.21764708258427518,0.3828792570157159,0.0,1.0,1.0,1.0,3
synthetic_map_00164,0.8,0.6,0.8,0.2,0.0,-0.4,0.21875,0.7959054914994103,0.1978063677568666,0.3455612001669151,1.0,0.0,1.0,1.0,0
synthetic_map_00164,0.8,0.5333333333333333,0.8,0.2,0.0,-0.3333333333333333,0.1875,0.6489128032862547,0.3522336892891204,0.48556515236457665,1.0,1.0,0.0,1.0,0
synthetic_map_00164,0.8,0.4666666666666667,0.8,0.2,0.0,-0.26666666666666666,0.15625,0.5620355766323348,0.44742653407184346,0.4924530454739897,1.0,1.0,0.0,0.0,0
synthetic_map_00164,0.8,0.4,0.8,0.2,0.0,-0.2,0.125,0.6612585798182992,0.3298782321815778,0.5141235313295125,1.0,1.0,1.0,0.0,0
synthetic_map_00164,0.8,0.3333333333333333,0.8,0.2,0.0,-0.13333333333333333,0.09375,0.8645518012891394,0.12552247053040763,0.22137020245787659,1.0,1.0,1.0,1.0,0
synthetic_map_00164,0.8,0.26666666666666666,0.8,0.2,0.0,-0.06666666666666667,0.0625,0.8263207331754433,0.2016814606932353,0.3291801192923215,1.0,1.0,1.0,1.0,0
synthetic_map_00165,0.6666666666666666,0.06666666666666667,1.0,0.4666666666666667,0.3333333333333333,0.4,0.4375,0.6218010515832354,0.3676508444405474,0.5368069153848216,1.0,1.0,1.0,0.0,1
synthetic_map_00165,0.6666666666666666,0.13333333333333333,1.0,0.4666666666666667,0.3333333333333333,0.3333333333333333,0.40625,0.6309212838244518,0.3780418297467789,0.3930539397607078,1.0,1.0,0.0,1.0,1
synthetic_map_00165,0.6666666666666666,0.2,1.0,0.4666666666666667,0.3333333333333333,0.26666666666666666,0.375,0.6221544789253095,0.36261923536935003,0.5150673287792181,1.0,0.0,1.0,0.0,2
synthetic_map_00165,0.6,0.2,1.0,0.4666666666666667,0.4,0.26666666666666666,0.34375,0.5729647249141272,0.414730596676872,0.4858795164124849,0.0,1.0,0.0,1.0,1
synthetic_map_00165,0.6,0.26666666666666666,1.0,0.4666666666666667,0.4,0.2,0.3125,0.7722074972418681,0.22843402616482408,0.43478662577838695,1.0,1.0,1.0,0.0,1
synthetic_map_00165,0.6,0.3333333333333333,1.0,0.4666666666666667,0.4,0.13333333333333333,0.28125,0.888586332284401,0.1315181598933883,0.21993024573101863,1.0,1.0,1.0,1.0,1
synthetic_map_00165,0.6,0.4,1.0,0.4666666666666667,0.4,0.06666666666666667,0.25,1.0,0.0,0.2549577982891344,1.0,1.0,1.0,1.0,3
synthetic_map_00165,0.6666666666666666,0.4,1.0,0.4666666666666667,0.3333333333333333,0.06666666666666667,0.21875,0.7851614618661137,0.21456455867355287,0.3998528257200712,1.0,1.0,1.0,1.0,3
synthetic_map_00165,0.7333333333333333,0.4,1.0,0.4666666666666667,0.26666666666666666,0.06666666666666667,0.1875,0.6895674012361831,0.3101443224676825,0.38711927410778585,0.0,0.0,1.0,1.0,3
synthetic_map_00165,0.8,0.4,1.0,0.4666666666666667,0.2,0.06666666666666667,0.15625,0.5980683138892396,0.3966832914257885,0.5744347107783903,1.0,0.0,1.0,1.0,3
synthetic_map_00165,0.8666666666666667,0.4,1.0,0.4666666666666667,0.13333333333333333,0.06666666666666667,0.125,0.7595520309668926,0.25108931166060217,0.41111445121199336,0.0,1.0,1.0,1.0,1
synthetic_map_00165,0.8666666666666667,0.4666666666666667,1.0,0.4666666666666667,0.13333333333333333,0.0,0.09375,0.7492669961062128,0.2701487199040617,0.3625711139336282,1.0,0.0,0.0,1.0,3
synthetic_map_00166,0.06666666666666667,1.0,0.4,0.8666666666666667,0.3333333333333333,-0.13333333333333333,0.25,0.5274706283478326,0.47142300830456496,0.5932566825804632,1.0,0.0,1.0,1.0,3
synthetic_map_00166,0.13333333333333333,1.0,0.4,0.8666666666666667,0.26666666666666666,-0.13333333333333333,0.21875,0.5569739939391826,0.46406525320959024,0.4875987517789135,0.0,0.0,1.0,1.0,3
synthetic_map_00166,0.2,1.0,0.4,0.8666666666666667,0.2,-0.13333333333333333,0.1875,0.5520934450745297,0.47694999788598585,0.4892171378183833,1.0,0.0,1.0,1.0,0
synthetic_map_00166,0.2,0.9333333333333333,0.4,0.8666666666666667,0.2,-0.06666666666666667,0.15625,0.7360741157482374,0.2516804649426335,0.42513932726062686,1.0,1.0,0.0,1.0,3
synthetic_map_00166,0.26666666666666666,0.9333333333333333,0.4,0.8666666666666667,0.13333333333333333,-0.06666666666666667,0.125,0.7838965709341053,0.1861663204399597,0.355020117626908,0.0,1.0,1.0,1.0,3
synthetic_map_00166,0.3333333333333333,0.9333333333333333,0.4,0.8666666666666667,0.06666666666666667,-0.06666666666666667,0.09375,0.6410222053710913,0.3736084655796906,0.434082567568256,0.0,1.0,1.0,1.0,3
synthetic_map_00166,0.4,0.9333333333333333,0.4,0.8666666666666667,0.0,-0.06666666666666667,0.0625,0.7173577340505309,0.26345131968757085,0.4187160404513708,1.0,0.0,1.0,1.0,0
synthetic_map_00167,0.9333333333333333,0.4666666666666667,0.26666666666666666,0.7333333333333333,-0.6666666666666666,0.26666666666666666,0.46875,0.6962562183359066,0.32929206159051444,0.468834009811515,1.0,1.0,1.0,0.0,2
synthetic_map_00167,0.8666666666666667,0.4666666666666667,0.26666666666666666,0.7333333333333333,-0.6,0.26666666666666666,0.4375,0.6601402226624142,0.3246824633061754,0.5014316892441248,0.0,1.0,1.0,1.0,2
synthetic_map_00167,0.8,0.4666666666666667,0.26666666666666666,0.7333333333333333,-0.5333333333333333,0.26666666666666666,0.40625,0.5649525062585014,0.43233952189522795,0.4894895903503088,0.0,0.0,1.0,1.0,2
synthetic_map_00167,0.7333333333333333,0.4666666666666667,0.26666666666666666,0.7333333333333333,-0.4666666666666667,0.26666666666666666,0.375,0.6793388489762218,0.3126571155076488,0.46367101530864063,1.0,0.0,1.0,1.0,2
synthetic_map_00167,0.6666666666666666,0.4666666666666667,0.26666666666666666,0.7333333333333333,-0.4,0.26666666666666666,0.34375,0.8148173959817929,0.2101070360999029,0.33269930086381555,1.0,1.0,1.0,1.0,1
synthetic_map_00167,0.6666666666666666,0.5333333333333333,0.26666666666666666,0.7333333333333333,-0.4,0.2,0.3125,0.7884884205480077,0.23492936921898605,0.3139663963217831,1.0,1.0,0.0,0.0,1
synthetic_map_00167,0.6666666666666666,0.6,0.26666666666666666,0.7333333333333333,-0.4,0.13333333333333333,0.28125,0.6503200646715506,0.34200698301890475,0.41960617426623986,1.0,0.0,1.0,1.0,2
synthetic_map_00167,0.5333333333333333,0.6,0.26666666666666666,0.7333333333333333,-0.26666666666666666,0.13333333333333333,0.21875,0.8990177318473775,0.11459691471606391,0.2819743969566695,1.0,1.0,1.0,1.0,2
synthetic_map_00167,0.4666666666666667,0.6,0.26666666666666666,0.7333333333333333,-0.2,0.13333333333333333,0.1875,0.8847069411815482,0.11942220217640989,0.2747600860127743,1.0,1.0,1.0,1.0,2
synthetic_map_00167,0.4,0.6,0.26666666666666666,0.7333333333333333,-0.13333333333333333,0.13333333333333333,0.15625,0.7863326021942586,0.2388991942444293,0.3955846236003323,0.0,1.0,1.0,1.0,2
synthetic_map_00167,0.3333333333333333,0.6666666666666666,0.26666666666666666,0.7333333333333333,-0.06666666666666667,0.06666666666666667,0.09375,0.8823615488358406,0.1450022046946346,0.2151503603807352,1.0,1.0,0.0,1.0,1
synthetic_map_00167,0.3333333333333333,0.7333333333333333,0.26666666666666666,0.7333333333333333,-0.06666666666666667,0.0,0.0625,0.8586439309329236,0.11309983308565216,0.3123424543523827,1.0,1.0,1.0,1.0,2
synthetic_map_00168,0.0,0.9333333333333333,0.4,0.4666666666666667,0.4,-0.4666666666666667,0.4375,0.6857002969724603,0.2861509928728913,0.5320104538548251,1.0,1.0,0.0,1.0,0
synthetic_map_00168,0.0,0.8666666666666667,0.4,0.4666666666666667,0.4,-0.4,0.40625,0.6774570681828079,0.30259843722904717,0.4735690948473582,1.0,1.0,0.0,1.0,0
synthetic_map_00168,0.0,0.8,0.4,0.4666666666666667,0.4,-0.3333333333333333,0.375,0.5013970600315062,0.48979250388572515,0.5174995299185398,1.0,1.0,0.0,1.0,0
synthetic_map_00168,0.0,0.7333333333333333,0.4,0.4666666666666667,0.4,-0.26666666666666666,0.34375,0.5885811083492342,0.42810334627453406,0.5499448408483206,1.0,1.0,0.0,0.0,0
synthetic_map_00168,0.0,0.6,0.4,0.4666666666666667,0.4,-0.13333333333333333,0.28125,0.6245147230937205,0.3491553478881879,0.43613812440618965,1.0,1.0,0.0,1.0,0
synthetic_map_00168,0.0,0.5333333333333333,0.4,0.4666666666666667,0.4,-0.06666666666666667,0.25,0.6964127714790805,0.298961972885745,0.419235439998439,1.0,1.0,0.0,1.0,0
synthetic_map_00168,0.0,0.4666666666666667,0.4,0.4666666666666667,0.4,0.0,0.21875,0.5861428329804854,0.4353335022807844,0.6047080766395417,0.0,1.0,0.0,1.0,3
synthetic_map_00168,0.06666666666666667,0.4666666666666667,0.4,0.4666666666666667,0.3333333333333333,0.0,0.1875,0.8089193332177661,0.2148997204560486,0.3427073818532845,1.0,1.0,1.0,1.0,3
synthetic_map_00168,0.13333333333333333,0.4666666666666667,0.4,0.4666666666666667,0.26666666666666666,0.0,0.15625,0.8130260593039623,0.18315727081075864,0.4490833538715933,0.0,1.0,1.0,1.0,3
synthetic_map_00168,0.2,0.4666666666666667,0.4,0.4666666666666667,0.2,0.0,0.125,0.7749044223692957,0.2512804584701861,0.3519661517652227,0.0,1.0,1.0,1.0,3
synthetic_map_00168,0.26666666666666666,0.4666666666666667,0.4,0.4666666666666667,0.13333333333333333,0.0,0.09375,0.8854885000919156,0.0889379138935812,0.2850805903158471,1.0,1.0,1.0,1.0,3
synthetic_map_00168,0.3333333333333333,0.4666666666666667,0.4,0.4666666666666667,0.06666666666666667,0.0,0.0625,1.0,0.0,0.24498451139963573,1.0,1.0,1.0,1.0,3
synthetic_map_00169,0.3333333333333333,0.9333333333333333,0.2,0.8,-0.13333333333333333,-0.13333333333333333,0.28125,0.6118622804724754,0.37298936469000177,0.4132720935937355,0.0,1.0,1.0,1.0,3
synthetic_map_00169,0.4,0.9333333333333333,0.2,0.8,-0.2,-0.13333333333333333,0.25,0.8240106828932566,0.18960586893759196,0.447537764180514,1.0,0.0,1.0,1.0,0
synthetic_map_00169,0.4,0.8666666666666667,0.2,0.8,-0.2,-0.06666666666666667,0.21875,0.9622082521716275,0.06650409665500578,0.32440609017691113,1.0,1.0,0.0,1.0,0
synthetic_map_00169,0.4,0.8,0.2,0.8,-0.2,0.0,0.1875,0.748626848214495,0.23491449105053122,0.39350936416444426,0.0,1.0,1.0,1.0,2
synthetic_map_00169,0.3333333333333333,0.8,0.2,0.8,-0.13333333333333333,0.0,0.15625,0.559084602228391,0.41146327780798425,0.5435075109276977,1.0,0.0,0.0,1.0,0
synthetic_map_00169,0.3333333333333333,0.7333333333333333,0.2,0.8,-0.13333333333333333,0.06666666666666667,0.125,0.4445506341078095,0.570922387606696,0.5990403188659712,0.0,1.0,1.0,0.0,2
synthetic_map_00169,0.26666666666666666,0.7333333333333333,0.2,0.8,-0.06666666666666667,0.06666666666666667,0.09375,0.5399241247876698,0.4323639511097064,0.47857904628356485,0.0,0.0,1.0,1.0,2
synthetic_map_00169,0.2,0.7333333333333333,0.2,0.8,0.0,0.06666666666666667,0.0625,0.4214890719664587,0.5857071699546518,0.6605697809449603,0.0,1.0,0.0,1.0,1
synthetic_map_00170,0.7333333333333333,0.5333333333333333,0.0,0.2,-0.7333333333333333,-0.3333333333333333,0.59375,0.6839611869092653,0.30066399694810375,0.3927429060121168,1.0,1.0,1.0,0.0,2
synthetic_map_00170,0.6666666666666666,0.5333333333333333,0.0,0.2,-0.6666666666666666,-0.3333333333333333,0.5625,0.7348580630742486,0.25623736873199426,0.4542118512873981,0.0,0.0,1.0,1.0,2
synthetic_map_00170,0.4,0.5333333333333333,0.0,0.2,-0.4,-0.3333333333333333,0.4375,1.0,0.0,0.18701544849362622,1.0,1.0,1.0,1.0,2
synthetic_map_00170,0.26666666666666666,0.5333333333333333,0.0,0.2,-0.26666666666666666,-0.3333333333333333,0.375,0.7491155827927203,0.23389053602055673,0.3988794396229994,0.0,1.0,0.0,1.0,1
synthetic_map_00170,0.26666666666666666,0.6,0.0,0.2,-0.26666666666666666,-0.4,0.34375,0.8247280835699784,0.1518524859534744,0.3154446860871201,1.0,1.0,1.0,1.0,2
synthetic_map_00170,0.2,0.6,0.0,0.2,-0.2,-0.4,0.3125,0.883729846354464,0.13630774840641216,0.2832525219236799,0.0,1.0,1.0,1.0,2
synthetic_map_00170,0.13333333333333333,0.6,0.0,0.2,-0.13333333333333333,-0.4,0.28125,0.6771885461058506,0.34773048618756885,0.3965785205190995,1.0,1.0,0.0,1.0,0
synthetic_map_00170,0.13333333333333333,0.5333333333333333,0.0,0.2,-0.13333333333333333,-0.3333333333333333,0.25,0.8011103003855524,0.20395970498326418,0.42754512403775413,1.0,1.0,1.0,0.0,0
synthetic_map_00170,0.13333333333333333,0.4,0.0,0.2,-0.13333333333333333,-0.2,0.1875,0.8836204115022964,0.1022711232994833,0.3191581308610321,1.0,1.0,0.0,1.0,0
synthetic_map_00170,0.13333333333333333,0.3333333333333333,0.0,0.2,-0.13333333333333333,-0.13333333333333333,0.15625,0.609855213225856,0.36743674691022166,0.5049975290499051,0.0,1.0,1.0,1.0,2
synthetic_map_00170,0.06666666666666667,0.3333333333333333,0.0,0.2,-0.06666666666666667,-0.13333333333333333,0.125,0.8079386074437774,0.21633136719688847,0.4120562927782866,1.0,0.0,1.0,1.0,2
synthetic_map_00170,0.0,0.26666666666666666,0.0,0.2,0.0,-0.06666666666666667,0.0625,0.6698421813489556,0.34650745736977573,0.4434249304672609,1.0,1.0,0.0,1.0,0
synthetic_map_00171,0.06666666666666667,0.06666666666666667,0.8,0.6666666666666666,0.7333333333333333,0.6,0.65625,0.8323127283790362,0.1926844378690572,0.3886141287015001,1.0,1.0,1.0,1.0,1
synthetic_map_00171,0.06666666666666667,0.2,0.8,0.6666666666666666,0.7333333333333333,0.4666666666666667,0.59375,0.7022461760206035,0.2931052573765422,0.441484339536267,1.0,1.0,1.0,1.0,1
synthetic_map_00171,0.06666666666666667,0.3333333333333333,0.8,0.6666666666666666,0.7333333333333333,0.3333333333333333,0.53125,0.6487136837116504,0.3537960179533422,0.47591727690880953,1.0,0.0,0.0,1.0,3
synthetic_map_00171,0.13333333333333333,0.3333333333333333,0.8,0.6666666666666666,0.6666666666666666,0.3333333333333333,0.5,0.7352835188991534,0.2833938694559215,0.3870841260323866,0.0,1.0,1.0,1.0,1
synthetic_map_00171,0.13333333333333333,0.4,0.8,0.6666666666666666,0.6666666666666666,0.26666666666666666,0.46875,0.834710599134594,0.15650786677705253,0.22815481191242887,1.0,1.0,0.0,1.0,1
synthetic_map_00171,0.13333333333333333,0.4666666666666667,0.8,0.6666666666666666,0.6666666666666666,0.2,0.4375,0.7473434236507177,0.22668522882917846,0.4395153077095667,1.0,1.0,1.0,1.0,3
synthetic_map_00171,0.26666666666666666,0.4666666666666667,0.8,0.6666666666666666,0.5333333333333333,0.2,0.375,0.8270858738174438,0.18418366287615318,0.3272965113883636,1.0,1.0,1.0,0.0,1
synthetic_map_00171,0.26666666666666666,0.5333333333333333,0.8,0.6666666666666666,0.5333333333333333,0.13333333333333333,0.34375,0.6953692815845444,0.3227123236743732,0.47509050643443307,1.0,0.0,0.0,1.0,3
synthetic_map_00171,0.3333333333333333,0.6,0.8,0.6666666666666666,0.4666666666666667,0.06666666666666667,0.28125,0.7835502357612116,0.24118468021139255,0.3859825698334056,1.0,1.0,0.0,1.0,3
synthetic_map_00171,0.5333333333333333,0.6666666666666666,0.8,0.6666666666666666,0.26666666666666666,0.0,0.15625,0.9213073371100509,0.07764569937464517,0.21341999462943362,1.0,1.0,1.0,1.0,3
synthetic_map_00171,0.6,0.6666666666666666,0.8,0.6666666666666666,0.2,0.0,0.125,0.8536611765979202,0.14294859281113909,0.3109498169056068,1.0,0.0,1.0,1.0,3
synthetic_map_00171,0.7333333333333333,0.6666666666666666,0.8,0.6666666666666666,0.06666666666666667,0.0,0.0625,0.8381284649552304,0.1545017507926481,0.3244934278416991,0.0,1.0,1.0,1.0,3
synthetic_map_00172,0.5333333333333333,1.0,0.26666666666666666,0.8,-0.26666666666666666,-0.2,0.25,0.3552333464026796,0.6553749271288108,0.7532232925644484,1.0,0.0,1.0,0.0,0
synthetic_map_00172,0.5333333333333333,0.9333333333333333,0.26666666666666666,0.8,-0.26666666666666666,-0.13333333333333333,0.21875,0.6798877886396062,0.3179878385480882,0.48391951872402333,1.0,1.0,0.0,0.0,0
synthetic_map_00172,0.5333333333333333,0.8666666666666667,0.26666666666666666,0.8,-0.26666666666666666,-0.06666666666666667,0.1875,0.7769618584846227,0.20720600832110753,0.43551780767791853,1.0,1.0,1.0,1.0,2
synthetic_map_00172,0.4666666666666667,0.8666666666666667,0.26666666666666666,0.8,-0.2,-0.06666666666666667,0.15625,0.7667256856106722,0.20418470786048784,0.34818883180618043,1.0,0.0,1.0,1.0,2
synthetic_map_00172,0.4,0.8666666666666667,0.26666666666666666,0.8,-0.13333333333333333,-0.06666666666666667,0.125,0.8062819331923959,0.1989720243286436,0.40841452008109447,1.0,0.0,1.0,1.0,2
synthetic_map_00172,0.3333333333333333,0.8666666666666667,0.26666666666666666,0.8,-0.06666666666666667,-0.06666666666666667,0.09375,0.7674539609578896,0.21134414937840562,0.3373291159507633,1.0,1.0,0.0,1.0,0
synthetic_map_00172,0.3333333333333333,0.8,0.26666666666666666,0.8,-0.06666666666666667,0.0,0.0625,0.9181840120935748,0.08605060172801536,0.3341027235355378,1.0,1.0,1.0,1.0,2
synthetic_map_00173,0.6,0.9333333333333333,0.8666666666666667,0.8,0.26666666666666666,-0.13333333333333333,0.21875,0.6504880422835467,0.3357314689961134,0.5389836408979508,1.0,0.0,0.0,0.0,0
synthetic_map_00173,0.6,0.8666666666666667,0.8666666666666667,0.8,0.26666666666666666,-0.06666666666666667,0.1875,0.7464513829772826,0.22659820579719836,0.420404852968586,1.0,1.0,1.0,1.0,0
synthetic_map_00173,0.6,0.8,0.8666666666666667,0.8,0.26666666666666666,0.0,0.15625,0.9199852019997683,0.09326204753192524,0.33317975346438183,1.0,1.0,1.0,1.0,3
synthetic_map_00173,0.6666666666666666,0.8,0.8666666666666667,0.8,0.2,0.0,0.125,0.8739619155766961,0.13712697989297729,0.26391796939218043,0.0,1.0,1.0,1.0,3
synthetic_map_00173,0.7333333333333333,0.8,0.8666666666666667,0.8,0.13333333333333333,0.0,0.09375,0.8223163866491046,0.20659002807955204,0.33733690011070777,1.0,1.0,1.0,1.0,3
synthetic_map_00173,0.8,0.8,0.8666666666666667,0.8,0.06666666666666667,0.0,0.0625,0.9008262922997231,0.12286556660148897,0.21093745824309235,1.0,0.0,1.0,1.0,3
synthetic_map_00174,1.0,0.7333333333333333,0.6666666666666666,0.8,-0.3333333333333333,0.06666666666666667,0.28125,0.359061004142748,0.6592707754903522,0.6568184928353725,1.0,1.0,0.0,0.0,1
synthetic_map_00174,1.0,0.8,0.6666666666666666,0.8,-0.3333333333333333,0.0,0.25,0.4334984279939239,0.5586194189300194,0.6453289211243388,1.0,1.0,0.0,0.0,1
synthetic_map_00174,1.0,0.8666666666666667,0.6666666666666666,0.8,-0.3333333333333333,-0.06666666666666667,0.21875,0.539677892850679,0.4500807035610422,0.6027005692927392,1.0,1.0,1.0,0.0,2
synthetic_map_00174,0.9333333333333333,0.8666666666666667,0.6666666666666666,0.8,-0.26666666666666666,-0.06666666666666667,0.1875,0.8524260341803533,0.14505649891964953,0.24898323322593208,0.0,1.0,1.0,1.0,2
synthetic_map_00174,0.8666666666666667,0.8666666666666667,0.6666666666666666,0.8,-0.2,-0.06666666666666667,0.15625,0.9099438880759781,0.08635969369790245,0.2932217242923023,1.0,1.0,1.0,1.0,2
synthetic_map_00174,0.8,0.8666666666666667,0.6666666666666666,0.8,-0.13333333333333333,-0.06666666666666667,0.125,0.9757149147441608,0.0,0.24584394624619121,1.0,1.0,1.0,1.0,2
synthetic_map_00174,0.7333333333333333,0.8666666666666667,0.6666666666666666,0.8,-0.06666666666666667,-0.06666666666666667,0.09375,0.88189355796774,0.09062437307486522,0.23378366506703563,1.0,1.0,1.0,1.0,2
synthetic_map_00174,0.6666666666666666,0.8666666666666667,0.6666666666666666,0.8,0.0,-0.06666666666666667,0.0625,0.6279722561149608,0.36406431261452227,0.5199361981698444,1.0,0.0,0.0,1.0,0
synthetic_map_00175,0.3333333333333333,0.4666666666666667,0.13333333333333333,0.2,-0.2,-0.26666666666666666,0.375,0.6484296286399326,0.37001987416750987,0.5029305678876247,0.0,1.0,0.0,0.0,1
synthetic_map_00175,0.3333333333333333,0.5333333333333333,0.13333333333333333,0.2,-0.2,-0.3333333333333333,0.34375,0.7894062880520729,0.23555434683886586,0.4405937397498211,1.0,1.0,1.0,1.0,2
synthetic_map_00175,0.26666666666666666,0.5333333333333333,0.13333333333333333,0.2,-0.13333333333333333,-0.3333333333333333,0.3125,0.8797186874751314,0.12960416280513024,0.2561118819935859,0.0,1.0,1.0,1.0,2
synthetic_map_00175,0.2,0.5333333333333333,0.13333333333333333,0.2,-0.06666666666666667,-0.3333333333333333,0.28125,0.9547713603484126,0.06966476416620175,0.24590430706064348,1.0,1.0,1.0,1.0,2
synthetic_map_00175,0.13333333333333333,0.5333333333333333,0.13333333333333333,0.2,0.0,-0.3333333333333333,0.25,0.8995488312900964,0.073764145970134,0.34268029870335875,1.0,1.0,1.0,1.0,0
synthetic_map_00175,0.13333333333333333,0.4666666666666667,0.13333333333333333,0.2,0.0,-0.26666666666666666,0.21875,0.7880783888009939,0.23705794585832032,0.38922259490156,1.0,1.0,0.0,1.0,0
synthetic_map_00175,0.13333333333333333,0.4,0.13333333333333333,0.2,0.0,-0.2,0.1875,0.6017894254816212,0.42425982308931115,0.593155978136028,0.0,1.0,1.0,0.0,2
synthetic_map_00175,0.06666666666666667,0.4,0.13333333333333333,0.2,0.06666666666666667,-0.2,0.15625,0.6034061686368073,0.37623544070900283,0.4957012526473725,1.0,0.0,1.0,1.0,0
synthetic_map_00175,0.06666666666666667,0.3333333333333333,0.13333333333333333,0.2,0.06666666666666667,-0.13333333333333333,0.125,0.6624099740638194,0.321204109499002,0.41051679479889924,1.0,1.0,0.0,0.0,0
synthetic_map_00175,0.06666666666666667,0.26666666666666666,0.13333333333333333,0.2,0.06666666666666667,-0.06666666666666667,0.09375,0.6288445133225649,0.34697309827380807,0.47364608436332106,1.0,1.0,0.0,1.0,0
synthetic_map_00175,0.06666666666666667,0.2,0.13333333333333333,0.2,0.06666666666666667,0.0,0.0625,0.869023193278754,0.11987334935578667,0.23679192434933247,1.0,1.0,1.0,1.0,3
synthetic_map_00176,0.26666666666666666,0.6666666666666666,0.6,0.13333333333333333,0.3333333333333333,-0.5333333333333333,0.4375,1.0,0.0,0.17939447580209664,1.0,1.0,1.0,1.0,0
synthetic_map_00176,0.26666666666666666,0.5333333333333333,0.6,0.13333333333333333,0.3333333333333333,-0.4,0.375,0.8743479986414291,0.1327780277805777,0.2525448484295807,1.0,1.0,1.0,1.0,0
synthetic_map_00176,0.26666666666666666,0.4666666666666667,0.6,0.13333333333333333,0.3333333333333333,-0.3333333333333333,0.34375,0.8105498234825431,0.20830303456584492,0.3176832380246368,1.0,1.0,0.0,1.0,0
synthetic_map_00176,0.26666666666666666,0.4,0.6,0.13333333333333333,0.3333333333333333,-0.26666666666666666,0.3125,0.5596705908614852,0.46079357188865533,0.5267194054292014,0.0,1.0,0.0,1.0,3
synthetic_map_00176,0.3333333333333333,0.4,0.6,0.13333333333333333,0.26666666666666666,-0.26666666666666666,0.28125,0.8858235653661751,0.09659167564720543,0.2880298459841791,1.0,1.0,1.0,1.0,0
synthetic_map_00176,0.3333333333333333,0.3333333333333333,0.6,0.13333333333333333,0.26666666666666666,-0.2,0.25,0.7590636724550522,0.22113080273669763,0.32681130557568483,1.0,1.0,0.0,1.0,0
synthetic_map_00176,0.3333333333333333,0.26666666666666666,0.6,0.13333333333333333,0.26666666666666666,-0.13333333333333333,0.21875,0.6468628120336564,0.36151685791795335,0.48165279885078355,1.0,1.0,1.0,0.0,0
synthetic_map_00176,0.3333333333333333,0.2,0.6,0.13333333333333333,0.26666666666666666,-0.06666666666666667,0.1875,0.6575654201771503,0.3574228312797284,0.4794033263256616,1.0,1.0,1.0,0.0,0
synthetic_map_00176,0.3333333333333333,0.13333333333333333,0.6,0.13333333333333333,0.26666666666666666,0.0,0.15625,0.7839730324489572,0.20048844905181581,0.43470775323444716,1.0,1.0,0.0,1.0,3
synthetic_map_00176,0.4,0.13333333333333333,0.6,0.13333333333333333,0.2,0.0,0.125,0.9311979267316852,0.08293237235667351,0.3166560552060892,1.0,0.0,1.0,1.0,3
synthetic_map_00176,0.4666666666666667,0.13333333333333333,0.6,0.13333333333333333,0.13333333333333333,0.0,0.09375,0.7904542040117714,0.23869339879095366,0.30310537873422283,1.0,1.0,1.0,1.0,3
synthetic_map_00176,0.5333333333333333,0.13333333333333333,0.6,0.13333333333333333,0.06666666666666667,0.0,0.0625,0.8251087193954338,0.20453832823449578,0.34274855138726684,1.0,0.0,1.0,1.0,3
synthetic_map_00177,0.13333333333333333,0.13333333333333333,0.0,0.13333333333333333,-0.13333333333333333,0.0,0.09375,0.6636828537934111,0.33302795890516657,0.5359697238843629,0.0,0.0,1.0,1.0,2
synthetic_map_00177,0.06666666666666667,0.13333333333333333,0.0,0.13333333333333333,-0.06666666666666667,0.0,0.0625,0.8028615542307306,0.2031593713230445,0.3785695099139772,1.0,1.0,1.0,1.0,2
synthetic_map_00178,1.0,0.4,0.6,0.8,-0.4,0.4,0.40625,0.6275276219794781,0.36047625582354537,0.5366900077134636,1.0,1.0,1.0,0.0,2
synthetic_map_00178,0.9333333333333333,0.4,0.6,0.8,-0.3333333333333333,0.4,0.375,1.0,0.0,0.1360491971846371,1.0,1.0,1.0,1.0,2
synthetic_map_00178,0.8666666666666667,0.4,0.6,0.8,-0.26666666666666666,0.4,0.34375,0.9757778961391744,0.04380186253860267,0.12545195107973714,1.0,1.0,1.0,1.0,2
synthetic_map_00178,0.8,0.4,0.6,0.8,-0.2,0.4,0.3125,0.8839788644007341,0.10350563838672525,0.20975140136505388,1.0,1.0,1.0,1.0,2
synthetic_map_00178,0.7333333333333333,0.4,0.6,0.8,-0.13333333333333333,0.4,0.28125,0.9322272010019195,0.0901889971116276,0.22137927639223517,1.0,0.0,1.0,1.0,2
synthetic_map_00178,0.6666666666666666,0.4,0.6,0.8,-0.06666666666666667,0.4,0.25,0.758859100784205,0.2452792441165398,0.3218238983414177,1.0,1.0,0.0,1.0,1
synthetic_map_00178,0.6666666666666666,0.4666666666666667,0.6,0.8,-0.06666666666666667,0.3333333333333333,0.21875,0.7966331405346405,0.1923591136260832,0.3952905195146589,1.0,1.0,1.0,0.0,2
synthetic_map_00178,0.6,0.4666666666666667,0.6,0.8,0.0,0.3333333333333333,0.1875,0.6927109276109022,0.3287374189086854,0.4180040638696532,0.0,1.0,0.0,1.0,1
synthetic_map_00178,0.6,0.5333333333333333,0.6,0.8,0.0,0.26666666666666666,0.15625,0.7882582966987028,0.2310367462669347,0.44430690235138204,1.0,1.0,1.0,1.0,1
synthetic_map_00178,0.6,0.6,0.6,0.8,0.0,0.2,0.125,0.8120254682330071,0.18416378254687385,0.41809132832081153,1.0,1.0,0.0,1.0,1
synthetic_map_00178,0.6,0.6666666666666666,0.6,0.8,0.0,0.13333333333333333,0.09375,0.7549243503907852,0.23645775490335808,0.325087614006913,1.0,1.0,0.0,1.0,1
synthetic_map_00178,0.6,0.7333333333333333,0.6,0.8,0.0,0.06666666666666667,0.0625,0.8958324777572791,0.07515009620517762,0.3634025386756836,1.0,1.0,1.0,1.0,1
synthetic_map_00179,0.6666666666666666,0.13333333333333333,0.9333333333333333,0.8666666666666667,0.26666666666666666,0.7333333333333333,0.5625,0.9308146528777617,0.06116120412779225,0.3155905197373459,1.0,1.0,1.0,1.0,1
synthetic_map_00179,0.6666666666666666,0.2,0.9333333333333333,0.8666666666666667,0.26666666666666666,0.6666666666666666,0.53125,0.765452594400448,0.2402676632916706,0.30630873476055986,1.0,0.0,1.0,0.0,2
synthetic_map_00179,0.6,0.26666666666666666,0.9333333333333333,0.8666666666666667,0.3333333333333333,0.6,0.46875,0.7447630174016466,0.26101854164744737,0.37898397832237174,1.0,1.0,1.0,0.0,1
synthetic_map_00179,0.6,0.3333333333333333,0.9333333333333333,0.8666666666666667,0.3333333333333333,0.5333333333333333,0.4375,0.796169608691122,0.20332404020651307,0.4193599603834857,1.0,1.0,1.0,0.0,1
synthetic_map_00179,0.6,0.4,0.9333333333333333,0.8666666666666667,0.3333333333333333,0.4666666666666667,0.40625,0.769401479714345,0.24304817011068236,0.35120692858853736,1.0,1.0,1.0,1.0,1
synthetic_map_00179,0.6,0.5333333333333333,0.9333333333333333,0.8666666666666667,0.3333333333333333,0.3333333333333333,0.34375,0.7559117548625314,0.2613669138145099,0.4105815696977708,1.0,1.0,1.0,1.0,1
synthetic_map_00179,0.6,0.6,0.9333333333333333,0.8666666666666667,0.3333333333333333,0.26666666666666666,0.3125,0.7461684177948541,0.2491800887612654,0.3463078498609126,1.0,0.0,0.0,1.0,3
synthetic_map_00179,0.6666666666666666,0.6666666666666666,0.9333333333333333,0.8666666666666667,0.26666666666666666,0.2,0.25,0.820826596190684,0.1783833981436326,0.3605200693015826,1.0,1.0,0.0,1.0,1
synthetic_map_00179,0.6666666666666666,0.7333333333333333,0.9333333333333333,0.8666666666666667,0.26666666666666666,0.13333333333333333,0.21875,0.5226010899976349,0.46015854447058413,0.5768305750046973,1.0,1.0,0.0,1.0,3
synthetic_map_00179,0.7333333333333333,0.7333333333333333,0.9333333333333333,0.8666666666666667,0.2,0.13333333333333333,0.1875,0.8898254852138945,0.1338212856585072,0.23416381603989572,1.0,0.0,1.0,1.0,3
synthetic_map_00179,0.8,0.7333333333333333,0.9333333333333333,0.8666666666666667,0.13333333333333333,0.13333333333333333,0.15625,0.8203462952253089,0.19382992138832744,0.3810197294771947,1.0,1.0,1.0,1.0,1
synthetic_map_00179,0.9333333333333333,0.8,0.9333333333333333,0.8666666666666667,0.0,0.06666666666666667,0.0625,0.7995049258127201,0.17850989716205345,0.38875872514723203,1.0,1.0,1.0,1.0,1
synthetic_map_00180,0.8666666666666667,0.5333333333333333,0.0,0.4666666666666667,-0.8666666666666667,-0.06666666666666667,0.46875,0.6792207605977165,0.31821219927411837,0.4915113565051441,0.0,1.0,1.0,1.0,2
synthetic_map_00180,0.8,0.5333333333333333,0.0,0.4666666666666667,-0.8,-0.06666666666666667,0.4375,0.7322754188419759,0.2539908464854935,0.39015207696091064,0.0,1.0,1.0,1.0,2
synthetic_map_00180,0.7333333333333333,0.5333333333333333,0.0,0.4666666666666667,-0.7333333333333333,-0.06666666666666667,0.40625,0.8162498692764809,0.18255802453703945,0.3903079979637619,1.0,1.0,0.0,1.0,0
synthetic_map_00180,0.6666666666666666,0.4666666666666667,0.0,0.4666666666666667,-0.6666666666666666,0.0,0.34375,0.6208808820364852,0.403755814774141,0.5935517394073085,0.0,0.0,1.0,1.0,2
synthetic_map_00180,0.6,0.4666666666666667,0.0,0.4666666666666667,-0.6,0.0,0.3125,0.6557088770042765,0.35220533595623543,0.5434604148997925,0.0,1.0,1.0,1.0,2
synthetic_map_00180,0.5333333333333333,0.4666666666666667,0.0,0.4666666666666667,-0.5333333333333333,0.0,0.28125,0.7900758507812567,0.2342154208109652,0.41844820848024655,1.0,1.0,1.0,1.0,2
synthetic_map_00180,0.4,0.4666666666666667,0.0,0.4666666666666667,-0.4,0.0,0.21875,0.817465600438354,0.19128548511143634,0.4388976332372703,1.0,1.0,1.0,1.0,2
synthetic_map_00180,0.3333333333333333,0.4666666666666667,0.0,0.4666666666666667,-0.3333333333333333,0.0,0.1875,0.9404295484339986,0.08775484585945756,0.22008377010027322,1.0,0.0,1.0,1.0,2
synthetic_map_00180,0.26666666666666666,0.4666666666666667,0.0,0.4666666666666667,-0.26666666666666666,0.0,0.15625,0.7572914047594602,0.22062672601194927,0.32637113066560086,1.0,1.0,1.0,1.0,2
synthetic_map_00180,0.2,0.4666666666666667,0.0,0.4666666666666667,-0.2,0.0,0.125,0.8718242542652919,0.13710959799918843,0.3561571229838612,1.0,0.0,1.0,1.0,2
synthetic_map_00180,0.13333333333333333,0.4666666666666667,0.0,0.4666666666666667,-0.13333333333333333,0.0,0.09375,0.6892965796510101,0.28408455111722297,0.522637328079559,1.0,1.0,1.0,1.0,2
synthetic_map_00180,0.06666666666666667,0.4666666666666667,0.0,0.4666666666666667,-0.06666666666666667,0.0,0.0625,0.7731150014575213,0.21123266738299085,0.42097822789336914,0.0,0.0,1.0,1.0,2
synthetic_map_00181,0.4,0.3333333333333333,0.8,0.5333333333333333,0.4,0.2,0.3125,0.7447410874299242,0.25558308204396263,0.3641780523925009,1.0,0.0,1.0,1.0,3
synthetic_map_00181,0.4666666666666667,0.3333333333333333,0.8,0.5333333333333333,0.3333333333333333,0.2,0.28125,0.7402803505505656,0.23588008028675678,0.40926850195311343,1.0,1.0,1.0,1.0,1
synthetic_map_00181,0.4666666666666667,0.4,0.8,0.5333333333333333,0.3333333333333333,0.13333333333333333,0.25,0.6692674092199865,0.3050674049506615,0.504612530459899,1.0,1.0,0.0,0.0,1
synthetic_map_00181,0.4666666666666667,0.4666666666666667,0.8,0.5333333333333333,0.3333333333333333,0.06666666666666667,0.21875,0.5343484218841122,0.45560616030168694,0.5371127782142707,1.0,1.0,1.0,0.0,1
synthetic_map_00181,0.4666666666666667,0.5333333333333333,0.8,0.5333333333333333,0.3333333333333333,0.0,0.1875,0.7491099394398264,0.24534031193890735,0.4419724523285975,1.0,1.0,0.0,1.0,3
synthetic_map_00181,0.5333333333333333,0.5333333333333333,0.8,0.5333333333333333,0.26666666666666666,0.0,0.15625,0.9373229034793847,0.06739177411492403,0.278632610391885,0.0,1.0,1.0,1.0,3
synthetic_map_00181,0.6,0.5333333333333333,0.8,0.5333333333333333,0.2,0.0,0.125,0.9088604903177275,0.08715592972021549,0.24114209988029967,1.0,1.0,1.0,1.0,3
synthetic_map_00181,0.6666666666666666,0.5333333333333333,0.8,0.5333333333333333,0.13333333333333333,0.0,0.09375,0.9794489030240539,0.0,0.18107045170156563,1.0,1.0,1.0,1.0,3
synthetic_map_00181,0.7333333333333333,0.5333333333333333,0.8,0.5333333333333333,0.06666666666666667,0.0,0.0625,0.8674534085379055,0.14426927316013416,0.2630933975034085,1.0,1.0,1.0,1.0,3
synthetic_map_00182,0.26666666666666666,0.13333333333333333,0.4,0.7333333333333333,0.13333333333333333,0.6,0.375,0.3836056555267065,0.6440120461127911,0.7647234815603233,0.0,1.0,0.0,0.0,1
synthetic_map_00182,0.26666666666666666,0.2,0.4,0.7333333333333333,0.13333333333333333,0.5333333333333333,0.34375,0.48752956983503903,0.518336671950081,0.5801697225651049,1.0,1.0,0.0,0.0,1
synthetic_map_00182,0.26666666666666666,0.26666666666666666,0.4,0.7333333333333333,0.13333333333333333,0.4666666666666667,0.3125,0.5069424681842007,0.5133552765509238,0.6746683972605717,1.0,1.0,0.0,1.0,1
synthetic_map_00182,0.26666666666666666,0.3333333333333333,0.4,0.7333333333333333,0.13333333333333333,0.4,0.28125,0.637747837449199,0.3769558561171602,0.46732363033060287,1.0,1.0,0.0,0.0,1
synthetic_map_00182,0.26666666666666666,0.4,0.4,0.7333333333333333,0.13333333333333333,0.3333333333333333,0.25,0.7635319400242216,0.23519192889076104,0.43897287097440274,1.0,1.0,1.0,1.0,1
synthetic_map_00182,0.26666666666666666,0.4666666666666667,0.4,0.7333333333333333,0.13333333333333333,0.26666666666666666,0.21875,0.9764833165465591,0.04561070149088149,0.1784348128087378,1.0,1.0,1.0,1.0,1
synthetic_map_00182,0.26666666666666666,0.5333333333333333,0.4,0.7333333333333333,0.13333333333333333,0.2,0.1875,1.0,0.0,0.1682703240411635,1.0,1.0,1.0,1.0,1
synthetic_map_00182,0.26666666666666666,0.6,0.4,0.7333333333333333,0.13333333333333333,0.13333333333333333,0.15625,0.9965684917346865,0.03219293056930091,0.2123269507601322,1.0,1.0,1.0,1.0,1
synthetic_map_00182,0.26666666666666666,0.6666666666666666,0.4,0.7333333333333333,0.13333333333333333,0.06666666666666667,0.125,0.9887603528468677,0.0,0.20704638204795262,1.0,1.0,1.0,1.0,1
synthetic_map_00182,0.26666666666666666,0.7333333333333333,0.4,0.7333333333333333,0.13333333333333333,0.0,0.09375,0.9745716127930529,0.0,0.2306657322994294,1.0,1.0,1.0,1.0,3
synthetic_map_00182,0.3333333333333333,0.7333333333333333,0.4,0.7333333333333333,0.06666666666666667,0.0,0.0625,0.8708353676167723,0.10142649575866895,0.30692023023142384,1.0,1.0,1.0,1.0,3
synthetic_map_00183,0.3333333333333333,0.5333333333333333,0.4666666666666667,0.13333333333333333,0.13333333333333333,-0.4,0.28125,0.902862681042047,0.09740403228189531,0.3547430623016105,1.0,0.0,1.0,1.0,0
synthetic_map_00183,0.3333333333333333,0.4666666666666667,0.4666666666666667,0.13333333333333333,0.13333333333333333,-0.3333333333333333,0.25,1.0,0.010984133053721243,0.2059541538458217,1.0,1.0,1.0,1.0,0
synthetic_map_00183,0.3333333333333333,0.4,0.4666666666666667,0.13333333333333333,0.13333333333333333,-0.26666666666666666,0.21875,0.9453721916206693,0.03491796152755074,0.2573475880047677,1.0,1.0,1.0,1.0,0
synthetic_map_00183,0.3333333333333333,0.3333333333333333,0.4666666666666667,0.13333333333333333,0.13333333333333333,-0.2,0.1875,0.8643876182486183,0.11570197780782336,0.2876139384127867,0.0,1.0,1.0,1.0,3
synthetic_map_00183,0.4,0.3333333333333333,0.4666666666666667,0.13333333333333333,0.06666666666666667,-0.2,0.15625,0.6918701863013653,0.29795123092055614,0.4078182701463375,1.0,1.0,1.0,0.0,0
synthetic_map_00183,0.4,0.26666666666666666,0.4666666666666667,0.13333333333333333,0.06666666666666667,-0.13333333333333333,0.125,0.7496974429909407,0.23318732058514752,0.4353667177570335,1.0,1.0,0.0,1.0,0
synthetic_map_00183,0.4,0.2,0.4666666666666667,0.13333333333333333,0.06666666666666667,-0.06666666666666667,0.09375,0.7384618317169356,0.23915152461064532,0.4301470107040222,0.0,1.0,1.0,1.0,3
synthetic_map_00183,0.4666666666666667,0.2,0.4666666666666667,0.13333333333333333,0.0,-0.06666666666666667,0.0625,0.6295984409519403,0.36398081366741375,0.5306500333468347,1.0,1.0,1.0,0.0,0
synthetic_map_00184,0.8,0.4666666666666667,0.6666666666666666,0.6666666666666666,-0.13333333333333333,0.2,0.1875,0.8360902192165885,0.15472604173979632,0.34136005119181045,1.0,1.0,0.0,1.0,1
synthetic_map_00184,0.8,0.5333333333333333,0.6666666666666666,0.6666666666666666,-0.13333333333333333,0.13333333333333333,0.15625,0.8220343839328849,0.14853697834219567,0.25268989572955947,1.0,1.0,1.0,1.0,2
synthetic_map_00184,0.7333333333333333,0.5333333333333333,0.6666666666666666,0.6666666666666666,-0.06666666666666667,0.13333333333333333,0.125,0.9352571958460513,0.06779464534264507,0.226283653984572,0.0,1.0,1.0,1.0,2
synthetic_map_00184,0.6666666666666666,0.5333333333333333,0.6666666666666666,0.6666666666666666,0.0,0.13333333333333333,0.09375,0.8330072157571774,0.18254847876063662,0.32051105731753016,1.0,1.0,1.0,1.0,1
synthetic_map_00184,0.6666666666666666,0.6,0.6666666666666666,0.6666666666666666,0.0,0.06666666666666667,0.0625,0.9762228312467287,0.029832688230295154,0.16988290602508305,1.0,1.0,1.0,1.0,1
synthetic_map_00185,0.8,0.9333333333333333,0.8,0.13333333333333333,0.0,-0.8,0.65625,0.7970398091057058,0.21692188215466301,0.3620294974006137,1.0,0.0,1.0,0.0,0
synthetic_map_00185,0.8,0.8666666666666667,0.8,0.13333333333333333,0.0,-0.7333333333333333,0.625,0.9329521157551703,0.08160272721750814,0.27100041136131187,1.0,1.0,1.0,1.0,0
synthetic_map_00185,0.8,0.6,0.8,0.13333333333333333,0.0,-0.4666666666666667,0.4375,0.8481016001082103,0.13744078654575947,0.3585662578445373,1.0,1.0,1.0,0.0,0
synthetic_map_00185,0.8,0.4666666666666667,0.8,0.13333333333333333,0.0,-0.3333333333333333,0.375,0.8379646014234721,0.1455379080076234,0.24175740213031197,0.0,1.0,1.0,1.0,2
synthetic_map_00185,0.7333333333333333,0.4666666666666667,0.8,0.13333333333333333,0.06666666666666667,-0.3333333333333333,0.34375,0.7581702129123022,0.2656235467020339,0.3206616014576291,1.0,1.0,1.0,1.0,0
synthetic_map_00185,0.7333333333333333,0.26666666666666666,0.8,0.13333333333333333,0.06666666666666667,-0.13333333333333333,0.25,0.7610458154266799,0.22199537386201507,0.3173608752855982,1.0,1.0,0.0,1.0,0
synthetic_map_00185,0.7333333333333333,0.2,0.8,0.13333333333333333,0.06666666666666667,-0.06666666666666667,0.21875,0.6455633411303575,0.36284085963395807,0.5180175749802096,0.0,1.0,1.0,0.0,2
synthetic_map_00185,0.6666666666666666,0.2,0.8,0.13333333333333333,0.13333333333333333,-0.06666666666666667,0.1875,0.5178319950830985,0.46860215022278723,0.6004031855882664,1.0,0.0,0.0,1.0,0
synthetic_map_00185,0.6666666666666666,0.13333333333333333,0.8,0.13333333333333333,0.13333333333333333,0.0,0.15625,0.6402148704364485,0.3783271130260887,0.4477098329175649,1.0,1.0,0.0,0.0,0
synthetic_map_00185,0.6666666666666666,0.06666666666666667,0.8,0.13333333333333333,0.13333333333333333,0.06666666666666667,0.125,0.6548474116927667,0.34070954890116084,0.5063325780549512,1.0,1.0,1.0,1.0,3
synthetic_map_00185,0.7333333333333333,0.06666666666666667,0.8,0.13333333333333333,0.06666666666666667,0.06666666666666667,0.09375,0.7798055567952713,0.1955163157102567,0.3004190705094598,1.0,0.0,1.0,1.0,3
synthetic_map_00185,0.8,0.06666666666666667,0.8,0.13333333333333333,0.0,0.06666666666666667,0.0625,0.5227597411619038,0.49366589389418125,0.4902733063874292,0.0,1.0,1.0,0.0,1
synthetic_map_00186,0.9333333333333333,0.3333333333333333,0.9333333333333333,0.06666666666666667,0.0,-0.26666666666666666,0.34375,0.9040318146435297,0.07962849175333746,0.31205562787886865,0.0,1.0,1.0,1.0,2
synthetic_map_00186,0.8666666666666667,0.3333333333333333,0.9333333333333333,0.06666666666666667,0.06666666666666667,-0.26666666666666666,0.3125,0.8406583605973038,0.13228532949938465,0.24542067479278226,1.0,1.0,1.0,1.0,0
synthetic_map_00186,0.8666666666666667,0.26666666666666666,0.9333333333333333,0.06666666666666667,0.06666666666666667,-0.2,0.28125,0.8065718669340131,0.18140950156507524,0.3576879662841842,1.0,1.0,1.0,0.0,2
synthetic_map_00186,0.8,0.26666666666666666,0.9333333333333333,0.06666666666666667,0.13333333333333333,-0.2,0.25,0.7771946051317156,0.21871013159822617,0.39893574256926156,0.0,1.0,1.0,1.0,2
synthetic_map_00186,0.7333333333333333,0.26666666666666666,0.9333333333333333,0.06666666666666667,0.2,-0.2,0.21875,0.6604013203574179,0.3333284553985352,0.452689815707869,1.0,0.0,1.0,1.0,0
synthetic_map_00186,0.7333333333333333,0.2,0.9333333333333333,0.06666666666666667,0.2,-0.13333333333333333,0.1875,0.9132691383811162,0.061439122955703036,0.31496041813748227,1.0,1.0,1.0,0.0,0
synthetic_map_00186,0.7333333333333333,0.13333333333333333,0.9333333333333333,0.06666666666666667,0.2,-0.06666666666666667,0.15625,0.9265194118924449,0.07780897401135868,0.35039499769027593,1.0,1.0,1.0,1.0,0
synthetic_map_00186,0.7333333333333333,0.06666666666666667,0.9333333333333333,0.06666666666666667,0.2,0.0,0.125,0.9668142556735633,0.04791232652284498,0.2543423258744927,1.0,1.0,1.0,1.0,3
synthetic_map_00186,0.8,0.06666666666666667,0.9333333333333333,0.06666666666666667,0.13333333333333333,0.0,0.09375,0.9395592227689965,0.06280324805315354,0.25013330526922534,1.0,1.0,1.0,1.0,3
synthetic_map_00186,0.8666666666666667,0.06666666666666667,0.9333333333333333,0.06666666666666667,0.06666666666666667,0.0,0.0625,0.6183571986016023,0.3677042949162817,0.46895681071512907,1.0,0.0,1.0,1.0,3
synthetic_map_00187,0.2,0.0,0.7333333333333333,0.8666666666666667,0.5333333333333333,0.8666666666666667,0.6875,0.5701130712578517,0.43292771337686003,0.6065532064044247,0.0,1.0,0.0,1.0,1
synthetic_map_00187,0.2,0.06666666666666667,0.7333333333333333,0.8666666666666667,0.5333333333333333,0.8,0.65625,0.8673222268033409,0.14510186194412006,0.25778334865706287,1.0,1.0,1.0,1.0,1
synthetic_map_00187,0.26666666666666666,0.26666666666666666,0.7333333333333333,0.8666666666666667,0.4666666666666667,0.6,0.53125,0.879251929980091,0.10858331895031029,0.2288275630451272,1.0,1.0,0.0,1.0,1
synthetic_map_00187,0.26666666666666666,0.3333333333333333,0.7333333333333333,0.8666666666666667,0.4666666666666667,0.5333333333333333,0.5,0.8747412314536274,0.10601009885609572,0.26005068525780006,1.0,1.0,1.0,1.0,1
synthetic_map_00187,0.26666666666666666,0.4,0.7333333333333333,0.8666666666666667,0.4666666666666667,0.4666666666666667,0.46875,0.7822071286941031,0.22120434786197835,0.44632745940618856,1.0,1.0,1.0,1.0,3
synthetic_map_00187,0.4,0.5333333333333333,0.7333333333333333,0.8666666666666667,0.3333333333333333,0.3333333333333333,0.34375,0.8806593538822578,0.1274087604465904,0.22412888953690188,1.0,1.0,1.0,1.0,1
synthetic_map_00187,0.4,0.6,0.7333333333333333,0.8666666666666667,0.3333333333333333,0.26666666666666666,0.3125,0.987670269951049,0.006197224104061351,0.1904802891978939,1.0,1.0,1.0,1.0,1
synthetic_map_00187,0.4,0.7333333333333333,0.7333333333333333,0.8666666666666667,0.3333333333333333,0.13333333333333333,0.25,0.9697241376542372,0.003681214663403931,0.2517379894111726,1.0,1.0,1.0,1.0,3
synthetic_map_00187,0.4666666666666667,0.7333333333333333,0.7333333333333333,0.8666666666666667,0.26666666666666666,0.13333333333333333,0.21875,0.9745429924218825,0.0,0.14340612350652077,1.0,1.0,1.0,1.0,3
synthetic_map_00187,0.5333333333333333,0.7333333333333333,0.7333333333333333,0.8666666666666667,0.2,0.13333333333333333,0.1875,0.986027322999823,0.0,0.2522904709311519,1.0,1.0,1.0,1.0,3
synthetic_map_00187,0.6666666666666666,0.7333333333333333,0.7333333333333333,0.8666666666666667,0.06666666666666667,0.13333333333333333,0.125,0.9059614061425432,0.0752630818276682,0.2409755746696621,1.0,0.0,1.0,1.0,3
synthetic_map_00187,0.7333333333333333,0.7333333333333333,0.7333333333333333,0.8666666666666667,0.0,0.13333333333333333,0.09375,0.7252447352805932,0.299933695725321,0.45217781391828404,1.0,1.0,1.0,0.0,1
synthetic_map_00188,0.4666666666666667,0.13333333333333333,0.3333333333333333,1.0,-0.13333333333333333,0.8666666666666667,0.5,0.8310289501204169,0.14367798508763746,0.23332839436219915,1.0,1.0,1.0,1.0,1
synthetic_map_00188,0.4666666666666667,0.2,0.3333333333333333,1.0,-0.13333333333333333,0.8,0.46875,0.9826964113188017,0.030049450353295995,0.18727974379003307,1.0,1.0,1.0,1.0,1
synthetic_map_00188,0.4666666666666667,0.3333333333333333,0.3333333333333333,1.0,-0.13333333333333333,0.6666666666666666,0.40625,0.7324037470657564,0.25082531549180614,0.30787906306858065,1.0,1.0,1.0,0.0,1
synthetic_map_00188,0.4666666666666667,0.4,0.3333333333333333,1.0,-0.13333333333333333,0.6,0.375,0.8455489417621949,0.18076502867202726,0.31690714144538895,1.0,1.0,0.0,1.0,1
synthetic_map_00188,0.4666666666666667,0.4666666666666667,0.3333333333333333,1.0,-0.13333333333333333,0.5333333333333333,0.34375,0.9039608993913057,0.08039681464159212,0.3448244405467827,1.0,1.0,1.0,1.0,1
synthetic_map_00188,0.4666666666666667,0.5333333333333333,0.3333333333333333,1.0,-0.13333333333333333,0.4666666666666667,0.3125,0.7815476160485202,0.22684230830742924,0.3275607791560019,1.0,1.0,1.0,1.0,1
synthetic_map_00188,0.4666666666666667,0.6,0.3333333333333333,1.0,-0.13333333333333333,0.4,0.28125,0.5408650017648906,0.45032660096198857,0.520033473362276,1.0,1.0,0.0,0.0,1
synthetic_map_00188,0.4666666666666667,0.7333333333333333,0.3333333333333333,1.0,-0.13333333333333333,0.26666666666666666,0.21875,0.6474202092525504,0.3362803719882166,0.4527882664656598,1.0,0.0,1.0,1.0,2
synthetic_map_00188,0.4,0.7333333333333333,0.3333333333333333,1.0,-0.06666666666666667,0.26666666666666666,0.1875,0.7825284854073083,0.2130309387150744,0.39062691845510433,0.0,1.0,1.0,1.0,1
synthetic_map_00188,0.4,0.8666666666666667,0.3333333333333333,1.0,-0.06666666666666667,0.13333333333333333,0.125,0.8138521366009611,0.19948115046025902,0.40183880137019623,1.0,1.0,1.0,1.0,1
synthetic_map_00188,0.4,0.9333333333333333,0.3333333333333333,1.0,-0.06666666666666667,0.06666666666666667,0.09375,0.7735953391180937,0.2072258558362835,0.434393085576412,1.0,1.0,0.0,1.0,1
synthetic_map_00188,0.4,1.0,0.3333333333333333,1.0,-0.06666666666666667,0.0,0.0625,0.4502997043052019,0.5760060807429492,0.6935174163977782,1.0,0.0,1.0,0.0,2
synthetic_map_00189,0.0,0.6666666666666666,0.4,0.3333333333333333,0.4,-0.3333333333333333,0.375,0.4987204896137562,0.4732139696693292,0.5291374578800838,0.0,1.0,0.0,1.0,3
synthetic_map_00189,0.06666666666666667,0.6666666666666666,0.4,0.3333333333333333,0.3333333333333333,-0.3333333333333333,0.34375,0.8565016136961735,0.14644560775749005,0.3459043662010615,1.0,1.0,1.0,1.0,0
synthetic_map_00189,0.06666666666666667,0.6,0.4,0.3333333333333333,0.3333333333333333,-0.26666666666666666,0.3125,0.9359390955436604,0.06981853587161116,0.31164104400678605,1.0,1.0,0.0,1.0,0
synthetic_map_00189,0.06666666666666667,0.5333333333333333,0.4,0.3333333333333333,0.3333333333333333,-0.2,0.28125,0.7706407191021959,0.254921143955592,0.3403432571495181,0.0,1.0,1.0,1.0,3
synthetic_map_00189,0.13333333333333333,0.5333333333333333,0.4,0.3333333333333333,0.26666666666666666,-0.2,0.25,0.9332265463868685,0.07202817633408065,0.35602885267639484,1.0,1.0,1.0,1.0,0
synthetic_map_00189,0.13333333333333333,0.4666666666666667,0.4,0.3333333333333333,0.26666666666666666,-0.13333333333333333,0.21875,0.784618989873101,0.19373771100750453,0.3578537814409142,1.0,1.0,0.0,1.0,0
synthetic_map_00189,0.13333333333333333,0.4,0.4,0.3333333333333333,0.26666666666666666,-0.06666666666666667,0.1875,0.7405093639958159,0.26801475163025823,0.40370958006619784,1.0,1.0,1.0,0.0,0
synthetic_map_00189,0.13333333333333333,0.3333333333333333,0.4,0.3333333333333333,0.26666666666666666,0.0,0.15625,0.7297207404805796,0.2587618977477952,0.37719135160720324,1.0,1.0,1.0,1.0,3
synthetic_map_00189,0.2,0.3333333333333333,0.4,0.3333333333333333,0.2,0.0,0.125,0.8258978236100093,0.20068572985173314,0.40187734016711707,0.0,0.0,1.0,1.0,3
synthetic_map_00189,0.26666666666666666,0.3333333333333333,0.4,0.3333333333333333,0.13333333333333333,0.0,0.09375,0.822144726350546,0.18808057595697014,0.42123418746442726,1.0,1.0,1.0,1.0,3
synthetic_map_00189,0.3333333333333333,0.3333333333333333,0.4,0.3333333333333333,0.06666666666666667,0.0,0.0625,0.9657791187825193,0.013476271451904262,0.13463407791577373,1.0,1.0,1.0,1.0,3
synthetic_map_00190,0.6,0.4,0.4,1.0,-0.2,0.6,0.46875,0.8983619217811599,0.11860460388475327,0.32519170474811276,1.0,0.0,1.0,1.0,2
synthetic_map_00190,0.5333333333333333,0.4,0.4,1.0,-0.13333333333333333,0.6,0.4375,0.7956493481387414,0.1798852799247013,0.3016428781120939,1.0,1.0,1.0,1.0,2
synthetic_map_00190,0.4666666666666667,0.4,0.4,1.0,-0.06666666666666667,0.6,0.40625,0.8205182182638234,0.17370249594463408,0.3200511333072365,0.0,1.0,0.0,1.0,1
synthetic_map_00190,0.4666666666666667,0.4666666666666667,0.4,1.0,-0.06666666666666667,0.5333333333333333,0.375,0.7333676239163073,0.24474117410185733,0.39428964974087216,1.0,0.0,1.0,1.0,2
synthetic_map_00190,0.4,0.4666666666666667,0.4,1.0,0.0,0.5333333333333333,0.34375,0.8159904441450669,0.18198870733192837,0.39289259187088776,0.0,1.0,1.0,1.0,1
synthetic_map_00190,0.4,0.6666666666666666,0.4,1.0,0.0,0.3333333333333333,0.25,0.761474460224425,0.23486845210040252,0.3262100943306227,1.0,1.0,1.0,1.0,1
synthetic_map_00190,0.4,0.7333333333333333,0.4,1.0,0.0,0.26666666666666666,0.21875,0.7613242130847234,0.21297378640185302,0.32086997066108447,1.0,1.0,1.0,0.0,1
synthetic_map_00190,0.4,0.8,0.4,1.0,0.0,0.2,0.1875,0.6412951131496066,0.330107963955053,0.4983127743202407,1.0,0.0,0.0,1.0,3
synthetic_map_00190,0.4666666666666667,0.8,0.4,1.0,-0.06666666666666667,0.2,0.15625,0.49288977764531533,0.4911924370117842,0.5435059588217312,0.0,1.0,1.0,1.0,1
synthetic_map_00190,0.4666666666666667,0.8666666666666667,0.4,1.0,-0.06666666666666667,0.13333333333333333,0.125,0.7560797681334326,0.2527609595450466,0.3965456117430062,1.0,1.0,0.0,0.0,1
synthetic_map_00190,0.4666666666666667,0.9333333333333333,0.4,1.0,-0.06666666666666667,0.06666666666666667,0.09375,0.7550074622474058,0.22063877289798908,0.3583932336685285,1.0,1.0,1.0,1.0,2
synthetic_map_00190,0.4,0.9333333333333333,0.4,1.0,0.0,0.06666666666666667,0.0625,0.8472816538609961,0.14509270308069017,0.28362956916257875,0.0,1.0,1.0,1.0,1
synthetic_map_00191,0.9333333333333333,0.2,0.06666666666666667,0.4,-0.8666666666666667,0.2,0.71875,0.6766460936374367,0.3307531702802729,0.49087112517463816,0.0,1.0,0.0,0.0,1
synthetic_map_00191,0.8,0.26666666666666666,0.06666666666666667,0.4,-0.7333333333333333,0.13333333333333333,0.625,0.7438006956628815,0.26662206120580034,0.35737273980448386,1.0,0.0,1.0,1.0,2
synthetic_map_00191,0.6666666666666666,0.26666666666666666,0.06666666666666667,0.4,-0.6,0.13333333333333333,0.5625,1.0,0.0,0.16010202651169803,1.0,1.0,1.0,1.0,2
synthetic_map_00191,0.6,0.4,0.06666666666666667,0.4,-0.5333333333333333,0.0,0.46875,0.7803774874939524,0.20403091672016585,0.30885290318540126,1.0,1.0,0.0,1.0,1
synthetic_map_00191,0.6,0.4666666666666667,0.06666666666666667,0.4,-0.5333333333333333,-0.06666666666666667,0.4375,0.8937036710697034,0.11280682512881504,0.22148718775375859,1.0,1.0,1.0,1.0,2
synthetic_map_00191,0.4666666666666667,0.4666666666666667,0.06666666666666667,0.4,-0.4,-0.06666666666666667,0.375,0.8137216426763793,0.17595282128342998,0.36722414230690364,0.0,1.0,1.0,1.0,2
synthetic_map_00191,0.4,0.4666666666666667,0.06666666666666667,0.4,-0.3333333333333333,-0.06666666666666667,0.34375,0.923241245838155,0.09991608351226075,0.23854124979345517,1.0,1.0,1.0,1.0,2
synthetic_map_00191,0.26666666666666666,0.6,0.06666666666666667,0.4,-0.2,-0.2,0.21875,0.8267417563626432,0.19998325390263313,0.35857322411306675,1.0,0.0,1.0,1.0,2
synthetic_map_00191,0.2,0.6,0.06666666666666667,0.4,-0.13333333333333333,-0.2,0.1875,0.7586900704499595,0.23942523599885449,0.31863873018298716,0.0,1.0,1.0,1.0,2
synthetic_map_00191,0.13333333333333333,0.6,0.06666666666666667,0.4,-0.06666666666666667,-0.2,0.15625,0.8132846777599471,0.18471897929345887,0.39880713791360434,1.0,1.0,1.0,1.0,0
synthetic_map_00191,0.13333333333333333,0.5333333333333333,0.06666666666666667,0.4,-0.06666666666666667,-0.13333333333333333,0.125,0.7115713152157728,0.2862769359389712,0.4347381714704993,1.0,1.0,0.0,0.0,0
synthetic_map_00191,0.13333333333333333,0.4666666666666667,0.06666666666666667,0.4,-0.06666666666666667,-0.06666666666666667,0.09375,0.6379104532885163,0.34548358189287814,0.432182145166901,1.0,1.0,1.0,0.0,2
synthetic_map_00192,0.26666666666666666,0.4666666666666667,0.6,0.7333333333333333,0.3333333333333333,0.26666666666666666,0.3125,0.9876118338673651,0.0,0.21077294370250788,1.0,1.0,1.0,1.0,1
synthetic_map_00192,0.26666666666666666,0.5333333333333333,0.6,0.7333333333333333,0.3333333333333333,0.2,0.28125,0.9790688211980251,0.0,0.24735323592313924,1.0,1.0,1.0,1.0,1
synthetic_map_00192,0.26666666666666666,0.6,0.6,0.7333333333333333,0.3333333333333333,0.13333333333333333,0.25,0.9480690859798951,0.048280572419089826,0.14390803548153308,1.0,1.0,1.0,1.0,1
synthetic_map_00192,0.26666666666666666,0.6666666666666666,0.6,0.7333333333333333,0.3333333333333333,0.06666666666666667,0.21875,0.7588313213133963,0.25822821500831944,0.42169685244654853,1.0,1.0,1.0,1.0,3
synthetic_map_00192,0.3333333333333333,0.6666666666666666,0.6,0.7333333333333333,0.26666666666666666,0.06666666666666667,0.1875,0.8257055898496575,0.14794843817492614,0.2874772082964123,1.0,0.0,1.0,1.0,3
synthetic_map_00192,0.4,0.6666666666666666,0.6,0.7333333333333333,0.2,0.06666666666666667,0.15625,0.7844039424353212,0.24274645506058842,0.3640767487098212,1.0,1.0,1.0,1.0,1
synthetic_map_00192,0.4,0.7333333333333333,0.6,0.7333333333333333,0.2,0.0,0.125,0.9246233559930224,0.07701310938581905,0.24542224635203494,1.0,1.0,0.0,1.0,3
synthetic_map_00192,0.4666666666666667,0.7333333333333333,0.6,0.7333333333333333,0.13333333333333333,0.0,0.09375,1.0,0.0,0.2017614327056107,1.0,1.0,1.0,1.0,3
synthetic_map_00192,0.5333333333333333,0.7333333333333333,0.6,0.7333333333333333,0.06666666666666667,0.0,0.0625,0.8371617427639816,0.15382047626453987,0.2995680184869316,1.0,1.0,1.0,1.0,3
synthetic_map_00193,0.2,0.6,0.8,1.0,0.6,0.4,0.5,0.6705432373436372,0.31001558521327305,0.4475516181469037,0.0,1.0,1.0,1.0,1
synthetic_map_00193,0.2,0.6666666666666666,0.8,1.0,0.6,0.3333333333333333,0.46875,0.8792422729109465,0.09866136402343433,0.3222370739802647,1.0,1.0,0.0,1.0,1
synthetic_map_00193,0.2,0.7333333333333333,0.8,1.0,0.6,0.26666666666666666,0.4375,0.8925363316189849,0.0809612675164561,0.33441127348091954,1.0,1.0,1.0,1.0,1
synthetic_map_00193,0.2,0.8666666666666667,0.8,1.0,0.6,0.13333333333333333,0.375,1.0,0.007296320062797346,0.2744226782192733,1.0,1.0,1.0,1.0,1
synthetic_map_00193,0.26666666666666666,0.9333333333333333,0.8,1.0,0.5333333333333333,0.06666666666666667,0.3125,0.9037752263003765,0.10550140637223572,0.2471200350918034,1.0,0.0,1.0,1.0,3
synthetic_map_00193,0.3333333333333333,0.9333333333333333,0.8,1.0,0.4666666666666667,0.06666666666666667,0.28125,0.8078735707535496,0.2038105189430249,0.3677073536367287,1.0,1.0,1.0,1.0,3
synthetic_map_00193,0.4,0.9333333333333333,0.8,1.0,0.4,0.06666666666666667,0.25,0.9304355329875261,0.0751815809853995,0.2413213667347677,1.0,0.0,1.0,1.0,3
synthetic_map_00193,0.4666666666666667,0.9333333333333333,0.8,1.0,0.3333333333333333,0.06666666666666667,0.21875,0.7909178068679157,0.1985624323997793,0.31839987043005047,1.0,1.0,1.0,1.0,1
synthetic_map_00193,0.4666666666666667,1.0,0.8,1.0,0.3333333333333333,0.0,0.1875,0.5914838565240017,0.41378145001059097,0.5070333726949388,1.0,0.0,0.0,1.0,3
synthetic_map_00193,0.5333333333333333,1.0,0.8,1.0,0.26666666666666666,0.0,0.15625,0.6334336959719042,0.38095216197808424,0.5010619241830789,1.0,0.0,1.0,1.0,3
synthetic_map_00193,0.6666666666666666,1.0,0.8,1.0,0.13333333333333333,0.0,0.09375,0.6485393633365989,0.3537389262633951,0.4387870712909005,1.0,0.0,1.0,1.0,3
synthetic_map_00193,0.7333333333333333,1.0,0.8,1.0,0.06666666666666667,0.0,0.0625,0.6413684037167575,0.3430998008078285,0.5172904862509767,1.0,0.0,1.0,1.0,3
synthetic_map_00194,0.6666666666666666,0.13333333333333333,0.9333333333333333,0.5333333333333333,0.26666666666666666,0.4,0.59375,0.8648953266103787,0.12309055319113713,0.3055370113522976,1.0,1.0,0.0,1.0,1
synthetic_map_00194,0.6666666666666666,0.26666666666666666,0.9333333333333333,0.5333333333333333,0.26666666666666666,0.26666666666666666,0.53125,0.8585988047697624,0.16084652187855658,0.36051311254647633,1.0,1.0,0.0,1.0,1
synthetic_map_00194,0.6,0.4666666666666667,0.9333333333333333,0.5333333333333333,0.3333333333333333,0.06666666666666667,0.40625,0.7941458917251548,0.22620298208179832,0.34372768478999566,1.0,1.0,0.0,0.0,1
synthetic_map_00194,0.6,0.5333333333333333,0.9333333333333333,0.5333333333333333,0.3333333333333333,0.0,0.375,0.7387200565076626,0.2604942799919281,0.41770276287949515,1.0,1.0,1.0,1.0,3
synthetic_map_00194,0.6666666666666666,0.5333333333333333,0.9333333333333333,0.5333333333333333,0.26666666666666666,0.0,0.34375,0.6413755154229471,0.3595475686109074,0.45951414559625525,0.0,1.0,1.0,0.0,1
synthetic_map_00194,0.6666666666666666,0.6,0.9333333333333333,0.5333333333333333,0.26666666666666666,-0.06666666666666667,0.3125,0.6484365533270955,0.3218103122497449,0.48247560015225616,1.0,1.0,1.0,0.0,1
synthetic_map_00194,0.6666666666666666,0.6666666666666666,0.9333333333333333,0.5333333333333333,0.26666666666666666,-0.13333333333333333,0.28125,0.8366135601426054,0.1870491001309187,0.42465872478395633,1.0,1.0,1.0,0.0,1
synthetic_map_00194,0.6666666666666666,0.7333333333333333,0.9333333333333333,0.5333333333333333,0.26666666666666666,-0.2,0.25,0.659980820699034,0.3332853165016419,0.40608446706008794,1.0,0.0,1.0,1.0,3
synthetic_map_00194,0.8,0.7333333333333333,0.9333333333333333,0.5333333333333333,0.13333333333333333,-0.2,0.1875,0.7167849267326669,0.2541267467133993,0.4503712878697309,1.0,1.0,1.0,1.0,0
synthetic_map_00194,0.8,0.6,0.9333333333333333,0.5333333333333333,0.13333333333333333,-0.06666666666666667,0.125,0.4565099074980024,0.5422882061712043,0.5996177114691276,0.0,1.0,0.0,1.0,3
synthetic_map_00194,0.8666666666666667,0.6,0.9333333333333333,0.5333333333333333,0.06666666666666667,-0.06666666666666667,0.09375,0.7570925415411652,0.22925059605043416,0.3181641442765225,0.0,1.0,1.0,1.0,3
synthetic_map_00194,0.9333333333333333,0.6,0.9333333333333333,0.5333333333333333,0.0,-0.06666666666666667,0.0625,0.804741927479591,0.19578314269488004,0.4173369980308583,1.0,1.0,1.0,1.0,0
synthetic_map_00195,0.9333333333333333,0.6,0.8666666666666667,0.9333333333333333,-0.06666666666666667,0.3333333333333333,0.21875,0.6765441233984938,0.2992689016342076,0.5092934289886148,0.0,0.0,1.0,1.0,2
synthetic_map_00195,0.8666666666666667,0.6,0.8666666666666667,0.9333333333333333,0.0,0.3333333333333333,0.1875,0.6993342918519673,0.3212449062233244,0.4103722269077037,0.0,1.0,1.0,1.0,1
synthetic_map_00195,0.8666666666666667,0.6666666666666666,0.8666666666666667,0.9333333333333333,0.0,0.26666666666666666,0.15625,0.8960046973738917,0.1204590071814699,0.24709121519592317,1.0,1.0,1.0,0.0,1
synthetic_map_00195,0.8666666666666667,0.7333333333333333,0.8666666666666667,0.9333333333333333,0.0,0.2,0.125,0.8762929461123026,0.10248872582934317,0.31895569994444756,1.0,1.0,1.0,1.0,1
synthetic_map_00195,0.8666666666666667,0.8,0.8666666666666667,0.9333333333333333,0.0,0.13333333333333333,0.09375,0.88954819861364,0.09362722200162299,0.22015593336980122,1.0,1.0,1.0,1.0,1
synthetic_map_00195,0.8666666666666667,0.8666666666666667,0.8666666666666667,0.9333333333333333,0.0,0.06666666666666667,0.0625,0.8518725975370264,0.15900089209111445,0.2924102555865503,1.0,1.0,1.0,0.0,1
synthetic_map_00196,0.6,0.9333333333333333,0.6666666666666666,0.8666666666666667,0.06666666666666667,-0.06666666666666667,0.09375,0.8332562699929814,0.18495529510786585,0.4042665151292377,1.0,1.0,1.0,1.0,0
synthetic_map_00196,0.6,0.8666666666666667,0.6666666666666666,0.8666666666666667,0.06666666666666667,0.0,0.0625,0.8936271527069313,0.1279629959741852,0.26959545447007205,1.0,1.0,1.0,1.0,3
synthetic_map_00197,0.7333333333333333,0.4666666666666667,1.0,0.2,0.26666666666666666,-0.26666666666666666,0.28125,0.4475578799848575,0.544029546894351,0.6605968154713601,1.0,0.0,0.0,0.0,0
synthetic_map_00197,0.7333333333333333,0.4,1.0,0.2,0.26666666666666666,-0.2,0.25,0.7052941636353423,0.2676456720873004,0.3010114459675872,1.0,1.0,1.0,1.0,0
synthetic_map_00197,0.7333333333333333,0.3333333333333333,1.0,0.2,0.26666666666666666,-0.13333333333333333,0.21875,0.917375244108215,0.06966913748385481,0.2840226739973578,1.0,1.0,1.0,1.0,0
synthetic_map_00197,0.7333333333333333,0.26666666666666666,1.0,0.2,0.26666666666666666,-0.06666666666666667,0.1875,0.7514358020559317,0.2354764328223501,0.3872093751344227,1.0,1.0,0.0,1.0,3
synthetic_map_00197,0.8,0.26666666666666666,1.0,0.2,0.2,-0.06666666666666667,0.15625,0.9820525761012056,0.030953961236933072,0.2605353385338262,1.0,1.0,1.0,1.0,3
synthetic_map_00197,0.8666666666666667,0.26666666666666666,1.0,0.2,0.13333333333333333,-0.06666666666666667,0.125,0.8515569522249207,0.1562376920023641,0.24309874300488876,1.0,1.0,1.0,1.0,3
synthetic_map_00197,0.9333333333333333,0.26666666666666666,1.0,0.2,0.06666666666666667,-0.06666666666666667,0.09375,0.8449013281643061,0.12736765824909765,0.2606872483711971,0.0,1.0,1.0,1.0,3
synthetic_map_00197,1.0,0.26666666666666666,1.0,0.2,0.0,-0.06666666666666667,0.0625,0.6167086675571782,0.40890016746318636,0.565094596104557,1.0,1.0,1.0,0.0,0
synthetic_map_00198,0.0,0.4,0.4,0.5333333333333333,0.4,0.13333333333333333,0.40625,0.49383083741748207,0.5276801694155999,0.6189214464170001,1.0,0.0,0.0,0.0,0
synthetic_map_00198,0.0,0.3333333333333333,0.4,0.5333333333333333,0.4,0.2,0.375,0.5911575879218803,0.4312737195583938,0.5214206268082441,1.0,1.0,0.0,1.0,3
synthetic_map_00198,0.06666666666666667,0.3333333333333333,0.4,0.5333333333333333,0.3333333333333333,0.2,0.34375,0.825899847044866,0.20399845159509056,0.32713254530643215,1.0,0.0,1.0,1.0,3
synthetic_map_00198,0.13333333333333333,0.3333333333333333,0.4,0.5333333333333333,0.26666666666666666,0.2,0.3125,0.689612942302721,0.33756418484485834,0.4804676060879815,1.0,0.0,1.0,0.0,0
synthetic_map_00198,0.13333333333333333,0.26666666666666666,0.4,0.5333333333333333,0.26666666666666666,0.26666666666666666,0.28125,0.6918930191367727,0.29364652331008684,0.395829025645563,0.0,1.0,1.0,1.0,3
synthetic_map_00198,0.2,0.26666666666666666,0.4,0.5333333333333333,0.2,0.26666666666666666,0.25,0.8033183254473584,0.21319533348957942,0.45663083755717343,1.0,0.0,1.0,1.0,3
synthetic_map_00198,0.26666666666666666,0.26666666666666666,0.4,0.5333333333333333,0.13333333333333333,0.26666666666666666,0.21875,0.8915365108371875,0.09702884260302039,0.301079301953808,1.0,1.0,1.0,1.0,1
synthetic_map_00198,0.26666666666666666,0.3333333333333333,0.4,0.5333333333333333,0.13333333333333333,0.2,0.1875,0.9316756091156236,0.07591086020978713,0.28406220859344,1.0,1.0,0.0,1.0,1
synthetic_map_00198,0.26666666666666666,0.4,0.4,0.5333333333333333,0.13333333333333333,0.13333333333333333,0.15625,0.708945576662655,0.27009488687197974,0.3078548495987691,1.0,1.0,1.0,1.0,1
synthetic_map_00198,0.26666666666666666,0.4666666666666667,0.4,0.5333333333333333,0.13333333333333333,0.06666666666666667,0.125,0.7741257654659939,0.2309172691472162,0.3704647004431755,1.0,1.0,0.0,1.0,1
synthetic_map_00198,0.26666666666666666,0.5333333333333333,0.4,0.5333333333333333,0.13333333333333333,0.0,0.09375,0.6845050785931707,0.286486482363753,0.4977319538984737,1.0,0.0,0.0,1.0,3
synthetic_map_00198,0.3333333333333333,0.5333333333333333,0.4,0.5333333333333333,0.06666666666666667,0.0,0.0625,0.8510778953246222,0.14505462483988174,0.3187252161458549,1.0,1.0,1.0,1.0,3
synthetic_map_00199,0.0,0.7333333333333333,0.4666666666666667,0.8666666666666667,0.4666666666666667,0.13333333333333333,0.375,0.5452483662760388,0.47100616562383385,0.4761834882236198,1.0,1.0,0.0,1.0,1
synthetic_map_00199,0.0,0.8,0.4666666666666667,0.8666666666666667,0.4666666666666667,0.06666666666666667,0.34375,0.5331334461627333,0.47493165620638284,0.5033363040190376,1.0,1.0,0.0,0.0,1
synthetic_map_00199,0.0,0.8666666666666667,0.4666666666666667,0.8666666666666667,0.4666666666666667,0.0,0.3125,0.6164731992035675,0.39529746610496364,0.5335303736728042,1.0,1.0,0.0,1.0,3
synthetic_map_00199,0.06666666666666667,0.8666666666666667,0.4666666666666667,0.8666666666666667,0.4,0.0,0.28125,0.811095742809925,0.1776712154692252,0.390386228396606,0.0,1.0,1.0,0.0,1
synthetic_map_00199,0.06666666666666667,0.9333333333333333,0.4666666666666667,0.8666666666666667,0.4,-0.06666666666666667,0.25,0.8310683011745656,0.15750606117668114,0.35063278378555346,1.0,1.0,1.0,1.0,3
synthetic_map_00199,0.13333333333333333,0.9333333333333333,0.4666666666666667,0.8666666666666667,0.3333333333333333,-0.06666666666666667,0.21875,0.7303835997390123,0.27094826612791933,0.4474665344459998,0.0,1.0,1.0,1.0,3
synthetic_map_00199,0.2,0.9333333333333333,0.4666666666666667,0.8666666666666667,0.26666666666666666,-0.06666666666666667,0.1875,0.7678107035854261,0.21900577434608703,0.4249341331338067,1.0,0.0,1.0,1.0,3
synthetic_map_00199,0.26666666666666666,0.9333333333333333,0.4666666666666667,0.8666666666666667,0.2,-0.06666666666666667,0.15625,0.8698244649342473,0.1345037361183374,0.21121205728556436,1.0,1.0,1.0,1.0,3
synthetic_map_00199,0.3333333333333333,0.9333333333333333,0.4666666666666667,0.8666666666666667,0.13333333333333333,-0.06666666666666667,0.125,0.8295269002599324,0.15588474434447333,0.28122410641845996,1.0,1.0,1.0,1.0,3
synthetic_map_00199,0.4,0.9333333333333333,0.4666666666666667,0.8666666666666667,0.06666666666666667,-0.06666666666666667,0.09375,0.9393340496846443,0.0873465866121439,0.21657907059069453,0.0,1.0,1.0,1.0,3
synthetic_map_00199,0.4666666666666667,0.9333333333333333,0.4666666666666667,0.8666666666666667,0.0,-0.06666666666666667,0.0625,0.9111737804256896,0.10632985408724281,0.3342313355054892,1.0,1.0,1.0,1.0,0
